{
  "type": "FeatureCollection",
  "features": [
    {
      "type": "Feature",
      "geometry": {
        "type": "LineString",
        "coordinates": [
          [
            116.2955288,
            39.9738838
          ],
          [
            116.2954159,
            39.9747071
          ],
          [
            116.2948356,
            39.9810747
          ],
          [
            116.2946873,
            39.9826867
          ],
          [
            116.2943473,
            39.984886
          ],
          [
            116.2939732,
            39.9875449
          ],
          [
            116.2939172,
            39.987831
          ],
          [
            116.2938557,
            39.9881545
          ],
          [
            116.2937835,
            39.9885675
          ],
          [
            116.2936904,
            39.9892389
          ],
          [
            116.2933748,
            39.991218
          ],
          [
            116.293382,
            39.9913889
          ],
          [
            116.2934092,
            39.9915257
          ],
          [
            116.2943406,
            39.993356
          ],
          [
            116.2943807,
            39.9935129
          ],
          [
            116.2943955,
            39.9937197
          ],
          [
            116.2944139,
            39.9947292
          ],
          [
            116.2944571,
            39.995538
          ],
          [
            116.2944904,
            39.9956342
          ],
          [
            116.2945525,
            39.9957305
          ],
          [
            116.2946482,
            39.9958018
          ],
          [
            116.2947835,
            39.9958288
          ],
          [
            116.2985755,
            39.9959614
          ],
          [
            116.2994491,
            39.9961476
          ],
          [
            116.3006477,
            39.9962193
          ],
          [
            116.3010688,
            39.9963237
          ],
          [
            116.3011016,
            39.9963439
          ],
          [
            116.3014266,
            39.9965437
          ],
          [
            116.3021204,
            39.9972378
          ],
          [
            116.3023862,
            39.9974754
          ],
          [
            116.3028304,
            39.9977244
          ],
          [
            116.3030787,
            39.9978176
          ],
          [
            116.3033055,
            39.9978759
          ],
          [
            116.3049521,
            39.9982471
          ],
          [
            116.3052945,
            39.9983265
          ],
          [
            116.3055353,
            39.9983544
          ],
          [
            116.3064045,
            39.9984008
          ],
          [
            116.3075642,
            39.9984364
          ],
          [
            116.3086647,
            39.9983981
          ],
          [
            116.3093632,
            39.9983506
          ],
          [
            116.3099754,
            39.9983701
          ],
          [
            116.3110683,
            39.9984049
          ],
          [
            116.3112371,
            39.9984151
          ],
          [
            116.3113221,
            39.9984578
          ],
          [
            116.3113947,
            39.9985122
          ],
          [
            116.3114858,
            39.9986832
          ],
          [
            116.3115058,
            39.9988404
          ],
          [
            116.3113095,
            40.0002598
          ],
          [
            116.3112804,
            40.0005482
          ],
          [
            116.3113047,
            40.0006427
          ],
          [
            116.3113737,
            40.0007299
          ],
          [
            116.3113993,
            40.0007922
          ],
          [
            116.3114318,
            40.0008711
          ],
          [
            116.3114394,
            40.001053
          ],
          [
            116.3114178,
            40.0017327
          ],
          [
            116.3114861,
            40.0019054
          ],
          [
            116.3115946,
            40.0019955
          ],
          [
            116.3117113,
            40.0020603
          ],
          [
            116.3118378,
            40.0020958
          ],
          [
            116.3123876,
            40.0021488
          ],
          [
            116.3127095,
            40.0021881
          ],
          [
            116.3130686,
            40.0022716
          ],
          [
            116.3133398,
            40.0023184
          ],
          [
            116.3136797,
            40.0023389
          ],
          [
            116.3139873,
            40.0023416
          ],
          [
            116.3141876,
            40.002327
          ],
          [
            116.3144418,
            40.0023613
          ],
          [
            116.3159192,
            40.0026159
          ],
          [
            116.3161255,
            40.0026439
          ],
          [
            116.3172555,
            40.0027229
          ],
          [
            116.3184102,
            40.0027688
          ],
          [
            116.3197647,
            40.0028142
          ],
          [
            116.3200258,
            40.0028471
          ],
          [
            116.3202205,
            40.0029552
          ],
          [
            116.320368,
            40.003175
          ],
          [
            116.3204661,
            40.0034013
          ],
          [
            116.3205359,
            40.003573
          ],
          [
            116.3205774,
            40.0037886
          ],
          [
            116.3205352,
            40.0040267
          ],
          [
            116.3204232,
            40.0044532
          ],
          [
            116.3203642,
            40.0047018
          ],
          [
            116.3203414,
            40.0050511
          ],
          [
            116.3202006,
            40.0053439
          ],
          [
            116.3200452,
            40.0055152
          ],
          [
            116.3195373,
            40.0061479
          ],
          [
            116.3191947,
            40.0065858
          ],
          [
            116.3190803,
            40.0066768
          ],
          [
            116.318936,
            40.0067709
          ],
          [
            116.3187291,
            40.0068722
          ],
          [
            116.318584,
            40.0069566
          ],
          [
            116.3185105,
            40.0070326
          ],
          [
            116.3184683,
            40.0071054
          ],
          [
            116.3184446,
            40.0071853
          ],
          [
            116.318428,
            40.0078623
          ],
          [
            116.318434,
            40.0080294
          ],
          [
            116.3184197,
            40.0085046
          ],
          [
            116.3183686,
            40.0090864
          ],
          [
            116.3183837,
            40.0091602
          ],
          [
            116.3184531,
            40.0093245
          ],
          [
            116.3185009,
            40.0094106
          ],
          [
            116.3185718,
            40.0094984
          ],
          [
            116.3187992,
            40.0097069
          ],
          [
            116.3191992,
            40.0100744
          ],
          [
            116.3194867,
            40.0103444
          ],
          [
            116.3199826,
            40.0108696
          ],
          [
            116.3201307,
            40.0110248
          ],
          [
            116.3202107,
            40.0111378
          ],
          [
            116.3203513,
            40.0115078
          ],
          [
            116.3205227,
            40.0118527
          ],
          [
            116.3207067,
            40.0122157
          ],
          [
            116.3208442,
            40.0124754
          ],
          [
            116.3209138,
            40.0126031
          ],
          [
            116.3211786,
            40.0134686
          ],
          [
            116.3211887,
            40.0141527
          ],
          [
            116.3211394,
            40.0157727
          ],
          [
            116.321654,
            40.0162827
          ],
          [
            116.3217373,
            40.0166524
          ],
          [
            116.3220467,
            40.0181198
          ],
          [
            116.3224051,
            40.0198199
          ],
          [
            116.3228126,
            40.0206691
          ]
        ]
      },
      "properties": {
        "kind": "osm",
        "layer": "water_landuse",
        "osm_type": "way",
        "osm_id": 23426825,
        "name": "万泉河",
        "source": "OpenStreetMap via Overpass API",
        "geometry_type": "LineString",
        "waterway": "canal"
      }
    },
    {
      "type": "Feature",
      "geometry": {
        "type": "Polygon",
        "coordinates": [
          [
            [
              116.2816412,
              40.0119641
            ],
            [
              116.2927305,
              40.0128648
            ],
            [
              116.3026697,
              40.0136207
            ],
            [
              116.3029443,
              40.0123257
            ],
            [
              116.305588,
              40.0125533
            ],
            [
              116.3055596,
              40.0128018
            ],
            [
              116.3069396,
              40.0129242
            ],
            [
              116.3069928,
              40.0126852
            ],
            [
              116.3117248,
              40.0130817
            ],
            [
              116.3119459,
              40.0113507
            ],
            [
              116.3126654,
              40.0057173
            ],
            [
              116.3126069,
              40.005545
            ],
            [
              116.3124873,
              40.0053937
            ],
            [
              116.3123215,
              40.005281
            ],
            [
              116.311996,
              40.0051921
            ],
            [
              116.3097454,
              40.0051548
            ],
            [
              116.3072629,
              40.0049228
            ],
            [
              116.3072468,
              40.0051376
            ],
            [
              116.3068925,
              40.005127
            ],
            [
              116.3069747,
              40.0048279
            ],
            [
              116.3073466,
              40.0047136
            ],
            [
              116.3074427,
              40.0031243
            ],
            [
              116.3076022,
              40.0026935
            ],
            [
              116.3083167,
              40.0004025
            ],
            [
              116.3071281,
              40.0002864
            ],
            [
              116.3075022,
              39.9992732
            ],
            [
              116.3075427,
              39.9991178
            ],
            [
              116.3073372,
              39.9990827
            ],
            [
              116.3072869,
              39.9992264
            ],
            [
              116.3070555,
              39.9991851
            ],
            [
              116.3069887,
              39.9993967
            ],
            [
              116.3068058,
              39.9993613
            ],
            [
              116.3067896,
              39.9993994
            ],
            [
              116.306561,
              39.999353
            ],
            [
              116.3064403,
              39.9993288
            ],
            [
              116.3063207,
              39.9993029
            ],
            [
              116.306091,
              39.9992529
            ],
            [
              116.3061055,
              39.9992015
            ],
            [
              116.305928,
              39.999164
            ],
            [
              116.3059801,
              39.9989825
            ],
            [
              116.3058175,
              39.9989487
            ],
            [
              116.3058422,
              39.9988827
            ],
            [
              116.3057219,
              39.9988566
            ],
            [
              116.3041355,
              39.99862
            ],
            [
              116.3040742,
              39.9985465
            ],
            [
              116.3038605,
              39.9986275
            ],
            [
              116.3034946,
              39.9985825
            ],
            [
              116.3031193,
              39.9985363
            ],
            [
              116.3025893,
              39.9982956
            ],
            [
              116.3018222,
              39.997746
            ],
            [
              116.301051,
              39.9970006
            ],
            [
              116.300757,
              39.9968245
            ],
            [
              116.3003763,
              39.9966817
            ],
            [
              116.2982846,
              39.9965414
            ],
            [
              116.2981573,
              39.9966778
            ],
            [
              116.2980475,
              39.9968489
            ],
            [
              116.297957,
              39.9969893
            ],
            [
              116.2978668,
              39.9980408
            ],
            [
              116.297815,
              39.9985866
            ],
            [
              116.2980001,
              39.9985902
            ],
            [
              116.2979814,
              39.9991518
            ],
            [
              116.2989183,
              39.999236
            ],
            [
              116.2991604,
              39.9994591
            ],
            [
              116.2995328,
              39.999504
            ],
            [
              116.2999689,
              39.9998477
            ],
            [
              116.3000409,
              39.9998918
            ],
            [
              116.3000912,
              39.9999304
            ],
            [
              116.3001243,
              39.9999862
            ],
            [
              116.3001965,
              40.0001078
            ],
            [
              116.3002511,
              40.00024
            ],
            [
              116.3002899,
              40.0003011
            ],
            [
              116.3003375,
              40.0003454
            ],
            [
              116.300406,
              40.000395
            ],
            [
              116.3004667,
              40.0004238
            ],
            [
              116.3005058,
              40.0004512
            ],
            [
              116.3005648,
              40.0005313
            ],
            [
              116.300287,
              40.002892
            ],
            [
              116.3008438,
              40.0029376
            ],
            [
              116.3008159,
              40.0031381
            ],
            [
              116.300805,
              40.0032561
            ],
            [
              116.3006792,
              40.0037877
            ],
            [
              116.3004426,
              40.0037653
            ],
            [
              116.3002895,
              40.0046954
            ],
            [
              116.2994102,
              40.0046105
            ],
            [
              116.2993369,
              40.0045954
            ],
            [
              116.2983991,
              40.0045143
            ],
            [
              116.2979458,
              40.0044741
            ],
            [
              116.2975085,
              40.0044359
            ],
            [
              116.2973126,
              40.0044206
            ],
            [
              116.2952371,
              40.0042064
            ],
            [
              116.2953103,
              40.0036605
            ],
            [
              116.2953259,
              40.0033649
            ],
            [
              116.2954128,
              40.0028976
            ],
            [
              116.2955617,
              40.0023402
            ],
            [
              116.2956225,
              40.0019471
            ],
            [
              116.2954415,
              40.0019157
            ],
            [
              116.2954593,
              40.0018401
            ],
            [
              116.2946789,
              40.0017447
            ],
            [
              116.2946512,
              40.0018522
            ],
            [
              116.2862491,
              40.0011141
            ],
            [
              116.2832936,
              40.0008545
            ],
            [
              116.2816412,
              40.0119641
            ]
          ]
        ]
      },
      "properties": {
        "kind": "osm",
        "layer": "water_landuse",
        "osm_type": "way",
        "osm_id": 24827108,
        "name": "圆明园遗址公园",
        "source": "OpenStreetMap via Overpass API",
        "geometry_type": "Polygon",
        "leisure": "park"
      }
    },
    {
      "type": "Feature",
      "geometry": {
        "type": "Polygon",
        "coordinates": [
          [
            [
              116.3017116,
              39.9911329
            ],
            [
              116.301715,
              39.9910543
            ],
            [
              116.301774,
              39.9896805
            ],
            [
              116.3024467,
              39.9896949
            ],
            [
              116.3023912,
              39.9911498
            ],
            [
              116.3017116,
              39.9911329
            ]
          ]
        ]
      },
      "properties": {
        "kind": "osm",
        "layer": "water_landuse",
        "osm_type": "way",
        "osm_id": 226703004,
        "name": "静园",
        "source": "OpenStreetMap via Overpass API",
        "geometry_type": "Polygon",
        "landuse": "grass"
      }
    },
    {
      "type": "Feature",
      "geometry": {
        "type": "Polygon",
        "coordinates": [
          [
            [
              116.3081291,
              39.9890265
            ],
            [
              116.3081401,
              39.9888776
            ],
            [
              116.3086472,
              39.9888996
            ],
            [
              116.3086362,
              39.9890484
            ],
            [
              116.3081291,
              39.9890265
            ]
          ]
        ]
      },
      "properties": {
        "kind": "osm",
        "layer": "water_landuse",
        "osm_type": "way",
        "osm_id": 240832259,
        "name": "",
        "source": "OpenStreetMap via Overpass API",
        "geometry_type": "Polygon",
        "leisure": "garden"
      }
    },
    {
      "type": "Feature",
      "geometry": {
        "type": "Polygon",
        "coordinates": [
          [
            [
              116.3089136,
              39.9897862
            ],
            [
              116.308956,
              39.9892502
            ],
            [
              116.3090424,
              39.9892542
            ],
            [
              116.3091332,
              39.9893882
            ],
            [
              116.309108,
              39.9897746
            ],
            [
              116.3090818,
              39.989794
            ],
            [
              116.3089136,
              39.9897862
            ]
          ]
        ]
      },
      "properties": {
        "kind": "osm",
        "layer": "water_landuse",
        "osm_type": "way",
        "osm_id": 240832260,
        "name": "",
        "source": "OpenStreetMap via Overpass API",
        "geometry_type": "Polygon",
        "leisure": "garden"
      }
    },
    {
      "type": "Feature",
      "geometry": {
        "type": "Polygon",
        "coordinates": [
          [
            [
              116.3138372,
              39.9914086
            ],
            [
              116.3138426,
              39.9913169
            ],
            [
              116.3141514,
              39.9913276
            ],
            [
              116.314146,
              39.9914193
            ],
            [
              116.3138372,
              39.9914086
            ]
          ]
        ]
      },
      "properties": {
        "kind": "osm",
        "layer": "water_landuse",
        "osm_type": "way",
        "osm_id": 392552193,
        "name": "",
        "source": "OpenStreetMap via Overpass API",
        "geometry_type": "Polygon",
        "landuse": "meadow"
      }
    },
    {
      "type": "Feature",
      "geometry": {
        "type": "Polygon",
        "coordinates": [
          [
            [
              116.3125194,
              39.9946885
            ],
            [
              116.3125148,
              39.9948138
            ],
            [
              116.31286,
              39.9948347
            ],
            [
              116.3128328,
              39.9947512
            ],
            [
              116.3127011,
              39.9947581
            ],
            [
              116.3125194,
              39.9946885
            ]
          ]
        ]
      },
      "properties": {
        "kind": "osm",
        "layer": "water_landuse",
        "osm_type": "way",
        "osm_id": 392563306,
        "name": "",
        "source": "OpenStreetMap via Overpass API",
        "geometry_type": "Polygon",
        "landuse": "grass"
      }
    },
    {
      "type": "Feature",
      "geometry": {
        "type": "Polygon",
        "coordinates": [
          [
            [
              116.3130379,
              39.9944725
            ],
            [
              116.3130487,
              39.9942986
            ],
            [
              116.3134593,
              39.9943135
            ],
            [
              116.3130379,
              39.9944725
            ]
          ]
        ]
      },
      "properties": {
        "kind": "osm",
        "layer": "water_landuse",
        "osm_type": "way",
        "osm_id": 392563311,
        "name": "",
        "source": "OpenStreetMap via Overpass API",
        "geometry_type": "Polygon",
        "landuse": "grass"
      }
    },
    {
      "type": "Feature",
      "geometry": {
        "type": "Polygon",
        "coordinates": [
          [
            [
              116.3123513,
              39.9945841
            ],
            [
              116.3123604,
              39.994337
            ],
            [
              116.312751,
              39.994344
            ],
            [
              116.3127474,
              39.9944208
            ],
            [
              116.31274,
              39.9945449
            ],
            [
              116.3127374,
              39.9945772
            ],
            [
              116.3129145,
              39.9945667
            ],
            [
              116.3127821,
              39.9946247
            ],
            [
              116.3123513,
              39.9945841
            ]
          ]
        ]
      },
      "properties": {
        "kind": "osm",
        "layer": "water_landuse",
        "osm_type": "way",
        "osm_id": 392563312,
        "name": "",
        "source": "OpenStreetMap via Overpass API",
        "geometry_type": "Polygon",
        "landuse": "grass"
      }
    },
    {
      "type": "Feature",
      "geometry": {
        "type": "Polygon",
        "coordinates": [
          [
            [
              116.3108932,
              39.9945772
            ],
            [
              116.3109023,
              39.9943927
            ],
            [
              116.3112066,
              39.9943892
            ],
            [
              116.3111794,
              39.9945911
            ],
            [
              116.3108932,
              39.9945772
            ]
          ]
        ]
      },
      "properties": {
        "kind": "osm",
        "layer": "water_landuse",
        "osm_type": "way",
        "osm_id": 392563321,
        "name": "",
        "source": "OpenStreetMap via Overpass API",
        "geometry_type": "Polygon",
        "landuse": "meadow"
      }
    },
    {
      "type": "Feature",
      "geometry": {
        "type": "Polygon",
        "coordinates": [
          [
            [
              116.3013717,
              39.9891962
            ],
            [
              116.3017163,
              39.9892057
            ],
            [
              116.3035106,
              39.9892369
            ],
            [
              116.3035145,
              39.9893184
            ],
            [
              116.3036078,
              39.9893186
            ],
            [
              116.3036882,
              39.9892515
            ],
            [
              116.3038322,
              39.9891577
            ],
            [
              116.3038448,
              39.9890035
            ],
            [
              116.3038852,
              39.9882545
            ],
            [
              116.3036467,
              39.9880934
            ],
            [
              116.3036615,
              39.9875931
            ],
            [
              116.3024653,
              39.9875562
            ],
            [
              116.3023737,
              39.987554
            ],
            [
              116.3021286,
              39.9875481
            ],
            [
              116.3018841,
              39.9875422
            ],
            [
              116.3016932,
              39.9875476
            ],
            [
              116.3015945,
              39.9875491
            ],
            [
              116.3015985,
              39.9876031
            ],
            [
              116.3016027,
              39.9877177
            ],
            [
              116.3014487,
              39.9877174
            ],
            [
              116.3014611,
              39.987819
            ],
            [
              116.3014561,
              39.9882455
            ],
            [
              116.3017826,
              39.9882582
            ],
            [
              116.3017673,
              39.988706
            ],
            [
              116.3013923,
              39.9886975
            ],
            [
              116.3013717,
              39.9891962
            ]
          ]
        ]
      },
      "properties": {
        "kind": "osm",
        "layer": "water_landuse",
        "osm_type": "way",
        "osm_id": 531129099,
        "name": "燕南园",
        "source": "OpenStreetMap via Overpass API",
        "geometry_type": "Polygon",
        "leisure": "garden"
      }
    },
    {
      "type": "Feature",
      "geometry": {
        "type": "Polygon",
        "coordinates": [
          [
            [
              116.3009127,
              39.9956629
            ],
            [
              116.3009854,
              39.9956429
            ],
            [
              116.3010051,
              39.9955449
            ],
            [
              116.3010311,
              39.995389
            ],
            [
              116.3010327,
              39.9953205
            ],
            [
              116.3010268,
              39.9952838
            ],
            [
              116.3009869,
              39.9952764
            ],
            [
              116.3009506,
              39.9952589
            ],
            [
              116.3009401,
              39.9952169
            ],
            [
              116.3009369,
              39.9951756
            ],
            [
              116.3009442,
              39.9951462
            ],
            [
              116.300987,
              39.995122
            ],
            [
              116.3009848,
              39.9950787
            ],
            [
              116.300971,
              39.9950524
            ],
            [
              116.3009208,
              39.9950541
            ],
            [
              116.3008634,
              39.9950633
            ],
            [
              116.3007617,
              39.9950515
            ],
            [
              116.300657,
              39.9950681
            ],
            [
              116.3005299,
              39.9951113
            ],
            [
              116.3005182,
              39.9951877
            ],
            [
              116.3005245,
              39.9952309
            ],
            [
              116.3005796,
              39.9952684
            ],
            [
              116.3005923,
              39.9952994
            ],
            [
              116.3005926,
              39.9954231
            ],
            [
              116.3005696,
              39.9954829
            ],
            [
              116.3005732,
              39.995511
            ],
            [
              116.3005204,
              39.9955138
            ],
            [
              116.300524,
              39.9955799
            ],
            [
              116.3005623,
              39.9956171
            ],
            [
              116.3006293,
              39.9956464
            ],
            [
              116.3006715,
              39.9956617
            ],
            [
              116.3007648,
              39.9956629
            ],
            [
              116.3009127,
              39.9956629
            ]
          ]
        ]
      },
      "properties": {
        "kind": "osm",
        "layer": "water_landuse",
        "osm_type": "way",
        "osm_id": 679485576,
        "name": "红湖",
        "source": "OpenStreetMap via Overpass API",
        "geometry_type": "Polygon",
        "natural": "water",
        "water": "pond"
      }
    },
    {
      "type": "Feature",
      "geometry": {
        "type": "Polygon",
        "coordinates": [
          [
            [
              116.3035094,
              39.993043
            ],
            [
              116.3033537,
              39.9931067
            ],
            [
              116.3031629,
              39.9931869
            ],
            [
              116.3030625,
              39.9931745
            ],
            [
              116.3029589,
              39.993304
            ],
            [
              116.3028302,
              39.9935341
            ],
            [
              116.3028682,
              39.9936397
            ],
            [
              116.3029329,
              39.993667
            ],
            [
              116.3029346,
              39.9937117
            ],
            [
              116.3029993,
              39.9937303
            ],
            [
              116.3030104,
              39.9937511
            ],
            [
              116.3029854,
              39.9937695
            ],
            [
              116.3028161,
              39.9937587
            ],
            [
              116.3027322,
              39.9937508
            ],
            [
              116.3026672,
              39.9937482
            ],
            [
              116.3025905,
              39.9936942
            ],
            [
              116.3025176,
              39.9936193
            ],
            [
              116.3024288,
              39.9936053
            ],
            [
              116.3023751,
              39.9936007
            ],
            [
              116.3023452,
              39.9935697
            ],
            [
              116.302344,
              39.9935365
            ],
            [
              116.3023882,
              39.9935032
            ],
            [
              116.3024828,
              39.9934425
            ],
            [
              116.3024896,
              39.9933775
            ],
            [
              116.3024472,
              39.9933222
            ],
            [
              116.3023549,
              39.9933023
            ],
            [
              116.302146,
              39.9933631
            ],
            [
              116.3018332,
              39.9934889
            ],
            [
              116.3013727,
              39.9937049
            ],
            [
              116.3011763,
              39.9937128
            ],
            [
              116.3009637,
              39.9937071
            ],
            [
              116.3009466,
              39.9936881
            ],
            [
              116.3009591,
              39.9936665
            ],
            [
              116.3012787,
              39.9936641
            ],
            [
              116.3014572,
              39.9935969
            ],
            [
              116.3016703,
              39.9934361
            ],
            [
              116.3019178,
              39.9933113
            ],
            [
              116.3022794,
              39.9932277
            ],
            [
              116.302224,
              39.9930774
            ],
            [
              116.3023058,
              39.9929656
            ],
            [
              116.3025791,
              39.9928676
            ],
            [
              116.3028988,
              39.9927253
            ],
            [
              116.3030987,
              39.9926724
            ],
            [
              116.3034079,
              39.9926241
            ],
            [
              116.3034224,
              39.9924909
            ],
            [
              116.3034271,
              39.9922345
            ],
            [
              116.3034,
              39.9922064
            ],
            [
              116.303374,
              39.9921732
            ],
            [
              116.3033799,
              39.9921488
            ],
            [
              116.3034061,
              39.99211
            ],
            [
              116.303444,
              39.9920656
            ],
            [
              116.3035205,
              39.9920327
            ],
            [
              116.3036092,
              39.9920211
            ],
            [
              116.3037169,
              39.9920249
            ],
            [
              116.3038013,
              39.9920264
            ],
            [
              116.3039008,
              39.9920442
            ],
            [
              116.3039694,
              39.9920627
            ],
            [
              116.3039929,
              39.9920863
            ],
            [
              116.3039935,
              39.9921227
            ],
            [
              116.3039795,
              39.9921794
            ],
            [
              116.3039461,
              39.9922172
            ],
            [
              116.3039113,
              39.9922416
            ],
            [
              116.3038672,
              39.9922572
            ],
            [
              116.3038189,
              39.992272
            ],
            [
              116.3037684,
              39.992281
            ],
            [
              116.3037073,
              39.9922861
            ],
            [
              116.3036392,
              39.9922819
            ],
            [
              116.3035199,
              39.9926365
            ],
            [
              116.3035856,
              39.992657
            ],
            [
              116.304006,
              39.9928305
            ],
            [
              116.3041462,
              39.9928741
            ],
            [
              116.3041786,
              39.9928947
            ],
            [
              116.3041947,
              39.992916
            ],
            [
              116.304192,
              39.9929347
            ],
            [
              116.3042026,
              39.9929499
            ],
            [
              116.304224,
              39.9929587
            ],
            [
              116.304252,
              39.9929625
            ],
            [
              116.3042815,
              39.9929635
            ],
            [
              116.3043119,
              39.992954
            ],
            [
              116.3043323,
              39.9929388
            ],
            [
              116.3043484,
              39.9929167
            ],
            [
              116.3043622,
              39.9929039
            ],
            [
              116.3043948,
              39.9928963
            ],
            [
              116.3044234,
              39.9928874
            ],
            [
              116.3044584,
              39.992873
            ],
            [
              116.3044883,
              39.9928498
            ],
            [
              116.3045132,
              39.9928145
            ],
            [
              116.3045457,
              39.9927768
            ],
            [
              116.3045865,
              39.9927381
            ],
            [
              116.3046217,
              39.9927065
            ],
            [
              116.3046504,
              39.9926781
            ],
            [
              116.304697,
              39.9926603
            ],
            [
              116.3047416,
              39.992651
            ],
            [
              116.3047989,
              39.9926503
            ],
            [
              116.3048613,
              39.9926585
            ],
            [
              116.3049132,
              39.9926647
            ],
            [
              116.3049939,
              39.9926612
            ],
            [
              116.305063,
              39.992653
            ],
            [
              116.3051162,
              39.9926483
            ],
            [
              116.3051566,
              39.9926591
            ],
            [
              116.3052043,
              39.9926848
            ],
            [
              116.3052487,
              39.9927203
            ],
            [
              116.3052816,
              39.9927866
            ],
            [
              116.305293,
              39.9928397
            ],
            [
              116.3053036,
              39.9930063
            ],
            [
              116.3052607,
              39.9934913
            ],
            [
              116.3051991,
              39.993659
            ],
            [
              116.3048723,
              39.9940765
            ],
            [
              116.3048394,
              39.9941246
            ],
            [
              116.304847,
              39.9941673
            ],
            [
              116.3048661,
              39.994201
            ],
            [
              116.3049176,
              39.9942395
            ],
            [
              116.3049891,
              39.9942672
            ],
            [
              116.3050553,
              39.9942851
            ],
            [
              116.3050529,
              39.9943213
            ],
            [
              116.3050228,
              39.9943336
            ],
            [
              116.3049646,
              39.9943475
            ],
            [
              116.3049366,
              39.9943491
            ],
            [
              116.3048765,
              39.9943021
            ],
            [
              116.3048379,
              39.9942763
            ],
            [
              116.3047955,
              39.9942257
            ],
            [
              116.3046196,
              39.9942187
            ],
            [
              116.3037314,
              39.9942048
            ],
            [
              116.3033451,
              39.9941588
            ],
            [
              116.3031927,
              39.9941078
            ],
            [
              116.3031176,
              39.9940338
            ],
            [
              116.3031337,
              39.9937543
            ],
            [
              116.30319,
              39.9936783
            ],
            [
              116.3032705,
              39.9936516
            ],
            [
              116.3033885,
              39.9936742
            ],
            [
              116.3034673,
              39.993739
            ],
            [
              116.3035132,
              39.9937471
            ],
            [
              116.303599,
              39.9937379
            ],
            [
              116.303658,
              39.9937297
            ],
            [
              116.3037144,
              39.9937369
            ],
            [
              116.3037559,
              39.993781
            ],
            [
              116.3037993,
              39.9938234
            ],
            [
              116.3038538,
              39.9938375
            ],
            [
              116.3038954,
              39.9938221
            ],
            [
              116.3039008,
              39.9937913
            ],
            [
              116.3039008,
              39.9937081
            ],
            [
              116.3038485,
              39.9936331
            ],
            [
              116.3038268,
              39.993574
            ],
            [
              116.3038236,
              39.9932887
            ],
            [
              116.303775,
              39.9931212
            ],
            [
              116.3036541,
              39.9930672
            ],
            [
              116.3035094,
              39.993043
            ]
          ]
        ]
      },
      "properties": {
        "kind": "osm",
        "layer": "water_landuse",
        "osm_type": "way",
        "osm_id": 838526031,
        "name": "未名湖",
        "source": "OpenStreetMap via Overpass API",
        "geometry_type": "Polygon",
        "natural": "water",
        "water": "lake"
      }
    },
    {
      "type": "Feature",
      "geometry": {
        "type": "Polygon",
        "coordinates": [
          [
            [
              116.3018912,
              39.9960104
            ],
            [
              116.3018625,
              39.9959976
            ],
            [
              116.301841,
              39.9959701
            ],
            [
              116.3018266,
              39.9959096
            ],
            [
              116.3018099,
              39.99584
            ],
            [
              116.3018099,
              39.9957942
            ],
            [
              116.3018219,
              39.9957649
            ],
            [
              116.3018123,
              39.9957228
            ],
            [
              116.3018003,
              39.9956641
            ],
            [
              116.3018099,
              39.995611
            ],
            [
              116.3018243,
              39.9955744
            ],
            [
              116.3018434,
              39.9955451
            ],
            [
              116.3018601,
              39.9955011
            ],
            [
              116.3018601,
              39.9954516
            ],
            [
              116.3018506,
              39.9954205
            ],
            [
              116.301829,
              39.9953783
            ],
            [
              116.3017956,
              39.995316
            ],
            [
              116.3017956,
              39.9952574
            ],
            [
              116.3017979,
              39.9952025
            ],
            [
              116.3018219,
              39.9951548
            ],
            [
              116.3018506,
              39.9951072
            ],
            [
              116.3019056,
              39.9950907
            ],
            [
              116.3019582,
              39.9950797
            ],
            [
              116.3019988,
              39.995076
            ],
            [
              116.3020754,
              39.9950797
            ],
            [
              116.3021256,
              39.9950797
            ],
            [
              116.3021758,
              39.9950669
            ],
            [
              116.3022284,
              39.9950522
            ],
            [
              116.3022954,
              39.9950522
            ],
            [
              116.3023504,
              39.9950614
            ],
            [
              116.3023958,
              39.9950779
            ],
            [
              116.3024101,
              39.9951109
            ],
            [
              116.302391,
              39.9951475
            ],
            [
              116.3023695,
              39.995164
            ],
            [
              116.3023695,
              39.9951915
            ],
            [
              116.3023695,
              39.9952171
            ],
            [
              116.3023456,
              39.9952336
            ],
            [
              116.3022858,
              39.9952464
            ],
            [
              116.3022284,
              39.9952464
            ],
            [
              116.3021854,
              39.9952391
            ],
            [
              116.3021375,
              39.9952263
            ],
            [
              116.3020945,
              39.9952208
            ],
            [
              116.3020562,
              39.9952464
            ],
            [
              116.3020395,
              39.9952831
            ],
            [
              116.3020275,
              39.9953252
            ],
            [
              116.3020299,
              39.9953564
            ],
            [
              116.3020108,
              39.9953875
            ],
            [
              116.3019725,
              39.995404
            ],
            [
              116.3019175,
              39.9954241
            ],
            [
              116.301908,
              39.9954498
            ],
            [
              116.3019103,
              39.9954773
            ],
            [
              116.3019103,
              39.9955231
            ],
            [
              116.3019319,
              39.9955451
            ],
            [
              116.301963,
              39.9955542
            ],
            [
              116.301994,
              39.9955689
            ],
            [
              116.3020299,
              39.9955963
            ],
            [
              116.3020634,
              39.9956165
            ],
            [
              116.3021184,
              39.9956092
            ],
            [
              116.3021854,
              39.9955835
            ],
            [
              116.3022523,
              39.9955652
            ],
            [
              116.3023049,
              39.9955597
            ],
            [
              116.3023719,
              39.9955414
            ],
            [
              116.3024173,
              39.9955249
            ],
            [
              116.3024699,
              39.9955212
            ],
            [
              116.3025202,
              39.9955011
            ],
            [
              116.3025417,
              39.9954681
            ],
            [
              116.3025536,
              39.9954168
            ],
            [
              116.3025465,
              39.9953582
            ],
            [
              116.3025417,
              39.995316
            ],
            [
              116.3025321,
              39.9952757
            ],
            [
              116.3025058,
              39.9952098
            ],
            [
              116.302501,
              39.9951713
            ],
            [
              116.3025273,
              39.9951567
            ],
            [
              116.3025656,
              39.9951512
            ],
            [
              116.3026182,
              39.9951768
            ],
            [
              116.3026612,
              39.9952244
            ],
            [
              116.3026732,
              39.9952702
            ],
            [
              116.3026636,
              39.9953289
            ],
            [
              116.3026517,
              39.9954278
            ],
            [
              116.302623,
              39.9954956
            ],
            [
              116.3026278,
              39.9955286
            ],
            [
              116.3026756,
              39.9955597
            ],
            [
              116.302721,
              39.9955762
            ],
            [
              116.302776,
              39.9955835
            ],
            [
              116.3028263,
              39.9955835
            ],
            [
              116.3028956,
              39.9955799
            ],
            [
              116.3029458,
              39.9955634
            ],
            [
              116.3029793,
              39.9955194
            ],
            [
              116.3030247,
              39.9954864
            ],
            [
              116.3031037,
              39.9954718
            ],
            [
              116.3031682,
              39.9954773
            ],
            [
              116.3032304,
              39.9954956
            ],
            [
              116.3032806,
              39.9955286
            ],
            [
              116.3032854,
              39.995578
            ],
            [
              116.3032711,
              39.9956348
            ],
            [
              116.3032448,
              39.9956678
            ],
            [
              116.3031993,
              39.9956806
            ],
            [
              116.3031347,
              39.9956971
            ],
            [
              116.3030439,
              39.9957154
            ],
            [
              116.3029363,
              39.9957264
            ],
            [
              116.3028573,
              39.9957264
            ],
            [
              116.3027617,
              39.9957136
            ],
            [
              116.302733,
              39.9956861
            ],
            [
              116.302721,
              39.9956513
            ],
            [
              116.302666,
              39.9956367
            ],
            [
              116.3026015,
              39.9956403
            ],
            [
              116.302556,
              39.9956495
            ],
            [
              116.3025465,
              39.9956696
            ],
            [
              116.3025871,
              39.9956934
            ],
            [
              116.3025656,
              39.9957136
            ],
            [
              116.302513,
              39.9957154
            ],
            [
              116.3024604,
              39.9957136
            ],
            [
              116.3023886,
              39.9957118
            ],
            [
              116.3023097,
              39.9957338
            ],
            [
              116.3022117,
              39.9957502
            ],
            [
              116.3021662,
              39.9957539
            ],
            [
              116.3021088,
              39.9957594
            ],
            [
              116.3020706,
              39.9957832
            ],
            [
              116.3020538,
              39.995807
            ],
            [
              116.3020538,
              39.9958309
            ],
            [
              116.302049,
              39.995851
            ],
            [
              116.3020251,
              39.9958675
            ],
            [
              116.3020132,
              39.9959005
            ],
            [
              116.3020251,
              39.9959206
            ],
            [
              116.3020025,
              39.9959448
            ],
            [
              116.3019743,
              39.9959758
            ],
            [
              116.3019671,
              39.9959905
            ],
            [
              116.3019411,
              39.9960032
            ],
            [
              116.3018912,
              39.9960104
            ]
          ]
        ]
      },
      "properties": {
        "kind": "osm",
        "layer": "water_landuse",
        "osm_type": "way",
        "osm_id": 873446765,
        "name": "",
        "source": "OpenStreetMap via Overpass API",
        "geometry_type": "Polygon",
        "natural": "water"
      }
    },
    {
      "type": "Feature",
      "geometry": {
        "type": "Polygon",
        "coordinates": [
          [
            [
              116.2984634,
              39.9931543
            ],
            [
              116.2984855,
              39.9928667
            ],
            [
              116.298524,
              39.9925911
            ],
            [
              116.2986337,
              39.9917341
            ],
            [
              116.2986901,
              39.9917251
            ],
            [
              116.2988338,
              39.9917153
            ],
            [
              116.2990613,
              39.9916676
            ],
            [
              116.2992008,
              39.9916298
            ],
            [
              116.2993145,
              39.9915887
            ],
            [
              116.2994132,
              39.9915377
            ],
            [
              116.299499,
              39.9914621
            ],
            [
              116.2995278,
              39.9913943
            ],
            [
              116.2995551,
              39.9913513
            ],
            [
              116.2996295,
              39.9913257
            ],
            [
              116.2999693,
              39.9912455
            ],
            [
              116.3001302,
              39.9912025
            ],
            [
              116.3002243,
              39.9911862
            ],
            [
              116.300291,
              39.9911862
            ],
            [
              116.3003472,
              39.9912048
            ],
            [
              116.3004048,
              39.9912432
            ],
            [
              116.3005474,
              39.9914431
            ],
            [
              116.3006855,
              39.9916675
            ],
            [
              116.3007295,
              39.9917338
            ],
            [
              116.3007705,
              39.9918407
            ],
            [
              116.3007902,
              39.9919221
            ],
            [
              116.3007993,
              39.9920034
            ],
            [
              116.3007932,
              39.9920499
            ],
            [
              116.300731,
              39.9921708
            ],
            [
              116.3006263,
              39.9922999
            ],
            [
              116.3006051,
              39.9923673
            ],
            [
              116.3005395,
              39.9923944
            ],
            [
              116.3004579,
              39.9924062
            ],
            [
              116.3003966,
              39.9924062
            ],
            [
              116.3003226,
              39.9923964
            ],
            [
              116.3002742,
              39.9923377
            ],
            [
              116.3003277,
              39.9917434
            ],
            [
              116.3000649,
              39.991719
            ],
            [
              116.2997668,
              39.9919529
            ],
            [
              116.299544,
              39.9921367
            ],
            [
              116.2994551,
              39.9922035
            ],
            [
              116.299438,
              39.9929828
            ],
            [
              116.299351,
              39.9930137
            ],
            [
              116.2993054,
              39.9930364
            ],
            [
              116.2992726,
              39.9930708
            ],
            [
              116.2992397,
              39.9931112
            ],
            [
              116.2992094,
              39.9931594
            ],
            [
              116.2991906,
              39.9931978
            ],
            [
              116.2991768,
              39.9932333
            ],
            [
              116.2991692,
              39.9932779
            ],
            [
              116.2991944,
              39.9934888
            ],
            [
              116.2992287,
              39.9935644
            ],
            [
              116.299278,
              39.9936121
            ],
            [
              116.2993574,
              39.9936384
            ],
            [
              116.2994239,
              39.9936548
            ],
            [
              116.2993961,
              39.9948006
            ],
            [
              116.2991729,
              39.9948006
            ],
            [
              116.2990828,
              39.9948006
            ],
            [
              116.298969,
              39.9947858
            ],
            [
              116.2988982,
              39.994753
            ],
            [
              116.298806,
              39.9947826
            ],
            [
              116.2987137,
              39.9948253
            ],
            [
              116.2986193,
              39.994845
            ],
            [
              116.2985184,
              39.9948532
            ],
            [
              116.2984648,
              39.9948352
            ],
            [
              116.2984264,
              39.9948007
            ],
            [
              116.2984578,
              39.9939562
            ],
            [
              116.2986082,
              39.9939596
            ],
            [
              116.2986111,
              39.9934132
            ],
            [
              116.2986851,
              39.993414
            ],
            [
              116.2986837,
              39.9931567
            ],
            [
              116.2984634,
              39.9931543
            ]
          ]
        ]
      },
      "properties": {
        "kind": "osm",
        "layer": "water_landuse",
        "osm_type": "way",
        "osm_id": 876428135,
        "name": "鸣鹤园",
        "source": "OpenStreetMap via Overpass API",
        "geometry_type": "Polygon",
        "leisure": "garden"
      }
    },
    {
      "type": "Feature",
      "geometry": {
        "type": "Polygon",
        "coordinates": [
          [
            [
              116.3028148,
              39.9938418
            ],
            [
              116.300716,
              39.9938235
            ],
            [
              116.3007213,
              39.9931726
            ],
            [
              116.3007051,
              39.9931004
            ],
            [
              116.3006736,
              39.993025
            ],
            [
              116.3006508,
              39.9929334
            ],
            [
              116.3006914,
              39.9924693
            ],
            [
              116.3007065,
              39.9924068
            ],
            [
              116.3007397,
              39.9923415
            ],
            [
              116.3007969,
              39.9922551
            ],
            [
              116.3009129,
              39.9920798
            ],
            [
              116.3009129,
              39.9919318
            ],
            [
              116.3007649,
              39.9915867
            ],
            [
              116.3006957,
              39.9914682
            ],
            [
              116.3006315,
              39.991401
            ],
            [
              116.3005847,
              39.991339
            ],
            [
              116.3005481,
              39.9912808
            ],
            [
              116.300514,
              39.9912033
            ],
            [
              116.3005207,
              39.9911415
            ],
            [
              116.3023935,
              39.9912348
            ],
            [
              116.3023655,
              39.9918912
            ],
            [
              116.3024775,
              39.9919903
            ],
            [
              116.3025309,
              39.9919658
            ],
            [
              116.3026124,
              39.9919285
            ],
            [
              116.3027411,
              39.9918726
            ],
            [
              116.3029514,
              39.9918398
            ],
            [
              116.3032132,
              39.9918167
            ],
            [
              116.3034621,
              39.9918003
            ],
            [
              116.3039256,
              39.9918003
            ],
            [
              116.3042989,
              39.9917872
            ],
            [
              116.3045779,
              39.9917872
            ],
            [
              116.304844,
              39.9917806
            ],
            [
              116.3051272,
              39.9917904
            ],
            [
              116.3054276,
              39.9918069
            ],
            [
              116.305625,
              39.9918036
            ],
            [
              116.3057624,
              39.9918332
            ],
            [
              116.3058353,
              39.9919187
            ],
            [
              116.3058396,
              39.9920107
            ],
            [
              116.3058224,
              39.9920732
            ],
            [
              116.3059174,
              39.9920475
            ],
            [
              116.3059696,
              39.9920184
            ],
            [
              116.3060383,
              39.9920211
            ],
            [
              116.30608,
              39.9920496
            ],
            [
              116.3061087,
              39.992078
            ],
            [
              116.3061418,
              39.992122
            ],
            [
              116.3061704,
              39.9921704
            ],
            [
              116.30618,
              39.9922341
            ],
            [
              116.3061686,
              39.9925522
            ],
            [
              116.3061444,
              39.9928204
            ],
            [
              116.306079,
              39.992998
            ],
            [
              116.3060304,
              39.9930432
            ],
            [
              116.3059384,
              39.9931158
            ],
            [
              116.3058409,
              39.9931885
            ],
            [
              116.3057881,
              39.9932766
            ],
            [
              116.3056641,
              39.9936877
            ],
            [
              116.3053976,
              39.9936579
            ],
            [
              116.3052517,
              39.9939933
            ],
            [
              116.3051894,
              39.9941988
            ],
            [
              116.3051562,
              39.9942555
            ],
            [
              116.3051154,
              39.9942999
            ],
            [
              116.3049973,
              39.994399
            ],
            [
              116.3048718,
              39.9944955
            ],
            [
              116.3048343,
              39.9945103
            ],
            [
              116.3048053,
              39.9945128
            ],
            [
              116.3047324,
              39.9945851
            ],
            [
              116.3046337,
              39.9946476
            ],
            [
              116.3044663,
              39.9946541
            ],
            [
              116.3030108,
              39.9945717
            ],
            [
              116.3030293,
              39.9938491
            ],
            [
              116.3028148,
              39.9938418
            ]
          ]
        ]
      },
      "properties": {
        "kind": "osm",
        "layer": "water_landuse",
        "osm_type": "way",
        "osm_id": 876533967,
        "name": "",
        "source": "OpenStreetMap via Overpass API",
        "geometry_type": "Polygon",
        "leisure": "garden"
      }
    },
    {
      "type": "Feature",
      "geometry": {
        "type": "Polygon",
        "coordinates": [
          [
            [
              116.3008165,
              39.9961207
            ],
            [
              116.3008772,
              39.9960207
            ],
            [
              116.3009621,
              39.9958975
            ],
            [
              116.3009682,
              39.9957882
            ],
            [
              116.3009925,
              39.9957441
            ],
            [
              116.3009682,
              39.995672
            ],
            [
              116.3010228,
              39.9950583
            ],
            [
              116.3008863,
              39.995035
            ],
            [
              116.3008013,
              39.995028
            ],
            [
              116.3007194,
              39.995035
            ],
            [
              116.3005949,
              39.9950606
            ],
            [
              116.3005403,
              39.9950885
            ],
            [
              116.3004432,
              39.9950583
            ],
            [
              116.3004038,
              39.9949676
            ],
            [
              116.3004038,
              39.9949071
            ],
            [
              116.3004493,
              39.9948583
            ],
            [
              116.3005221,
              39.9948258
            ],
            [
              116.3006101,
              39.9947444
            ],
            [
              116.3006374,
              39.9946654
            ],
            [
              116.3019543,
              39.9946006
            ],
            [
              116.3030347,
              39.9946328
            ],
            [
              116.3030402,
              39.9949955
            ],
            [
              116.303124,
              39.994997
            ],
            [
              116.3032364,
              39.9950373
            ],
            [
              116.3033685,
              39.9950975
            ],
            [
              116.3034295,
              39.9951286
            ],
            [
              116.3033798,
              39.9953949
            ],
            [
              116.3032891,
              39.9958822
            ],
            [
              116.3032805,
              39.995951
            ],
            [
              116.3031804,
              39.9959626
            ],
            [
              116.3030621,
              39.9959813
            ],
            [
              116.3029447,
              39.9959774
            ],
            [
              116.3028656,
              39.9959618
            ],
            [
              116.3027891,
              39.9959266
            ],
            [
              116.3027074,
              39.9959051
            ],
            [
              116.3025249,
              39.995844
            ],
            [
              116.302264,
              39.9958928
            ],
            [
              116.3021304,
              39.9959742
            ],
            [
              116.3020273,
              39.9960835
            ],
            [
              116.302003,
              39.9962067
            ],
            [
              116.3019362,
              39.9963903
            ],
            [
              116.3017996,
              39.9964426
            ],
            [
              116.3017663,
              39.9964554
            ],
            [
              116.3016054,
              39.9965391
            ],
            [
              116.3015205,
              39.9964833
            ],
            [
              116.3014173,
              39.9963996
            ],
            [
              116.3012959,
              39.9963276
            ],
            [
              116.3011897,
              39.9962532
            ],
            [
              116.3010076,
              39.996209
            ],
            [
              116.3008165,
              39.9961207
            ]
          ]
        ]
      },
      "properties": {
        "kind": "osm",
        "layer": "water_landuse",
        "osm_type": "way",
        "osm_id": 897771503,
        "name": "",
        "source": "OpenStreetMap via Overpass API",
        "geometry_type": "Polygon",
        "leisure": "garden"
      }
    },
    {
      "type": "Feature",
      "geometry": {
        "type": "Polygon",
        "coordinates": [
          [
            [
              116.3088288,
              39.9890796
            ],
            [
              116.3091388,
              39.9890858
            ],
            [
              116.3091487,
              39.9889175
            ],
            [
              116.3088403,
              39.9889065
            ],
            [
              116.3088288,
              39.9890796
            ]
          ]
        ]
      },
      "properties": {
        "kind": "osm",
        "layer": "water_landuse",
        "osm_type": "way",
        "osm_id": 988601884,
        "name": "",
        "source": "OpenStreetMap via Overpass API",
        "geometry_type": "Polygon",
        "leisure": "garden"
      }
    },
    {
      "type": "Feature",
      "geometry": {
        "type": "Polygon",
        "coordinates": [
          [
            [
              116.3081093,
              39.9892237
            ],
            [
              116.3082954,
              39.9892309
            ],
            [
              116.3082968,
              39.9892098
            ],
            [
              116.3085293,
              39.9892186
            ],
            [
              116.3085355,
              39.9891259
            ],
            [
              116.3085335,
              39.9890953
            ],
            [
              116.3085156,
              39.9890725
            ],
            [
              116.3084857,
              39.9890572
            ],
            [
              116.3081233,
              39.9890435
            ],
            [
              116.3081093,
              39.9892237
            ]
          ]
        ]
      },
      "properties": {
        "kind": "osm",
        "layer": "water_landuse",
        "osm_type": "way",
        "osm_id": 988601885,
        "name": "",
        "source": "OpenStreetMap via Overpass API",
        "geometry_type": "Polygon",
        "leisure": "garden"
      }
    },
    {
      "type": "Feature",
      "geometry": {
        "type": "Polygon",
        "coordinates": [
          [
            [
              116.3085693,
              39.989135
            ],
            [
              116.3085594,
              39.989103
            ],
            [
              116.3085196,
              39.9890587
            ],
            [
              116.3086131,
              39.9890618
            ],
            [
              116.3086351,
              39.9890725
            ],
            [
              116.3086191,
              39.9891396
            ],
            [
              116.3085693,
              39.989135
            ]
          ]
        ]
      },
      "properties": {
        "kind": "osm",
        "layer": "water_landuse",
        "osm_type": "way",
        "osm_id": 988601886,
        "name": "",
        "source": "OpenStreetMap via Overpass API",
        "geometry_type": "Polygon",
        "leisure": "garden"
      }
    },
    {
      "type": "Feature",
      "geometry": {
        "type": "Polygon",
        "coordinates": [
          [
            [
              116.3075778,
              39.9892189
            ],
            [
              116.3076853,
              39.9892235
            ],
            [
              116.3076913,
              39.9891609
            ],
            [
              116.3076196,
              39.9890999
            ],
            [
              116.3075738,
              39.9890984
            ],
            [
              116.3075638,
              39.9892021
            ],
            [
              116.3075778,
              39.9892189
            ]
          ]
        ]
      },
      "properties": {
        "kind": "osm",
        "layer": "water_landuse",
        "osm_type": "way",
        "osm_id": 988601887,
        "name": "",
        "source": "OpenStreetMap via Overpass API",
        "geometry_type": "Polygon",
        "landuse": "grass"
      }
    },
    {
      "type": "Feature",
      "geometry": {
        "type": "Polygon",
        "coordinates": [
          [
            [
              116.3078619,
              39.98923
            ],
            [
              116.3079581,
              39.9892342
            ],
            [
              116.3080118,
              39.989196
            ],
            [
              116.3080178,
              39.9891198
            ],
            [
              116.3079501,
              39.9891167
            ],
            [
              116.3078665,
              39.9891686
            ],
            [
              116.3078619,
              39.98923
            ]
          ]
        ]
      },
      "properties": {
        "kind": "osm",
        "layer": "water_landuse",
        "osm_type": "way",
        "osm_id": 988601888,
        "name": "",
        "source": "OpenStreetMap via Overpass API",
        "geometry_type": "Polygon",
        "landuse": "grass"
      }
    },
    {
      "type": "Feature",
      "geometry": {
        "type": "Polygon",
        "coordinates": [
          [
            [
              116.3075778,
              39.9889576
            ],
            [
              116.3075837,
              39.9888555
            ],
            [
              116.3076892,
              39.988859
            ],
            [
              116.3076853,
              39.9889275
            ],
            [
              116.3076355,
              39.9889596
            ],
            [
              116.3075778,
              39.9889576
            ]
          ]
        ]
      },
      "properties": {
        "kind": "osm",
        "layer": "water_landuse",
        "osm_type": "way",
        "osm_id": 988601889,
        "name": "",
        "source": "OpenStreetMap via Overpass API",
        "geometry_type": "Polygon",
        "landuse": "grass"
      }
    },
    {
      "type": "Feature",
      "geometry": {
        "type": "Polygon",
        "coordinates": [
          [
            [
              116.307968,
              39.9889748
            ],
            [
              116.3080275,
              39.9889777
            ],
            [
              116.308036,
              39.9888724
            ],
            [
              116.3079292,
              39.9888674
            ],
            [
              116.3079242,
              39.9889291
            ],
            [
              116.307968,
              39.9889748
            ]
          ]
        ]
      },
      "properties": {
        "kind": "osm",
        "layer": "water_landuse",
        "osm_type": "way",
        "osm_id": 988601890,
        "name": "",
        "source": "OpenStreetMap via Overpass API",
        "geometry_type": "Polygon",
        "landuse": "grass"
      }
    },
    {
      "type": "Feature",
      "geometry": {
        "type": "Polygon",
        "coordinates": [
          [
            [
              116.3087902,
              39.9899997
            ],
            [
              116.3090665,
              39.9900147
            ],
            [
              116.3090805,
              39.9898638
            ],
            [
              116.3088042,
              39.9898488
            ],
            [
              116.3087902,
              39.9899997
            ]
          ]
        ]
      },
      "properties": {
        "kind": "osm",
        "layer": "water_landuse",
        "osm_type": "way",
        "osm_id": 988601891,
        "name": "",
        "source": "OpenStreetMap via Overpass API",
        "geometry_type": "Polygon",
        "leisure": "garden"
      }
    },
    {
      "type": "Feature",
      "geometry": {
        "type": "Polygon",
        "coordinates": [
          [
            [
              116.3041785,
              39.9951484
            ],
            [
              116.3042748,
              39.9950878
            ],
            [
              116.3043573,
              39.9950588
            ],
            [
              116.3044742,
              39.9950852
            ],
            [
              116.3046461,
              39.9951932
            ],
            [
              116.3047046,
              39.9952353
            ],
            [
              116.3048245,
              39.9952935
            ],
            [
              116.3048302,
              39.9953909
            ],
            [
              116.3048042,
              39.9955859
            ],
            [
              116.3048274,
              39.9956634
            ],
            [
              116.3048736,
              39.9957011
            ],
            [
              116.3049488,
              39.9957143
            ],
            [
              116.3049951,
              39.9956789
            ],
            [
              116.3049922,
              39.9956124
            ],
            [
              116.3049979,
              39.9955238
            ],
            [
              116.3050471,
              39.9954596
            ],
            [
              116.3051078,
              39.9953821
            ],
            [
              116.3051338,
              39.9952602
            ],
            [
              116.3051338,
              39.9952093
            ],
            [
              116.3051165,
              39.9951672
            ],
            [
              116.3050182,
              39.9951606
            ],
            [
              116.3049488,
              39.9951606
            ],
            [
              116.3048967,
              39.9951783
            ],
            [
              116.3048678,
              39.9952359
            ],
            [
              116.3048418,
              39.9952514
            ],
            [
              116.3047493,
              39.9952137
            ],
            [
              116.3046799,
              39.9951561
            ],
            [
              116.3045787,
              39.9950786
            ],
            [
              116.3045006,
              39.9950299
            ],
            [
              116.3044052,
              39.9950055
            ],
            [
              116.304278,
              39.9950299
            ],
            [
              116.3041912,
              39.9950698
            ],
            [
              116.3041421,
              39.9951229
            ],
            [
              116.304145,
              39.9951473
            ],
            [
              116.3041785,
              39.9951484
            ]
          ]
        ]
      },
      "properties": {
        "kind": "osm",
        "layer": "water_landuse",
        "osm_type": "way",
        "osm_id": 1009052020,
        "name": "",
        "source": "OpenStreetMap via Overpass API",
        "geometry_type": "Polygon",
        "natural": "water"
      }
    },
    {
      "type": "Feature",
      "geometry": {
        "type": "Polygon",
        "coordinates": [
          [
            [
              116.3088057,
              39.9918449
            ],
            [
              116.3087717,
              39.9923138
            ],
            [
              116.3087476,
              39.9926077
            ],
            [
              116.3087595,
              39.9926664
            ],
            [
              116.3087844,
              39.9927228
            ],
            [
              116.308832,
              39.9927674
            ],
            [
              116.308827,
              39.9928665
            ],
            [
              116.3078879,
              39.9928412
            ],
            [
              116.3077418,
              39.992839
            ],
            [
              116.3071715,
              39.9928284
            ],
            [
              116.3072129,
              39.9917868
            ],
            [
              116.3088057,
              39.9918449
            ]
          ]
        ]
      },
      "properties": {
        "kind": "osm",
        "layer": "water_landuse",
        "osm_type": "way",
        "osm_id": 1009052048,
        "name": "蹊径坪（恬园草坪）",
        "source": "OpenStreetMap via Overpass API",
        "geometry_type": "Polygon",
        "landuse": "grass"
      }
    },
    {
      "type": "Feature",
      "geometry": {
        "type": "Polygon",
        "coordinates": [
          [
            [
              116.301188,
              39.9947593
            ],
            [
              116.3012092,
              39.9947779
            ],
            [
              116.3012548,
              39.994798
            ],
            [
              116.3012927,
              39.9948533
            ],
            [
              116.3013053,
              39.9948989
            ],
            [
              116.3012945,
              39.9949542
            ],
            [
              116.3011177,
              39.9949929
            ],
            [
              116.3011032,
              39.995004
            ],
            [
              116.3010671,
              39.9950316
            ],
            [
              116.3010635,
              39.9950607
            ],
            [
              116.3011122,
              39.9951049
            ],
            [
              116.3011555,
              39.9951395
            ],
            [
              116.3012494,
              39.995182
            ],
            [
              116.3012638,
              39.9952028
            ],
            [
              116.3012656,
              39.9952636
            ],
            [
              116.3012494,
              39.9953424
            ],
            [
              116.3012313,
              39.9954474
            ],
            [
              116.3012007,
              39.995493
            ],
            [
              116.3011952,
              39.9955304
            ],
            [
              116.3011989,
              39.9955981
            ],
            [
              116.3012367,
              39.9956382
            ],
            [
              116.3012584,
              39.9957073
            ],
            [
              116.3012259,
              39.9957267
            ],
            [
              116.3011989,
              39.9957432
            ],
            [
              116.3012043,
              39.9957806
            ],
            [
              116.3012213,
              39.9957863
            ],
            [
              116.3012365,
              39.9957913
            ],
            [
              116.3012945,
              39.9957667
            ],
            [
              116.3013486,
              39.995717
            ],
            [
              116.3013919,
              39.9956755
            ],
            [
              116.3014118,
              39.9956506
            ],
            [
              116.3014064,
              39.9956313
            ],
            [
              116.3013703,
              39.9956022
            ],
            [
              116.3013342,
              39.9955884
            ],
            [
              116.3012981,
              39.995547
            ],
            [
              116.3012945,
              39.9954474
            ],
            [
              116.3013179,
              39.9953949
            ],
            [
              116.301354,
              39.9953797
            ],
            [
              116.3013955,
              39.9953341
            ],
            [
              116.3013955,
              39.9952954
            ],
            [
              116.3013576,
              39.9952346
            ],
            [
              116.3013396,
              39.9951765
            ],
            [
              116.3013486,
              39.9951336
            ],
            [
              116.3013757,
              39.9950742
            ],
            [
              116.3013667,
              39.9949968
            ],
            [
              116.301336,
              39.9948738
            ],
            [
              116.3012981,
              39.9948046
            ],
            [
              116.3012728,
              39.9947687
            ],
            [
              116.3012313,
              39.9947535
            ],
            [
              116.3012046,
              39.9947506
            ],
            [
              116.301188,
              39.9947593
            ]
          ]
        ]
      },
      "properties": {
        "kind": "osm",
        "layer": "water_landuse",
        "osm_type": "way",
        "osm_id": 1063568535,
        "name": "",
        "source": "OpenStreetMap via Overpass API",
        "geometry_type": "Polygon",
        "natural": "water"
      }
    },
    {
      "type": "Feature",
      "geometry": {
        "type": "LineString",
        "coordinates": [
          [
            116.3012213,
            39.9957863
          ],
          [
            116.3011836,
            39.9958313
          ],
          [
            116.3011684,
            39.995894
          ],
          [
            116.3011623,
            39.995987
          ],
          [
            116.3011563,
            39.9960196
          ],
          [
            116.3011654,
            39.9960568
          ],
          [
            116.3011821,
            39.9961079
          ],
          [
            116.3011821,
            39.996166
          ],
          [
            116.3011502,
            39.9962625
          ],
          [
            116.3011016,
            39.9963439
          ]
        ]
      },
      "properties": {
        "kind": "osm",
        "layer": "water_landuse",
        "osm_type": "way",
        "osm_id": 1063568536,
        "name": "",
        "source": "OpenStreetMap via Overpass API",
        "geometry_type": "LineString",
        "waterway": "ditch"
      }
    },
    {
      "type": "Feature",
      "geometry": {
        "type": "Polygon",
        "coordinates": [
          [
            [
              116.3061858,
              39.9919369
            ],
            [
              116.3063616,
              39.9919434
            ],
            [
              116.3063574,
              39.9920136
            ],
            [
              116.3065563,
              39.9920206
            ],
            [
              116.3065605,
              39.9919507
            ],
            [
              116.3069927,
              39.9919635
            ],
            [
              116.306963,
              39.9927159
            ],
            [
              116.3062307,
              39.9927068
            ],
            [
              116.3062558,
              39.9923622
            ],
            [
              116.3062591,
              39.9922311
            ],
            [
              116.306245,
              39.992133
            ],
            [
              116.3061485,
              39.9920385
            ],
            [
              116.306017,
              39.9919686
            ],
            [
              116.3061029,
              39.991798
            ],
            [
              116.3061943,
              39.9918015
            ],
            [
              116.3061858,
              39.9919369
            ]
          ]
        ]
      },
      "properties": {
        "kind": "osm",
        "layer": "water_landuse",
        "osm_type": "way",
        "osm_id": 1090641429,
        "name": "草坪",
        "source": "OpenStreetMap via Overpass API",
        "geometry_type": "Polygon",
        "landuse": "grass"
      }
    },
    {
      "type": "Feature",
      "geometry": {
        "type": "Polygon",
        "coordinates": [
          [
            [
              116.3064439,
              39.9907843
            ],
            [
              116.306439,
              39.9908523
            ],
            [
              116.3074264,
              39.9908938
            ],
            [
              116.3074102,
              39.9911197
            ],
            [
              116.307394,
              39.991119
            ],
            [
              116.3073802,
              39.9913181
            ],
            [
              116.3074097,
              39.9913193
            ],
            [
              116.3073911,
              39.9915926
            ],
            [
              116.3077046,
              39.9916052
            ],
            [
              116.3077423,
              39.991558
            ],
            [
              116.3077939,
              39.9908413
            ],
            [
              116.3064439,
              39.9907843
            ]
          ]
        ]
      },
      "properties": {
        "kind": "osm",
        "layer": "water_landuse",
        "osm_type": "way",
        "osm_id": 1092019720,
        "name": "",
        "source": "OpenStreetMap via Overpass API",
        "geometry_type": "Polygon",
        "landuse": "grass"
      }
    },
    {
      "type": "Feature",
      "geometry": {
        "type": "Polygon",
        "coordinates": [
          [
            [
              116.3036277,
              39.9898857
            ],
            [
              116.3036178,
              39.9900591
            ],
            [
              116.3042517,
              39.9900803
            ],
            [
              116.3042616,
              39.989907
            ],
            [
              116.3036277,
              39.9898857
            ]
          ]
        ]
      },
      "properties": {
        "kind": "osm",
        "layer": "water_landuse",
        "osm_type": "way",
        "osm_id": 1092504030,
        "name": "",
        "source": "OpenStreetMap via Overpass API",
        "geometry_type": "Polygon",
        "landuse": "grass"
      }
    },
    {
      "type": "Feature",
      "geometry": {
        "type": "Polygon",
        "coordinates": [
          [
            [
              116.3039425,
              39.9882226
            ],
            [
              116.3037187,
              39.9880756
            ],
            [
              116.3037566,
              39.9875905
            ],
            [
              116.3042356,
              39.9876061
            ],
            [
              116.3042048,
              39.9880543
            ],
            [
              116.3039425,
              39.9882226
            ]
          ]
        ]
      },
      "properties": {
        "kind": "osm",
        "layer": "water_landuse",
        "osm_type": "way",
        "osm_id": 1097885879,
        "name": "",
        "source": "OpenStreetMap via Overpass API",
        "geometry_type": "Polygon",
        "leisure": "garden"
      }
    },
    {
      "type": "Feature",
      "geometry": {
        "type": "Polygon",
        "coordinates": [
          [
            [
              116.3004428,
              39.9880998
            ],
            [
              116.3004086,
              39.9880318
            ],
            [
              116.3004194,
              39.9874417
            ],
            [
              116.3005648,
              39.9874455
            ],
            [
              116.3005556,
              39.9878061
            ],
            [
              116.3009518,
              39.9878134
            ],
            [
              116.3009415,
              39.9879151
            ],
            [
              116.3004428,
              39.9880998
            ]
          ]
        ]
      },
      "properties": {
        "kind": "osm",
        "layer": "water_landuse",
        "osm_type": "way",
        "osm_id": 1098564922,
        "name": "",
        "source": "OpenStreetMap via Overpass API",
        "geometry_type": "Polygon",
        "leisure": "garden"
      }
    },
    {
      "type": "Feature",
      "geometry": {
        "type": "Polygon",
        "coordinates": [
          [
            [
              116.30509,
              39.9909873
            ],
            [
              116.3052234,
              39.9909927
            ],
            [
              116.3052466,
              39.9907119
            ],
            [
              116.3051095,
              39.9907092
            ],
            [
              116.30509,
              39.9909873
            ]
          ]
        ]
      },
      "properties": {
        "kind": "osm",
        "layer": "water_landuse",
        "osm_type": "way",
        "osm_id": 1099363914,
        "name": "",
        "source": "OpenStreetMap via Overpass API",
        "geometry_type": "Polygon",
        "leisure": "garden"
      }
    },
    {
      "type": "Feature",
      "geometry": {
        "type": "Polygon",
        "coordinates": [
          [
            [
              116.3051272,
              39.9905779
            ],
            [
              116.305245,
              39.9905858
            ],
            [
              116.3052739,
              39.9902707
            ],
            [
              116.3051458,
              39.9902644
            ],
            [
              116.3051272,
              39.9905779
            ]
          ]
        ]
      },
      "properties": {
        "kind": "osm",
        "layer": "water_landuse",
        "osm_type": "way",
        "osm_id": 1099363915,
        "name": "",
        "source": "OpenStreetMap via Overpass API",
        "geometry_type": "Polygon",
        "leisure": "garden"
      }
    },
    {
      "type": "Feature",
      "geometry": {
        "type": "Polygon",
        "coordinates": [
          [
            [
              116.3050877,
              39.9901295
            ],
            [
              116.3051076,
              39.9897809
            ],
            [
              116.3048732,
              39.9899007
            ],
            [
              116.3050877,
              39.9901295
            ]
          ]
        ]
      },
      "properties": {
        "kind": "osm",
        "layer": "water_landuse",
        "osm_type": "way",
        "osm_id": 1099363916,
        "name": "",
        "source": "OpenStreetMap via Overpass API",
        "geometry_type": "Polygon",
        "leisure": "garden"
      }
    },
    {
      "type": "Feature",
      "geometry": {
        "type": "Polygon",
        "coordinates": [
          [
            [
              116.3024816,
              39.9911558
            ],
            [
              116.3029409,
              39.9911818
            ],
            [
              116.3029919,
              39.9896831
            ],
            [
              116.3025326,
              39.9896744
            ],
            [
              116.3024816,
              39.9911558
            ]
          ]
        ]
      },
      "properties": {
        "kind": "osm",
        "layer": "water_landuse",
        "osm_type": "way",
        "osm_id": 1100981080,
        "name": "",
        "source": "OpenStreetMap via Overpass API",
        "geometry_type": "Polygon",
        "leisure": "garden"
      }
    },
    {
      "type": "Feature",
      "geometry": {
        "type": "Polygon",
        "coordinates": [
          [
            [
              116.3011774,
              39.9911167
            ],
            [
              116.3016131,
              39.9911441
            ],
            [
              116.3016692,
              39.9896575
            ],
            [
              116.3011915,
              39.9896529
            ],
            [
              116.3011774,
              39.9911167
            ]
          ]
        ]
      },
      "properties": {
        "kind": "osm",
        "layer": "water_landuse",
        "osm_type": "way",
        "osm_id": 1100981081,
        "name": "",
        "source": "OpenStreetMap via Overpass API",
        "geometry_type": "Polygon",
        "leisure": "garden"
      }
    },
    {
      "type": "Feature",
      "geometry": {
        "type": "Polygon",
        "coordinates": [
          [
            [
              116.3045599,
              39.9907617
            ],
            [
              116.3046244,
              39.9907669
            ],
            [
              116.304686,
              39.9908418
            ],
            [
              116.3046761,
              39.9909558
            ],
            [
              116.3045538,
              39.9909472
            ],
            [
              116.3045599,
              39.9907617
            ]
          ]
        ]
      },
      "properties": {
        "kind": "osm",
        "layer": "water_landuse",
        "osm_type": "way",
        "osm_id": 1100981082,
        "name": "",
        "source": "OpenStreetMap via Overpass API",
        "geometry_type": "Polygon",
        "landuse": "grass"
      }
    },
    {
      "type": "Feature",
      "geometry": {
        "type": "Polygon",
        "coordinates": [
          [
            [
              116.3046985,
              39.9906755
            ],
            [
              116.3049446,
              39.9906838
            ],
            [
              116.3049374,
              39.9907198
            ],
            [
              116.3050025,
              39.9907309
            ],
            [
              116.3049916,
              39.9910553
            ],
            [
              116.3048035,
              39.99118
            ],
            [
              116.3047347,
              39.991266
            ],
            [
              116.3046334,
              39.9912909
            ],
            [
              116.3043873,
              39.9912798
            ],
            [
              116.3044018,
              39.9912161
            ],
            [
              116.3047347,
              39.9912299
            ],
            [
              116.304789,
              39.9908307
            ],
            [
              116.3046913,
              39.9907392
            ],
            [
              116.3046985,
              39.9906755
            ]
          ]
        ]
      },
      "properties": {
        "kind": "osm",
        "layer": "water_landuse",
        "osm_type": "way",
        "osm_id": 1100981083,
        "name": "",
        "source": "OpenStreetMap via Overpass API",
        "geometry_type": "Polygon",
        "leisure": "garden"
      }
    },
    {
      "type": "Feature",
      "geometry": {
        "type": "Polygon",
        "coordinates": [
          [
            [
              116.3045393,
              39.9899131
            ],
            [
              116.3048216,
              39.9899269
            ],
            [
              116.3048432,
              39.9900252
            ],
            [
              116.3049374,
              39.9900988
            ],
            [
              116.3049338,
              39.9901432
            ],
            [
              116.3050459,
              39.9902873
            ],
            [
              116.3050242,
              39.9905646
            ],
            [
              116.3049518,
              39.9905563
            ],
            [
              116.3049482,
              39.9905978
            ],
            [
              116.3046985,
              39.9905784
            ],
            [
              116.304713,
              39.9905119
            ],
            [
              116.3048252,
              39.9904259
            ],
            [
              116.3048214,
              39.9900797
            ],
            [
              116.3047718,
              39.9899738
            ],
            [
              116.3045346,
              39.9899561
            ],
            [
              116.3045393,
              39.9899131
            ]
          ]
        ]
      },
      "properties": {
        "kind": "osm",
        "layer": "water_landuse",
        "osm_type": "way",
        "osm_id": 1100981084,
        "name": "",
        "source": "OpenStreetMap via Overpass API",
        "geometry_type": "Polygon",
        "leisure": "garden"
      }
    },
    {
      "type": "Feature",
      "geometry": {
        "type": "Polygon",
        "coordinates": [
          [
            [
              116.3045936,
              39.990462
            ],
            [
              116.3046768,
              39.9904648
            ],
            [
              116.3047492,
              39.9904065
            ],
            [
              116.3047455,
              39.9902825
            ],
            [
              116.3046908,
              39.9902778
            ],
            [
              116.3046045,
              39.990279
            ],
            [
              116.3045936,
              39.990462
            ]
          ]
        ]
      },
      "properties": {
        "kind": "osm",
        "layer": "water_landuse",
        "osm_type": "way",
        "osm_id": 1100981085,
        "name": "",
        "source": "OpenStreetMap via Overpass API",
        "geometry_type": "Polygon",
        "landuse": "grass"
      }
    },
    {
      "type": "Feature",
      "geometry": {
        "type": "Polygon",
        "coordinates": [
          [
            [
              116.3053535,
              39.990681
            ],
            [
              116.3062473,
              39.9907143
            ],
            [
              116.3062401,
              39.9908113
            ],
            [
              116.3053463,
              39.9907725
            ],
            [
              116.3053535,
              39.990681
            ]
          ]
        ]
      },
      "properties": {
        "kind": "osm",
        "layer": "water_landuse",
        "osm_type": "way",
        "osm_id": 1100981086,
        "name": "",
        "source": "OpenStreetMap via Overpass API",
        "geometry_type": "Polygon",
        "leisure": "garden"
      }
    },
    {
      "type": "Feature",
      "geometry": {
        "type": "Polygon",
        "coordinates": [
          [
            [
              116.3053716,
              39.9905258
            ],
            [
              116.3062835,
              39.9905563
            ],
            [
              116.3062762,
              39.9906339
            ],
            [
              116.3053644,
              39.9906089
            ],
            [
              116.3053716,
              39.9905258
            ]
          ]
        ]
      },
      "properties": {
        "kind": "osm",
        "layer": "water_landuse",
        "osm_type": "way",
        "osm_id": 1100981087,
        "name": "",
        "source": "OpenStreetMap via Overpass API",
        "geometry_type": "Polygon",
        "leisure": "garden"
      }
    },
    {
      "type": "Feature",
      "geometry": {
        "type": "Polygon",
        "coordinates": [
          [
            [
              116.3065187,
              39.9895554
            ],
            [
              116.306696,
              39.989561
            ],
            [
              116.3067177,
              39.9892089
            ],
            [
              116.3065295,
              39.9892005
            ],
            [
              116.3065187,
              39.9895554
            ]
          ]
        ]
      },
      "properties": {
        "kind": "osm",
        "layer": "water_landuse",
        "osm_type": "way",
        "osm_id": 1100981088,
        "name": "",
        "source": "OpenStreetMap via Overpass API",
        "geometry_type": "Polygon",
        "leisure": "garden"
      }
    },
    {
      "type": "Feature",
      "geometry": {
        "type": "Polygon",
        "coordinates": [
          [
            [
              116.3065295,
              39.9891451
            ],
            [
              116.3067069,
              39.9891506
            ],
            [
              116.306743,
              39.9887209
            ],
            [
              116.3066526,
              39.988732
            ],
            [
              116.3065621,
              39.9888595
            ],
            [
              116.3065295,
              39.9891451
            ]
          ]
        ]
      },
      "properties": {
        "kind": "osm",
        "layer": "water_landuse",
        "osm_type": "way",
        "osm_id": 1100981089,
        "name": "",
        "source": "OpenStreetMap via Overpass API",
        "geometry_type": "Polygon",
        "leisure": "garden"
      }
    },
    {
      "type": "Feature",
      "geometry": {
        "type": "Polygon",
        "coordinates": [
          [
            [
              116.3076027,
              39.9905708
            ],
            [
              116.3077123,
              39.990576
            ],
            [
              116.3077225,
              39.9903845
            ],
            [
              116.3076164,
              39.9903806
            ],
            [
              116.3076027,
              39.9905708
            ]
          ]
        ]
      },
      "properties": {
        "kind": "osm",
        "layer": "water_landuse",
        "osm_type": "way",
        "osm_id": 1100981092,
        "name": "",
        "source": "OpenStreetMap via Overpass API",
        "geometry_type": "Polygon",
        "landuse": "grass"
      }
    },
    {
      "type": "Feature",
      "geometry": {
        "type": "Polygon",
        "coordinates": [
          [
            [
              116.3077448,
              39.9905747
            ],
            [
              116.3078441,
              39.9905799
            ],
            [
              116.3078543,
              39.9903924
            ],
            [
              116.3077585,
              39.9903872
            ],
            [
              116.3077448,
              39.9905747
            ]
          ]
        ]
      },
      "properties": {
        "kind": "osm",
        "layer": "water_landuse",
        "osm_type": "way",
        "osm_id": 1100981093,
        "name": "",
        "source": "OpenStreetMap via Overpass API",
        "geometry_type": "Polygon",
        "landuse": "grass"
      }
    },
    {
      "type": "Feature",
      "geometry": {
        "type": "Polygon",
        "coordinates": [
          [
            [
              116.3076198,
              39.9903216
            ],
            [
              116.3077225,
              39.9903229
            ],
            [
              116.3077362,
              39.9901367
            ],
            [
              116.3076301,
              39.9901301
            ],
            [
              116.3076198,
              39.9903216
            ]
          ]
        ]
      },
      "properties": {
        "kind": "osm",
        "layer": "water_landuse",
        "osm_type": "way",
        "osm_id": 1100981094,
        "name": "",
        "source": "OpenStreetMap via Overpass API",
        "geometry_type": "Polygon",
        "landuse": "grass"
      }
    },
    {
      "type": "Feature",
      "geometry": {
        "type": "Polygon",
        "coordinates": [
          [
            [
              116.3077602,
              39.9903229
            ],
            [
              116.3078629,
              39.9903295
            ],
            [
              116.3078732,
              39.9901459
            ],
            [
              116.3077688,
              39.9901367
            ],
            [
              116.3077602,
              39.9903229
            ]
          ]
        ]
      },
      "properties": {
        "kind": "osm",
        "layer": "water_landuse",
        "osm_type": "way",
        "osm_id": 1100981095,
        "name": "",
        "source": "OpenStreetMap via Overpass API",
        "geometry_type": "Polygon",
        "landuse": "grass"
      }
    },
    {
      "type": "Feature",
      "geometry": {
        "type": "Polygon",
        "coordinates": [
          [
            [
              116.3088286,
              39.9912137
            ],
            [
              116.3090217,
              39.9912228
            ],
            [
              116.3090423,
              39.9909439
            ],
            [
              116.3088507,
              39.9909315
            ],
            [
              116.3088286,
              39.9912137
            ]
          ]
        ]
      },
      "properties": {
        "kind": "osm",
        "layer": "water_landuse",
        "osm_type": "way",
        "osm_id": 1100981098,
        "name": "",
        "source": "OpenStreetMap via Overpass API",
        "geometry_type": "Polygon",
        "leisure": "garden"
      }
    },
    {
      "type": "Feature",
      "geometry": {
        "type": "Polygon",
        "coordinates": [
          [
            [
              116.3035694,
              39.9898433
            ],
            [
              116.3043982,
              39.9898577
            ],
            [
              116.3044035,
              39.9897406
            ],
            [
              116.3045698,
              39.9897488
            ],
            [
              116.3045564,
              39.9898639
            ],
            [
              116.30483,
              39.9898742
            ],
            [
              116.3051063,
              39.9897344
            ],
            [
              116.3051143,
              39.9896214
            ],
            [
              116.3048515,
              39.9894406
            ],
            [
              116.3035908,
              39.9894056
            ],
            [
              116.3035694,
              39.9898433
            ]
          ]
        ]
      },
      "properties": {
        "kind": "osm",
        "layer": "water_landuse",
        "osm_type": "way",
        "osm_id": 1100981611,
        "name": "",
        "source": "OpenStreetMap via Overpass API",
        "geometry_type": "Polygon",
        "leisure": "garden"
      }
    },
    {
      "type": "Feature",
      "geometry": {
        "type": "Polygon",
        "coordinates": [
          [
            [
              116.3049266,
              39.9894221
            ],
            [
              116.305117,
              39.98957
            ],
            [
              116.3051277,
              39.9894262
            ],
            [
              116.3049266,
              39.9894221
            ]
          ]
        ]
      },
      "properties": {
        "kind": "osm",
        "layer": "water_landuse",
        "osm_type": "way",
        "osm_id": 1100981612,
        "name": "",
        "source": "OpenStreetMap via Overpass API",
        "geometry_type": "Polygon",
        "leisure": "garden"
      }
    },
    {
      "type": "Feature",
      "geometry": {
        "type": "Polygon",
        "coordinates": [
          [
            [
              116.3003645,
              39.9910944
            ],
            [
              116.3003645,
              39.9909778
            ],
            [
              116.3009993,
              39.9909902
            ],
            [
              116.3009896,
              39.9908041
            ],
            [
              116.300656,
              39.9907867
            ],
            [
              116.3006625,
              39.9903649
            ],
            [
              116.3010058,
              39.9903575
            ],
            [
              116.3011126,
              39.9904815
            ],
            [
              116.3010932,
              39.9911217
            ],
            [
              116.3003645,
              39.9910944
            ]
          ]
        ]
      },
      "properties": {
        "kind": "osm",
        "layer": "water_landuse",
        "osm_type": "way",
        "osm_id": 1100981973,
        "name": "",
        "source": "OpenStreetMap via Overpass API",
        "geometry_type": "Polygon",
        "leisure": "garden"
      }
    },
    {
      "type": "Feature",
      "geometry": {
        "type": "Polygon",
        "coordinates": [
          [
            [
              116.3004489,
              39.9873938
            ],
            [
              116.3010771,
              39.9874115
            ],
            [
              116.3010824,
              39.9873243
            ],
            [
              116.3004489,
              39.9873188
            ],
            [
              116.3004489,
              39.9873938
            ]
          ]
        ]
      },
      "properties": {
        "kind": "osm",
        "layer": "water_landuse",
        "osm_type": "way",
        "osm_id": 1100981977,
        "name": "",
        "source": "OpenStreetMap via Overpass API",
        "geometry_type": "Polygon",
        "leisure": "garden"
      }
    },
    {
      "type": "Feature",
      "geometry": {
        "type": "Polygon",
        "coordinates": [
          [
            [
              116.3042833,
              39.9880578
            ],
            [
              116.3044831,
              39.9880681
            ],
            [
              116.304293,
              39.9878882
            ],
            [
              116.3042833,
              39.9880578
            ]
          ]
        ]
      },
      "properties": {
        "kind": "osm",
        "layer": "water_landuse",
        "osm_type": "way",
        "osm_id": 1100981978,
        "name": "三角地",
        "source": "OpenStreetMap via Overpass API",
        "geometry_type": "Polygon",
        "leisure": "garden"
      }
    },
    {
      "type": "Feature",
      "geometry": {
        "type": "Polygon",
        "coordinates": [
          [
            [
              116.3097111,
              39.9953077
            ],
            [
              116.3100439,
              39.9953253
            ],
            [
              116.3100566,
              39.9951848
            ],
            [
              116.3097238,
              39.9951673
            ],
            [
              116.3097111,
              39.9953077
            ]
          ]
        ]
      },
      "properties": {
        "kind": "osm",
        "layer": "water_landuse",
        "osm_type": "way",
        "osm_id": 1101012010,
        "name": "城环·景观花园",
        "source": "OpenStreetMap via Overpass API",
        "geometry_type": "Polygon",
        "leisure": "garden"
      }
    },
    {
      "type": "Feature",
      "geometry": {
        "type": "Polygon",
        "coordinates": [
          [
            [
              116.3018403,
              39.9964775
            ],
            [
              116.3021139,
              39.9967125
            ],
            [
              116.3018948,
              39.996854
            ],
            [
              116.3024428,
              39.9973739
            ],
            [
              116.3027132,
              39.9972784
            ],
            [
              116.3032173,
              39.9973054
            ],
            [
              116.3035628,
              39.9975357
            ],
            [
              116.3052554,
              39.9978637
            ],
            [
              116.305587,
              39.9967433
            ],
            [
              116.305071,
              39.9964964
            ],
            [
              116.3049854,
              39.9957799
            ],
            [
              116.3051194,
              39.9957259
            ],
            [
              116.3052082,
              39.995195
            ],
            [
              116.304842,
              39.9950784
            ],
            [
              116.3048972,
              39.9948274
            ],
            [
              116.3031379,
              39.9946504
            ],
            [
              116.3030868,
              39.9949674
            ],
            [
              116.3034717,
              39.9951127
            ],
            [
              116.3032805,
              39.995951
            ],
            [
              116.3025249,
              39.995844
            ],
            [
              116.3020628,
              39.9959505
            ],
            [
              116.3018403,
              39.9964775
            ]
          ]
        ]
      },
      "properties": {
        "kind": "osm",
        "layer": "water_landuse",
        "osm_type": "way",
        "osm_id": 1101205978,
        "name": "镜春园",
        "source": "OpenStreetMap via Overpass API",
        "geometry_type": "Polygon",
        "leisure": "garden"
      }
    },
    {
      "type": "Feature",
      "geometry": {
        "type": "Polygon",
        "coordinates": [
          [
            [
              116.3028549,
              39.9872153
            ],
            [
              116.3032227,
              39.987226
            ],
            [
              116.3032207,
              39.9871605
            ],
            [
              116.303177,
              39.9871331
            ],
            [
              116.303173,
              39.987098
            ],
            [
              116.3028648,
              39.9870935
            ],
            [
              116.3028549,
              39.9872153
            ]
          ]
        ]
      },
      "properties": {
        "kind": "osm",
        "layer": "water_landuse",
        "osm_type": "way",
        "osm_id": 1101490163,
        "name": "",
        "source": "OpenStreetMap via Overpass API",
        "geometry_type": "Polygon",
        "leisure": "garden"
      }
    },
    {
      "type": "Feature",
      "geometry": {
        "type": "Polygon",
        "coordinates": [
          [
            [
              116.3032744,
              39.9872397
            ],
            [
              116.3036939,
              39.9872458
            ],
            [
              116.3036999,
              39.9871163
            ],
            [
              116.3033937,
              39.9871148
            ],
            [
              116.3033519,
              39.9871544
            ],
            [
              116.3032983,
              39.9871712
            ],
            [
              116.3032784,
              39.9871712
            ],
            [
              116.3032744,
              39.9872397
            ]
          ]
        ]
      },
      "properties": {
        "kind": "osm",
        "layer": "water_landuse",
        "osm_type": "way",
        "osm_id": 1101490164,
        "name": "",
        "source": "OpenStreetMap via Overpass API",
        "geometry_type": "Polygon",
        "leisure": "garden"
      }
    },
    {
      "type": "Feature",
      "geometry": {
        "type": "Polygon",
        "coordinates": [
          [
            [
              116.3028688,
              39.9870508
            ],
            [
              116.3028748,
              39.9869046
            ],
            [
              116.3032327,
              39.9869152
            ],
            [
              116.3032327,
              39.9870097
            ],
            [
              116.3032028,
              39.9870249
            ],
            [
              116.303177,
              39.9870615
            ],
            [
              116.3028688,
              39.9870508
            ]
          ]
        ]
      },
      "properties": {
        "kind": "osm",
        "layer": "water_landuse",
        "osm_type": "way",
        "osm_id": 1101490165,
        "name": "",
        "source": "OpenStreetMap via Overpass API",
        "geometry_type": "Polygon",
        "leisure": "garden"
      }
    },
    {
      "type": "Feature",
      "geometry": {
        "type": "Polygon",
        "coordinates": [
          [
            [
              116.3033181,
              39.986929
            ],
            [
              116.3037217,
              39.9869366
            ],
            [
              116.3037058,
              39.9870767
            ],
            [
              116.3034016,
              39.9870676
            ],
            [
              116.3033718,
              39.9870493
            ],
            [
              116.3033062,
              39.9870066
            ],
            [
              116.3033181,
              39.986929
            ]
          ]
        ]
      },
      "properties": {
        "kind": "osm",
        "layer": "water_landuse",
        "osm_type": "way",
        "osm_id": 1101490166,
        "name": "",
        "source": "OpenStreetMap via Overpass API",
        "geometry_type": "Polygon",
        "leisure": "garden"
      }
    },
    {
      "type": "Feature",
      "geometry": {
        "type": "Polygon",
        "coordinates": [
          [
            [
              116.3038231,
              39.9872367
            ],
            [
              116.3038311,
              39.9869518
            ],
            [
              116.3039908,
              39.9869563
            ],
            [
              116.3039742,
              39.9872412
            ],
            [
              116.3038231,
              39.9872367
            ]
          ]
        ]
      },
      "properties": {
        "kind": "osm",
        "layer": "water_landuse",
        "osm_type": "way",
        "osm_id": 1101490167,
        "name": "",
        "source": "OpenStreetMap via Overpass API",
        "geometry_type": "Polygon",
        "leisure": "garden"
      }
    },
    {
      "type": "Feature",
      "geometry": {
        "type": "Polygon",
        "coordinates": [
          [
            [
              116.3010704,
              39.9942197
            ],
            [
              116.3010743,
              39.993848
            ],
            [
              116.3015018,
              39.9938526
            ],
            [
              116.3014879,
              39.9942182
            ],
            [
              116.3010704,
              39.9942197
            ]
          ]
        ]
      },
      "properties": {
        "kind": "osm",
        "layer": "water_landuse",
        "osm_type": "way",
        "osm_id": 1101754977,
        "name": "",
        "source": "OpenStreetMap via Overpass API",
        "geometry_type": "Polygon",
        "leisure": "garden"
      }
    },
    {
      "type": "Feature",
      "geometry": {
        "type": "Polygon",
        "coordinates": [
          [
            [
              116.3023567,
              39.994244
            ],
            [
              116.3023567,
              39.9938724
            ],
            [
              116.3027722,
              39.9938739
            ],
            [
              116.3027623,
              39.9942425
            ],
            [
              116.3023567,
              39.994244
            ]
          ]
        ]
      },
      "properties": {
        "kind": "osm",
        "layer": "water_landuse",
        "osm_type": "way",
        "osm_id": 1101754978,
        "name": "",
        "source": "OpenStreetMap via Overpass API",
        "geometry_type": "Polygon",
        "leisure": "garden"
      }
    },
    {
      "type": "Feature",
      "geometry": {
        "type": "Polygon",
        "coordinates": [
          [
            [
              116.3065504,
              39.9886334
            ],
            [
              116.3067079,
              39.9886413
            ],
            [
              116.3067387,
              39.9882911
            ],
            [
              116.3065761,
              39.9882806
            ],
            [
              116.3065504,
              39.9886334
            ]
          ]
        ]
      },
      "properties": {
        "kind": "osm",
        "layer": "water_landuse",
        "osm_type": "way",
        "osm_id": 1111656413,
        "name": "",
        "source": "OpenStreetMap via Overpass API",
        "geometry_type": "Polygon",
        "leisure": "garden"
      }
    },
    {
      "type": "Feature",
      "geometry": {
        "type": "Polygon",
        "coordinates": [
          [
            [
              116.3065813,
              39.9882256
            ],
            [
              116.3067182,
              39.9882308
            ],
            [
              116.306725,
              39.9881639
            ],
            [
              116.3065881,
              39.9881561
            ],
            [
              116.3065813,
              39.9882256
            ]
          ]
        ]
      },
      "properties": {
        "kind": "osm",
        "layer": "water_landuse",
        "osm_type": "way",
        "osm_id": 1111656414,
        "name": "",
        "source": "OpenStreetMap via Overpass API",
        "geometry_type": "Polygon",
        "leisure": "garden"
      }
    },
    {
      "type": "Feature",
      "geometry": {
        "type": "Polygon",
        "coordinates": [
          [
            [
              116.3065984,
              39.9881311
            ],
            [
              116.3067285,
              39.9881364
            ],
            [
              116.3067336,
              39.98808
            ],
            [
              116.3066035,
              39.9880734
            ],
            [
              116.3065984,
              39.9881311
            ]
          ]
        ]
      },
      "properties": {
        "kind": "osm",
        "layer": "water_landuse",
        "osm_type": "way",
        "osm_id": 1111656415,
        "name": "",
        "source": "OpenStreetMap via Overpass API",
        "geometry_type": "Polygon",
        "leisure": "garden"
      }
    },
    {
      "type": "Feature",
      "geometry": {
        "type": "Polygon",
        "coordinates": [
          [
            [
              116.307525,
              39.9966226
            ],
            [
              116.3076189,
              39.9967521
            ],
            [
              116.3077342,
              39.9968034
            ],
            [
              116.3081446,
              39.9968384
            ],
            [
              116.3082143,
              39.9960596
            ],
            [
              116.3079005,
              39.9960534
            ],
            [
              116.307879,
              39.9961726
            ],
            [
              116.3074687,
              39.99615
            ],
            [
              116.3074552,
              39.9962774
            ],
            [
              116.3075894,
              39.9963247
            ],
            [
              116.3076618,
              39.9964069
            ],
            [
              116.3076725,
              39.9964808
            ],
            [
              116.3076215,
              39.9965589
            ],
            [
              116.307525,
              39.9966226
            ]
          ]
        ]
      },
      "properties": {
        "kind": "osm",
        "layer": "water_landuse",
        "osm_type": "way",
        "osm_id": 1151226550,
        "name": "",
        "source": "OpenStreetMap via Overpass API",
        "geometry_type": "Polygon",
        "leisure": "park"
      }
    },
    {
      "type": "Feature",
      "geometry": {
        "type": "Polygon",
        "coordinates": [
          [
            [
              116.306509,
              39.9910369
            ],
            [
              116.3064653,
              39.9909744
            ],
            [
              116.3064713,
              39.9908678
            ],
            [
              116.3065508,
              39.9908693
            ],
            [
              116.3065329,
              39.9910293
            ],
            [
              116.306509,
              39.9910369
            ]
          ]
        ]
      },
      "properties": {
        "kind": "osm",
        "layer": "water_landuse",
        "osm_type": "way",
        "osm_id": 1151226554,
        "name": "",
        "source": "OpenStreetMap via Overpass API",
        "geometry_type": "Polygon",
        "leisure": "park"
      }
    },
    {
      "type": "Feature",
      "geometry": {
        "type": "Polygon",
        "coordinates": [
          [
            [
              116.3064116,
              39.9911009
            ],
            [
              116.3064733,
              39.9910765
            ],
            [
              116.3064752,
              39.9910399
            ],
            [
              116.3064514,
              39.9910049
            ],
            [
              116.3064275,
              39.990979
            ],
            [
              116.3064116,
              39.9911009
            ]
          ]
        ]
      },
      "properties": {
        "kind": "osm",
        "layer": "water_landuse",
        "osm_type": "way",
        "osm_id": 1151226555,
        "name": "",
        "source": "OpenStreetMap via Overpass API",
        "geometry_type": "Polygon",
        "leisure": "park"
      }
    },
    {
      "type": "Feature",
      "geometry": {
        "type": "Polygon",
        "coordinates": [
          [
            [
              116.3064096,
              39.9911131
            ],
            [
              116.3064911,
              39.9911313
            ],
            [
              116.3064892,
              39.9911618
            ],
            [
              116.3064593,
              39.9911862
            ],
            [
              116.3064693,
              39.9912105
            ],
            [
              116.3064772,
              39.9912593
            ],
            [
              116.3064037,
              39.9913004
            ],
            [
              116.3064096,
              39.9911131
            ]
          ]
        ]
      },
      "properties": {
        "kind": "osm",
        "layer": "water_landuse",
        "osm_type": "way",
        "osm_id": 1151226556,
        "name": "",
        "source": "OpenStreetMap via Overpass API",
        "geometry_type": "Polygon",
        "leisure": "park"
      }
    },
    {
      "type": "Feature",
      "geometry": {
        "type": "Polygon",
        "coordinates": [
          [
            [
              116.306509,
              39.9914299
            ],
            [
              116.306515,
              39.9913309
            ],
            [
              116.3064693,
              39.9912958
            ],
            [
              116.3063937,
              39.9913324
            ],
            [
              116.3063917,
              39.9914558
            ],
            [
              116.3064733,
              39.9914573
            ],
            [
              116.306509,
              39.9914299
            ]
          ]
        ]
      },
      "properties": {
        "kind": "osm",
        "layer": "water_landuse",
        "osm_type": "way",
        "osm_id": 1151226557,
        "name": "",
        "source": "OpenStreetMap via Overpass API",
        "geometry_type": "Polygon",
        "leisure": "park"
      }
    }
  ]
}
