{
  "type": "FeatureCollection",
  "features": [
    {
      "type": "Feature",
      "geometry": {
        "type": "LineString",
        "coordinates": [
          [
            116.2983116,
            39.9961848
          ],
          [
            116.3005863,
            39.9963839
          ],
          [
            116.3009964,
            39.996476
          ],
          [
            116.3012141,
            39.9966022
          ],
          [
            116.3020741,
            39.9974562
          ],
          [
            116.3023792,
            39.9977205
          ],
          [
            116.3028742,
            39.9980034
          ],
          [
            116.3039338,
            39.9983038
          ],
          [
            116.3052651,
            39.9984819
          ],
          [
            116.3057643,
            39.9985174
          ],
          [
            116.3073919,
            39.9985752
          ],
          [
            116.3088778,
            39.9985968
          ]
        ]
      },
      "properties": {
        "kind": "osm",
        "layer": "roads",
        "osm_type": "way",
        "osm_id": 23426778,
        "name": "清华西路",
        "source": "OpenStreetMap via Overpass API",
        "geometry_type": "LineString",
        "highway": "secondary",
        "surface": "asphalt",
        "simplified": true,
        "simplification_tolerance_degrees": 1.5e-05
      }
    },
    {
      "type": "Feature",
      "geometry": {
        "type": "LineString",
        "coordinates": [
          [
            116.315926,
            39.996173
          ],
          [
            116.3177845,
            39.9963161
          ],
          [
            116.3200248,
            39.9966581
          ],
          [
            116.3208322,
            39.9967545
          ],
          [
            116.3212491,
            39.9967862
          ],
          [
            116.3221798,
            39.9967959
          ]
        ]
      },
      "properties": {
        "kind": "osm",
        "layer": "roads",
        "osm_type": "way",
        "osm_id": 32954774,
        "name": "",
        "source": "OpenStreetMap via Overpass API",
        "geometry_type": "LineString",
        "highway": "residential",
        "surface": "asphalt",
        "simplified": true,
        "simplification_tolerance_degrees": 1.5e-05
      }
    },
    {
      "type": "Feature",
      "geometry": {
        "type": "LineString",
        "coordinates": [
          [
            116.3148445,
            39.9908405
          ],
          [
            116.3148269,
            39.9912058
          ]
        ]
      },
      "properties": {
        "kind": "osm",
        "layer": "roads",
        "osm_type": "way",
        "osm_id": 32954934,
        "name": "",
        "source": "OpenStreetMap via Overpass API",
        "geometry_type": "LineString",
        "highway": "footway",
        "simplified": true,
        "simplification_tolerance_degrees": 1.5e-05
      }
    },
    {
      "type": "Feature",
      "geometry": {
        "type": "LineString",
        "coordinates": [
          [
            116.3091136,
            39.9944244
          ],
          [
            116.309611,
            39.9944551
          ]
        ]
      },
      "properties": {
        "kind": "osm",
        "layer": "roads",
        "osm_type": "way",
        "osm_id": 32954938,
        "name": "",
        "source": "OpenStreetMap via Overpass API",
        "geometry_type": "LineString",
        "highway": "footway",
        "simplified": true,
        "simplification_tolerance_degrees": 1.5e-05
      }
    },
    {
      "type": "Feature",
      "geometry": {
        "type": "LineString",
        "coordinates": [
          [
            116.3071531,
            39.9916729
          ],
          [
            116.3070893,
            39.9932385
          ],
          [
            116.3070495,
            39.9935443
          ],
          [
            116.3066043,
            39.9949843
          ]
        ]
      },
      "properties": {
        "kind": "osm",
        "layer": "roads",
        "osm_type": "way",
        "osm_id": 33278312,
        "name": "成府园西路",
        "source": "OpenStreetMap via Overpass API",
        "geometry_type": "LineString",
        "highway": "service",
        "simplified": true,
        "simplification_tolerance_degrees": 1.5e-05
      }
    },
    {
      "type": "Feature",
      "geometry": {
        "type": "LineString",
        "coordinates": [
          [
            116.3047211,
            39.9947539
          ],
          [
            116.3030869,
            39.9945907
          ],
          [
            116.3019462,
            39.9945728
          ],
          [
            116.3012961,
            39.9946135
          ],
          [
            116.3005549,
            39.9946264
          ]
        ]
      },
      "properties": {
        "kind": "osm",
        "layer": "roads",
        "osm_type": "way",
        "osm_id": 33278333,
        "name": "镜春园南路",
        "source": "OpenStreetMap via Overpass API",
        "geometry_type": "LineString",
        "highway": "service",
        "simplified": true,
        "simplification_tolerance_degrees": 1.5e-05
      }
    },
    {
      "type": "Feature",
      "geometry": {
        "type": "LineString",
        "coordinates": [
          [
            116.3005837,
            39.9936661
          ],
          [
            116.3003518,
            39.9936661
          ],
          [
            116.3001288,
            39.993623
          ],
          [
            116.2993248,
            39.9935979
          ],
          [
            116.2992646,
            39.9935631
          ],
          [
            116.2992284,
            39.9934871
          ],
          [
            116.2991786,
            39.9933027
          ],
          [
            116.2993025,
            39.9930739
          ],
          [
            116.2994101,
            39.9929968
          ],
          [
            116.2994347,
            39.9922036
          ],
          [
            116.2999595,
            39.9917654
          ]
        ]
      },
      "properties": {
        "kind": "osm",
        "layer": "roads",
        "osm_type": "way",
        "osm_id": 33278345,
        "name": "",
        "source": "OpenStreetMap via Overpass API",
        "geometry_type": "LineString",
        "highway": "footway",
        "simplified": true,
        "simplification_tolerance_degrees": 1.5e-05
      }
    },
    {
      "type": "Feature",
      "geometry": {
        "type": "LineString",
        "coordinates": [
          [
            116.3045067,
            39.9880767
          ],
          [
            116.3052809,
            39.9880915
          ]
        ]
      },
      "properties": {
        "kind": "osm",
        "layer": "roads",
        "osm_type": "way",
        "osm_id": 33278378,
        "name": "百讲南路",
        "source": "OpenStreetMap via Overpass API",
        "geometry_type": "LineString",
        "highway": "service",
        "simplified": true,
        "simplification_tolerance_degrees": 1.5e-05
      }
    },
    {
      "type": "Feature",
      "geometry": {
        "type": "LineString",
        "coordinates": [
          [
            116.3096421,
            39.9908058
          ],
          [
            116.309791,
            39.9907458
          ]
        ]
      },
      "properties": {
        "kind": "osm",
        "layer": "roads",
        "osm_type": "way",
        "osm_id": 33432185,
        "name": "",
        "source": "OpenStreetMap via Overpass API",
        "geometry_type": "LineString",
        "highway": "secondary",
        "simplified": true,
        "simplification_tolerance_degrees": 1.5e-05
      }
    },
    {
      "type": "Feature",
      "geometry": {
        "type": "LineString",
        "coordinates": [
          [
            116.3054565,
            39.98527
          ],
          [
            116.3053872,
            39.9861331
          ],
          [
            116.3052809,
            39.9880915
          ],
          [
            116.3051682,
            39.9890055
          ],
          [
            116.3051105,
            39.9902074
          ],
          [
            116.3050398,
            39.9910584
          ]
        ]
      },
      "properties": {
        "kind": "osm",
        "layer": "roads",
        "osm_type": "way",
        "osm_id": 33455720,
        "name": "五四路",
        "source": "OpenStreetMap via Overpass API",
        "geometry_type": "LineString",
        "highway": "residential",
        "simplified": true,
        "simplification_tolerance_degrees": 1.5e-05
      }
    },
    {
      "type": "Feature",
      "geometry": {
        "type": "LineString",
        "coordinates": [
          [
            116.3120128,
            39.9960627
          ],
          [
            116.3119459,
            39.9967356
          ]
        ]
      },
      "properties": {
        "kind": "osm",
        "layer": "roads",
        "osm_type": "way",
        "osm_id": 33456956,
        "name": "",
        "source": "OpenStreetMap via Overpass API",
        "geometry_type": "LineString",
        "highway": "service",
        "simplified": true,
        "simplification_tolerance_degrees": 1.5e-05
      }
    },
    {
      "type": "Feature",
      "geometry": {
        "type": "LineString",
        "coordinates": [
          [
            116.3047211,
            39.9947539
          ],
          [
            116.3047667,
            39.9946335
          ],
          [
            116.3048311,
            39.9945448
          ],
          [
            116.3051885,
            39.9942375
          ],
          [
            116.3054438,
            39.9936242
          ],
          [
            116.3053945,
            39.9932263
          ],
          [
            116.3053913,
            39.9929839
          ],
          [
            116.3054857,
            39.9926552
          ],
          [
            116.3058675,
            39.9920871
          ],
          [
            116.3060249,
            39.9918029
          ],
          [
            116.3063146,
            39.9916188
          ]
        ]
      },
      "properties": {
        "kind": "osm",
        "layer": "roads",
        "osm_type": "way",
        "osm_id": 33457266,
        "name": "未名湖东路",
        "source": "OpenStreetMap via Overpass API",
        "geometry_type": "LineString",
        "highway": "service",
        "simplified": true,
        "simplification_tolerance_degrees": 1.5e-05
      }
    },
    {
      "type": "Feature",
      "geometry": {
        "type": "LineString",
        "coordinates": [
          [
            116.3046036,
            39.9964913
          ],
          [
            116.3043802,
            39.9964088
          ],
          [
            116.3037827,
            39.9963333
          ],
          [
            116.3036884,
            39.9962856
          ],
          [
            116.3036001,
            39.9961909
          ]
        ]
      },
      "properties": {
        "kind": "osm",
        "layer": "roads",
        "osm_type": "way",
        "osm_id": 33457271,
        "name": "",
        "source": "OpenStreetMap via Overpass API",
        "geometry_type": "LineString",
        "highway": "service",
        "simplified": true,
        "simplification_tolerance_degrees": 1.5e-05
      }
    },
    {
      "type": "Feature",
      "geometry": {
        "type": "LineString",
        "coordinates": [
          [
            116.3065184,
            39.9886735
          ],
          [
            116.3063789,
            39.9902667
          ],
          [
            116.3063146,
            39.9916188
          ]
        ]
      },
      "properties": {
        "kind": "osm",
        "layer": "roads",
        "osm_type": "way",
        "osm_id": 33457307,
        "name": "理教西路",
        "source": "OpenStreetMap via Overpass API",
        "geometry_type": "LineString",
        "highway": "residential",
        "simplified": true,
        "simplification_tolerance_degrees": 1.5e-05
      }
    },
    {
      "type": "Feature",
      "geometry": {
        "type": "LineString",
        "coordinates": [
          [
            116.3065184,
            39.9886735
          ],
          [
            116.3094367,
            39.9887974
          ]
        ]
      },
      "properties": {
        "kind": "osm",
        "layer": "roads",
        "osm_type": "way",
        "osm_id": 33457361,
        "name": "东南门内大街",
        "source": "OpenStreetMap via Overpass API",
        "geometry_type": "LineString",
        "highway": "residential",
        "simplified": true,
        "simplification_tolerance_degrees": 1.5e-05
      }
    },
    {
      "type": "Feature",
      "geometry": {
        "type": "LineString",
        "coordinates": [
          [
            116.3052974,
            39.9906472
          ],
          [
            116.3093076,
            39.9907995
          ]
        ]
      },
      "properties": {
        "kind": "osm",
        "layer": "roads",
        "osm_type": "way",
        "osm_id": 33457409,
        "name": "科学路",
        "source": "OpenStreetMap via Overpass API",
        "geometry_type": "LineString",
        "highway": "residential",
        "simplified": true,
        "simplification_tolerance_degrees": 1.5e-05
      }
    },
    {
      "type": "Feature",
      "geometry": {
        "type": "LineString",
        "coordinates": [
          [
            116.3090208,
            39.9917546
          ],
          [
            116.3091065,
            39.9901525
          ],
          [
            116.309229,
            39.9887881
          ]
        ]
      },
      "properties": {
        "kind": "osm",
        "layer": "roads",
        "osm_type": "way",
        "osm_id": 33457522,
        "name": "",
        "source": "OpenStreetMap via Overpass API",
        "geometry_type": "LineString",
        "highway": "service",
        "simplified": true,
        "simplification_tolerance_degrees": 1.5e-05
      }
    },
    {
      "type": "Feature",
      "geometry": {
        "type": "LineString",
        "coordinates": [
          [
            116.312301,
            39.9909431
          ],
          [
            116.3121902,
            39.9920284
          ],
          [
            116.3121191,
            39.9930952
          ],
          [
            116.3121727,
            39.9931557
          ],
          [
            116.3121472,
            39.9935096
          ]
        ]
      },
      "properties": {
        "kind": "osm",
        "layer": "roads",
        "osm_type": "way",
        "osm_id": 33457660,
        "name": "",
        "source": "OpenStreetMap via Overpass API",
        "geometry_type": "LineString",
        "highway": "residential",
        "simplified": true,
        "simplification_tolerance_degrees": 1.5e-05
      }
    },
    {
      "type": "Feature",
      "geometry": {
        "type": "LineString",
        "coordinates": [
          [
            116.3239287,
            39.9884056
          ],
          [
            116.3235561,
            39.988254
          ],
          [
            116.3233834,
            39.9882163
          ],
          [
            116.3208806,
            39.9881571
          ],
          [
            116.3197699,
            39.9881624
          ],
          [
            116.315497,
            39.9879189
          ]
        ]
      },
      "properties": {
        "kind": "osm",
        "layer": "roads",
        "osm_type": "way",
        "osm_id": 72701010,
        "name": "中关村北二条",
        "source": "OpenStreetMap via Overpass API",
        "geometry_type": "LineString",
        "highway": "residential",
        "simplified": true,
        "simplification_tolerance_degrees": 1.5e-05
      }
    },
    {
      "type": "Feature",
      "geometry": {
        "type": "LineString",
        "coordinates": [
          [
            116.3150778,
            39.9912142
          ],
          [
            116.3148269,
            39.9912058
          ]
        ]
      },
      "properties": {
        "kind": "osm",
        "layer": "roads",
        "osm_type": "way",
        "osm_id": 121511480,
        "name": "",
        "source": "OpenStreetMap via Overpass API",
        "geometry_type": "LineString",
        "highway": "steps",
        "simplified": true,
        "simplification_tolerance_degrees": 1.5e-05
      }
    },
    {
      "type": "Feature",
      "geometry": {
        "type": "LineString",
        "coordinates": [
          [
            116.3145702,
            39.9908299
          ],
          [
            116.3148445,
            39.9908405
          ]
        ]
      },
      "properties": {
        "kind": "osm",
        "layer": "roads",
        "osm_type": "way",
        "osm_id": 121511482,
        "name": "",
        "source": "OpenStreetMap via Overpass API",
        "geometry_type": "LineString",
        "highway": "steps",
        "simplified": true,
        "simplification_tolerance_degrees": 1.5e-05
      }
    },
    {
      "type": "Feature",
      "geometry": {
        "type": "LineString",
        "coordinates": [
          [
            116.3099357,
            39.9906499
          ],
          [
            116.3157172,
            39.9909336
          ],
          [
            116.3173681,
            39.990992
          ],
          [
            116.318074,
            39.9909921
          ],
          [
            116.3183082,
            39.9910347
          ],
          [
            116.3237966,
            39.9911822
          ]
        ]
      },
      "properties": {
        "kind": "osm",
        "layer": "roads",
        "osm_type": "way",
        "osm_id": 121511486,
        "name": "成府路",
        "source": "OpenStreetMap via Overpass API",
        "geometry_type": "LineString",
        "highway": "cycleway",
        "simplified": true,
        "simplification_tolerance_degrees": 1.5e-05
      }
    },
    {
      "type": "Feature",
      "geometry": {
        "type": "LineString",
        "coordinates": [
          [
            116.3102652,
            39.9844495
          ],
          [
            116.3098897,
            39.9896208
          ]
        ]
      },
      "properties": {
        "kind": "osm",
        "layer": "roads",
        "osm_type": "way",
        "osm_id": 121778743,
        "name": "中关村北大街",
        "source": "OpenStreetMap via Overpass API",
        "geometry_type": "LineString",
        "highway": "primary",
        "simplified": true,
        "simplification_tolerance_degrees": 1.5e-05
      }
    },
    {
      "type": "Feature",
      "geometry": {
        "type": "LineString",
        "coordinates": [
          [
            116.3095673,
            39.9893459
          ],
          [
            116.3100424,
            39.9893678
          ]
        ]
      },
      "properties": {
        "kind": "osm",
        "layer": "roads",
        "osm_type": "way",
        "osm_id": 121778745,
        "name": "",
        "source": "OpenStreetMap via Overpass API",
        "geometry_type": "LineString",
        "highway": "footway",
        "simplified": true,
        "simplification_tolerance_degrees": 1.5e-05
      }
    },
    {
      "type": "Feature",
      "geometry": {
        "type": "LineString",
        "coordinates": [
          [
            116.3095463,
            39.9896329
          ],
          [
            116.3095789,
            39.9891867
          ]
        ]
      },
      "properties": {
        "kind": "osm",
        "layer": "roads",
        "osm_type": "way",
        "osm_id": 121778747,
        "name": "",
        "source": "OpenStreetMap via Overpass API",
        "geometry_type": "LineString",
        "highway": "footway",
        "simplified": true,
        "simplification_tolerance_degrees": 1.5e-05
      }
    },
    {
      "type": "Feature",
      "geometry": {
        "type": "LineString",
        "coordinates": [
          [
            116.3100262,
            39.9895647
          ],
          [
            116.3100659,
            39.9890847
          ]
        ]
      },
      "properties": {
        "kind": "osm",
        "layer": "roads",
        "osm_type": "way",
        "osm_id": 121778748,
        "name": "",
        "source": "OpenStreetMap via Overpass API",
        "geometry_type": "LineString",
        "highway": "footway",
        "simplified": true,
        "simplification_tolerance_degrees": 1.5e-05
      }
    },
    {
      "type": "Feature",
      "geometry": {
        "type": "LineString",
        "coordinates": [
          [
            116.3158303,
            39.9912809
          ],
          [
            116.3203813,
            39.9914426
          ],
          [
            116.3264087,
            39.9915849
          ],
          [
            116.3264648,
            39.9915962
          ],
          [
            116.3264822,
            39.9920231
          ]
        ]
      },
      "properties": {
        "kind": "osm",
        "layer": "roads",
        "osm_type": "way",
        "osm_id": 122100031,
        "name": "",
        "source": "OpenStreetMap via Overpass API",
        "geometry_type": "LineString",
        "highway": "footway",
        "footway": "sidewalk",
        "simplified": true,
        "simplification_tolerance_degrees": 1.5e-05
      }
    },
    {
      "type": "Feature",
      "geometry": {
        "type": "LineString",
        "coordinates": [
          [
            116.3090961,
            39.9945912
          ],
          [
            116.3091295,
            39.9942728
          ]
        ]
      },
      "properties": {
        "kind": "osm",
        "layer": "roads",
        "osm_type": "way",
        "osm_id": 128624226,
        "name": "",
        "source": "OpenStreetMap via Overpass API",
        "geometry_type": "LineString",
        "highway": "footway",
        "simplified": true,
        "simplification_tolerance_degrees": 1.5e-05
      }
    },
    {
      "type": "Feature",
      "geometry": {
        "type": "LineString",
        "coordinates": [
          [
            116.3095968,
            39.9945897
          ],
          [
            116.3096232,
            39.9943388
          ]
        ]
      },
      "properties": {
        "kind": "osm",
        "layer": "roads",
        "osm_type": "way",
        "osm_id": 128624230,
        "name": "",
        "source": "OpenStreetMap via Overpass API",
        "geometry_type": "LineString",
        "highway": "footway",
        "simplified": true,
        "simplification_tolerance_degrees": 1.5e-05
      }
    },
    {
      "type": "Feature",
      "geometry": {
        "type": "LineString",
        "coordinates": [
          [
            116.3089212,
            39.9964008
          ],
          [
            116.3093485,
            39.9964135
          ]
        ]
      },
      "properties": {
        "kind": "osm",
        "layer": "roads",
        "osm_type": "way",
        "osm_id": 128624231,
        "name": "",
        "source": "OpenStreetMap via Overpass API",
        "geometry_type": "LineString",
        "highway": "footway",
        "simplified": true,
        "simplification_tolerance_degrees": 1.5e-05
      }
    },
    {
      "type": "Feature",
      "geometry": {
        "type": "LineString",
        "coordinates": [
          [
            116.3002893,
            39.9911446
          ],
          [
            116.3024414,
            39.9911896
          ],
          [
            116.3046457,
            39.9913153
          ],
          [
            116.3047501,
            39.9912889
          ],
          [
            116.3050398,
            39.9910584
          ]
        ]
      },
      "properties": {
        "kind": "osm",
        "layer": "roads",
        "osm_type": "way",
        "osm_id": 128753742,
        "name": "求知路",
        "source": "OpenStreetMap via Overpass API",
        "geometry_type": "LineString",
        "highway": "residential",
        "simplified": true,
        "simplification_tolerance_degrees": 1.5e-05
      }
    },
    {
      "type": "Feature",
      "geometry": {
        "type": "LineString",
        "coordinates": [
          [
            116.3093789,
            39.9928981
          ],
          [
            116.3093338,
            39.9927241
          ],
          [
            116.3094006,
            39.9917638
          ],
          [
            116.3094733,
            39.9909002
          ],
          [
            116.3095552,
            39.9906377
          ],
          [
            116.3096684,
            39.9889439
          ],
          [
            116.3097104,
            39.9888092
          ],
          [
            116.3099844,
            39.9854625
          ],
          [
            116.3099874,
            39.9854008
          ],
          [
            116.3098491,
            39.9851061
          ],
          [
            116.3098382,
            39.9850127
          ],
          [
            116.3098657,
            39.9843662
          ]
        ]
      },
      "properties": {
        "kind": "osm",
        "layer": "roads",
        "osm_type": "way",
        "osm_id": 136597110,
        "name": "",
        "source": "OpenStreetMap via Overpass API",
        "geometry_type": "LineString",
        "highway": "cycleway",
        "simplified": true,
        "simplification_tolerance_degrees": 1.5e-05
      }
    },
    {
      "type": "Feature",
      "geometry": {
        "type": "LineString",
        "coordinates": [
          [
            116.3096421,
            39.9908058
          ],
          [
            116.3100797,
            39.9854854
          ]
        ]
      },
      "properties": {
        "kind": "osm",
        "layer": "roads",
        "osm_type": "way",
        "osm_id": 136867396,
        "name": "中关村北大街",
        "source": "OpenStreetMap via Overpass API",
        "geometry_type": "LineString",
        "highway": "primary",
        "simplified": true,
        "simplification_tolerance_degrees": 1.5e-05
      }
    },
    {
      "type": "Feature",
      "geometry": {
        "type": "LineString",
        "coordinates": [
          [
            116.315497,
            39.9879189
          ],
          [
            116.3159262,
            39.9845798
          ]
        ]
      },
      "properties": {
        "kind": "osm",
        "layer": "roads",
        "osm_type": "way",
        "osm_id": 138332527,
        "name": "中关村北一街",
        "source": "OpenStreetMap via Overpass API",
        "geometry_type": "LineString",
        "highway": "residential",
        "simplified": true,
        "simplification_tolerance_degrees": 1.5e-05
      }
    },
    {
      "type": "Feature",
      "geometry": {
        "type": "LineString",
        "coordinates": [
          [
            116.309801,
            39.9908406
          ],
          [
            116.3098164,
            39.9909154
          ],
          [
            116.3096592,
            39.992637
          ],
          [
            116.3095453,
            39.992919
          ]
        ]
      },
      "properties": {
        "kind": "osm",
        "layer": "roads",
        "osm_type": "way",
        "osm_id": 138690689,
        "name": "中关村北大街",
        "source": "OpenStreetMap via Overpass API",
        "geometry_type": "LineString",
        "highway": "primary",
        "simplified": true,
        "simplification_tolerance_degrees": 1.5e-05
      }
    },
    {
      "type": "Feature",
      "geometry": {
        "type": "LineString",
        "coordinates": [
          [
            116.309801,
            39.9908406
          ],
          [
            116.3096421,
            39.9908058
          ]
        ]
      },
      "properties": {
        "kind": "osm",
        "layer": "roads",
        "osm_type": "way",
        "osm_id": 138690693,
        "name": "",
        "source": "OpenStreetMap via Overpass API",
        "geometry_type": "LineString",
        "highway": "secondary",
        "simplified": true,
        "simplification_tolerance_degrees": 1.5e-05
      }
    },
    {
      "type": "Feature",
      "geometry": {
        "type": "LineString",
        "coordinates": [
          [
            116.3284085,
            39.9915946
          ],
          [
            116.3172355,
            39.9912402
          ],
          [
            116.3096489,
            39.9909079
          ]
        ]
      },
      "properties": {
        "kind": "osm",
        "layer": "roads",
        "osm_type": "way",
        "osm_id": 138690698,
        "name": "成府路",
        "source": "OpenStreetMap via Overpass API",
        "geometry_type": "LineString",
        "highway": "cycleway",
        "simplified": true,
        "simplification_tolerance_degrees": 1.5e-05
      }
    },
    {
      "type": "Feature",
      "geometry": {
        "type": "LineString",
        "coordinates": [
          [
            116.309791,
            39.9907458
          ],
          [
            116.3157068,
            39.9910189
          ],
          [
            116.3218662,
            39.9912247
          ],
          [
            116.3234488,
            39.9912537
          ]
        ]
      },
      "properties": {
        "kind": "osm",
        "layer": "roads",
        "osm_type": "way",
        "osm_id": 138694650,
        "name": "成府路",
        "source": "OpenStreetMap via Overpass API",
        "geometry_type": "LineString",
        "highway": "secondary",
        "simplified": true,
        "simplification_tolerance_degrees": 1.5e-05
      }
    },
    {
      "type": "Feature",
      "geometry": {
        "type": "LineString",
        "coordinates": [
          [
            116.309791,
            39.9907458
          ],
          [
            116.309801,
            39.9908406
          ]
        ]
      },
      "properties": {
        "kind": "osm",
        "layer": "roads",
        "osm_type": "way",
        "osm_id": 138694680,
        "name": "",
        "source": "OpenStreetMap via Overpass API",
        "geometry_type": "LineString",
        "highway": "primary_link",
        "simplified": true,
        "simplification_tolerance_degrees": 1.5e-05
      }
    },
    {
      "type": "Feature",
      "geometry": {
        "type": "LineString",
        "coordinates": [
          [
            116.326671,
            39.9914556
          ],
          [
            116.3237993,
            39.9913485
          ],
          [
            116.3219639,
            39.9913156
          ],
          [
            116.3156977,
            39.9910941
          ],
          [
            116.309801,
            39.9908406
          ]
        ]
      },
      "properties": {
        "kind": "osm",
        "layer": "roads",
        "osm_type": "way",
        "osm_id": 142101048,
        "name": "成府路",
        "source": "OpenStreetMap via Overpass API",
        "geometry_type": "LineString",
        "highway": "secondary",
        "simplified": true,
        "simplification_tolerance_degrees": 1.5e-05
      }
    },
    {
      "type": "Feature",
      "geometry": {
        "type": "LineString",
        "coordinates": [
          [
            116.3157172,
            39.9909336
          ],
          [
            116.3156881,
            39.9911727
          ],
          [
            116.3156461,
            39.9912776
          ],
          [
            116.3146489,
            39.9923512
          ],
          [
            116.3145304,
            39.9925748
          ],
          [
            116.3144563,
            39.9928291
          ],
          [
            116.3142461,
            39.9943906
          ],
          [
            116.3139813,
            39.9955704
          ],
          [
            116.313914,
            39.9957532
          ],
          [
            116.3138301,
            39.9958429
          ],
          [
            116.3136099,
            39.9960048
          ],
          [
            116.313341,
            39.9960912
          ],
          [
            116.3111148,
            39.9960385
          ],
          [
            116.3108867,
            39.9960631
          ],
          [
            116.3107026,
            39.9961234
          ],
          [
            116.3105367,
            39.9962052
          ],
          [
            116.3103086,
            39.996401
          ],
          [
            116.3095143,
            39.9973908
          ],
          [
            116.3091142,
            39.9979528
          ]
        ]
      },
      "properties": {
        "kind": "osm",
        "layer": "roads",
        "osm_type": "way",
        "osm_id": 144929523,
        "name": "清华南路",
        "source": "OpenStreetMap via Overpass API",
        "geometry_type": "LineString",
        "highway": "tertiary",
        "simplified": true,
        "simplification_tolerance_degrees": 1.5e-05
      }
    },
    {
      "type": "Feature",
      "geometry": {
        "type": "LineString",
        "coordinates": [
          [
            116.3096489,
            39.9909079
          ],
          [
            116.3094733,
            39.9909002
          ]
        ]
      },
      "properties": {
        "kind": "osm",
        "layer": "roads",
        "osm_type": "way",
        "osm_id": 165628685,
        "name": "",
        "source": "OpenStreetMap via Overpass API",
        "geometry_type": "LineString",
        "highway": "cycleway",
        "simplified": true,
        "simplification_tolerance_degrees": 1.5e-05
      }
    },
    {
      "type": "Feature",
      "geometry": {
        "type": "LineString",
        "coordinates": [
          [
            116.3181961,
            39.994425
          ],
          [
            116.3183159,
            39.9933529
          ],
          [
            116.3151421,
            39.993166
          ]
        ]
      },
      "properties": {
        "kind": "osm",
        "layer": "roads",
        "osm_type": "way",
        "osm_id": 226625491,
        "name": "",
        "source": "OpenStreetMap via Overpass API",
        "geometry_type": "LineString",
        "highway": "service",
        "simplified": true,
        "simplification_tolerance_degrees": 1.5e-05
      }
    },
    {
      "type": "Feature",
      "geometry": {
        "type": "LineString",
        "coordinates": [
          [
            116.3095108,
            39.9908035
          ],
          [
            116.3096421,
            39.9908058
          ]
        ]
      },
      "properties": {
        "kind": "osm",
        "layer": "roads",
        "osm_type": "way",
        "osm_id": 226703690,
        "name": "",
        "source": "OpenStreetMap via Overpass API",
        "geometry_type": "LineString",
        "highway": "service",
        "simplified": true,
        "simplification_tolerance_degrees": 1.5e-05
      }
    },
    {
      "type": "Feature",
      "geometry": {
        "type": "LineString",
        "coordinates": [
          [
            116.3063146,
            39.9916188
          ],
          [
            116.3092297,
            39.991764
          ]
        ]
      },
      "properties": {
        "kind": "osm",
        "layer": "roads",
        "osm_type": "way",
        "osm_id": 226703721,
        "name": "成府园南路",
        "source": "OpenStreetMap via Overpass API",
        "geometry_type": "LineString",
        "highway": "residential",
        "simplified": true,
        "simplification_tolerance_degrees": 1.5e-05
      }
    },
    {
      "type": "Feature",
      "geometry": {
        "type": "LineString",
        "coordinates": [
          [
            116.3094006,
            39.9917638
          ],
          [
            116.3095618,
            39.9917752
          ]
        ]
      },
      "properties": {
        "kind": "osm",
        "layer": "roads",
        "osm_type": "way",
        "osm_id": 226703722,
        "name": "",
        "source": "OpenStreetMap via Overpass API",
        "geometry_type": "LineString",
        "highway": "service",
        "simplified": true,
        "simplification_tolerance_degrees": 1.5e-05
      }
    },
    {
      "type": "Feature",
      "geometry": {
        "type": "LineString",
        "coordinates": [
          [
            116.3095453,
            39.992919
          ],
          [
            116.309424,
            39.9944326
          ],
          [
            116.3091334,
            39.9972902
          ],
          [
            116.3091142,
            39.9979528
          ]
        ]
      },
      "properties": {
        "kind": "osm",
        "layer": "roads",
        "osm_type": "way",
        "osm_id": 237011435,
        "name": "中关村北大街",
        "source": "OpenStreetMap via Overpass API",
        "geometry_type": "LineString",
        "highway": "primary",
        "simplified": true,
        "simplification_tolerance_degrees": 1.5e-05
      }
    },
    {
      "type": "Feature",
      "geometry": {
        "type": "LineString",
        "coordinates": [
          [
            116.3098897,
            39.9896208
          ],
          [
            116.309791,
            39.9907458
          ]
        ]
      },
      "properties": {
        "kind": "osm",
        "layer": "roads",
        "osm_type": "way",
        "osm_id": 237011437,
        "name": "中关村北大街",
        "source": "OpenStreetMap via Overpass API",
        "geometry_type": "LineString",
        "highway": "primary",
        "simplified": true,
        "simplification_tolerance_degrees": 1.5e-05
      }
    },
    {
      "type": "Feature",
      "geometry": {
        "type": "LineString",
        "coordinates": [
          [
            116.3097584,
            39.9925688
          ],
          [
            116.309649,
            39.9930758
          ],
          [
            116.3095934,
            39.9938089
          ],
          [
            116.3094675,
            39.9939607
          ]
        ]
      },
      "properties": {
        "kind": "osm",
        "layer": "roads",
        "osm_type": "way",
        "osm_id": 237011438,
        "name": "",
        "source": "OpenStreetMap via Overpass API",
        "geometry_type": "LineString",
        "highway": "cycleway",
        "simplified": true,
        "simplification_tolerance_degrees": 1.5e-05
      }
    },
    {
      "type": "Feature",
      "geometry": {
        "type": "LineString",
        "coordinates": [
          [
            116.3094034,
            39.9946426
          ],
          [
            116.3095553,
            39.9947531
          ],
          [
            116.3094539,
            39.9957902
          ]
        ]
      },
      "properties": {
        "kind": "osm",
        "layer": "roads",
        "osm_type": "way",
        "osm_id": 237011439,
        "name": "",
        "source": "OpenStreetMap via Overpass API",
        "geometry_type": "LineString",
        "highway": "cycleway",
        "simplified": true,
        "simplification_tolerance_degrees": 1.5e-05
      }
    },
    {
      "type": "Feature",
      "geometry": {
        "type": "LineString",
        "coordinates": [
          [
            116.3092875,
            39.9957988
          ],
          [
            116.3094539,
            39.9957902
          ],
          [
            116.3101831,
            39.9958812
          ],
          [
            116.3104502,
            39.9960827
          ],
          [
            116.3105367,
            39.9962052
          ]
        ]
      },
      "properties": {
        "kind": "osm",
        "layer": "roads",
        "osm_type": "way",
        "osm_id": 237011442,
        "name": "燕东园北小街",
        "source": "OpenStreetMap via Overpass API",
        "geometry_type": "LineString",
        "highway": "unclassified",
        "simplified": true,
        "simplification_tolerance_degrees": 1.5e-05
      }
    },
    {
      "type": "Feature",
      "geometry": {
        "type": "LineString",
        "coordinates": [
          [
            116.3043961,
            39.9861106
          ],
          [
            116.3042782,
            39.987858
          ]
        ]
      },
      "properties": {
        "kind": "osm",
        "layer": "roads",
        "osm_type": "way",
        "osm_id": 240825488,
        "name": "新太阳西路",
        "source": "OpenStreetMap via Overpass API",
        "geometry_type": "LineString",
        "highway": "service",
        "simplified": true,
        "simplification_tolerance_degrees": 1.5e-05
      }
    },
    {
      "type": "Feature",
      "geometry": {
        "type": "LineString",
        "coordinates": [
          [
            116.3005549,
            39.9946264
          ],
          [
            116.3005837,
            39.9936661
          ],
          [
            116.300666,
            39.9936346
          ],
          [
            116.300681,
            39.9931617
          ],
          [
            116.3006002,
            39.9928621
          ],
          [
            116.3006205,
            39.9924763
          ],
          [
            116.3006844,
            39.9922729
          ],
          [
            116.3008391,
            39.9920485
          ],
          [
            116.3007592,
            39.9917378
          ],
          [
            116.3005059,
            39.9912958
          ],
          [
            116.3002893,
            39.9911446
          ]
        ]
      },
      "properties": {
        "kind": "osm",
        "layer": "roads",
        "osm_type": "way",
        "osm_id": 240825512,
        "name": "未名湖西路",
        "source": "OpenStreetMap via Overpass API",
        "geometry_type": "LineString",
        "highway": "service",
        "simplified": true,
        "simplification_tolerance_degrees": 1.5e-05
      }
    },
    {
      "type": "Feature",
      "geometry": {
        "type": "LineString",
        "coordinates": [
          [
            116.3002032,
            39.9930371
          ],
          [
            116.3002124,
            39.9929307
          ],
          [
            116.3003113,
            39.9928439
          ],
          [
            116.3006002,
            39.9928621
          ]
        ]
      },
      "properties": {
        "kind": "osm",
        "layer": "roads",
        "osm_type": "way",
        "osm_id": 240825515,
        "name": "",
        "source": "OpenStreetMap via Overpass API",
        "geometry_type": "LineString",
        "highway": "footway",
        "simplified": true,
        "simplification_tolerance_degrees": 1.5e-05
      }
    },
    {
      "type": "Feature",
      "geometry": {
        "type": "LineString",
        "coordinates": [
          [
            116.3001997,
            39.9924657
          ],
          [
            116.3003467,
            39.9923448
          ],
          [
            116.3008391,
            39.9920485
          ]
        ]
      },
      "properties": {
        "kind": "osm",
        "layer": "roads",
        "osm_type": "way",
        "osm_id": 240825518,
        "name": "",
        "source": "OpenStreetMap via Overpass API",
        "geometry_type": "LineString",
        "highway": "footway",
        "simplified": true,
        "simplification_tolerance_degrees": 1.5e-05
      }
    },
    {
      "type": "Feature",
      "geometry": {
        "type": "LineString",
        "coordinates": [
          [
            116.3004238,
            39.9896096
          ],
          [
            116.303555,
            39.9896484
          ]
        ]
      },
      "properties": {
        "kind": "osm",
        "layer": "roads",
        "osm_type": "way",
        "osm_id": 240825522,
        "name": "静园路",
        "source": "OpenStreetMap via Overpass API",
        "geometry_type": "LineString",
        "highway": "service",
        "simplified": true,
        "simplification_tolerance_degrees": 1.5e-05
      }
    },
    {
      "type": "Feature",
      "geometry": {
        "type": "LineString",
        "coordinates": [
          [
            116.3011085,
            39.9874339
          ],
          [
            116.3011699,
            39.9860252
          ]
        ]
      },
      "properties": {
        "kind": "osm",
        "layer": "roads",
        "osm_type": "way",
        "osm_id": 240825524,
        "name": "艺园路",
        "source": "OpenStreetMap via Overpass API",
        "geometry_type": "LineString",
        "highway": "service",
        "simplified": true,
        "simplification_tolerance_degrees": 1.5e-05
      }
    },
    {
      "type": "Feature",
      "geometry": {
        "type": "LineString",
        "coordinates": [
          [
            116.3023369,
            39.9874835
          ],
          [
            116.3024061,
            39.9860568
          ]
        ]
      },
      "properties": {
        "kind": "osm",
        "layer": "roads",
        "osm_type": "way",
        "osm_id": 240825526,
        "name": "康河大道",
        "source": "OpenStreetMap via Overpass API",
        "geometry_type": "LineString",
        "highway": "service",
        "simplified": true,
        "simplification_tolerance_degrees": 1.5e-05
      }
    },
    {
      "type": "Feature",
      "geometry": {
        "type": "LineString",
        "coordinates": [
          [
            116.3003863,
            39.9874102
          ],
          [
            116.3011085,
            39.9874339
          ],
          [
            116.3014752,
            39.9874689
          ],
          [
            116.3043071,
            39.9875503
          ]
        ]
      },
      "properties": {
        "kind": "osm",
        "layer": "roads",
        "osm_type": "way",
        "osm_id": 240825533,
        "name": "燕南路",
        "source": "OpenStreetMap via Overpass API",
        "geometry_type": "LineString",
        "highway": "service",
        "simplified": true,
        "simplification_tolerance_degrees": 1.5e-05
      }
    },
    {
      "type": "Feature",
      "geometry": {
        "type": "LineString",
        "coordinates": [
          [
            116.3052809,
            39.9880915
          ],
          [
            116.3065508,
            39.9881439
          ]
        ]
      },
      "properties": {
        "kind": "osm",
        "layer": "roads",
        "osm_type": "way",
        "osm_id": 240825552,
        "name": "农园北路",
        "source": "OpenStreetMap via Overpass API",
        "geometry_type": "LineString",
        "highway": "service",
        "simplified": true,
        "simplification_tolerance_degrees": 1.5e-05
      }
    },
    {
      "type": "Feature",
      "geometry": {
        "type": "LineString",
        "coordinates": [
          [
            116.3065184,
            39.9886735
          ],
          [
            116.3065874,
            39.9874959
          ]
        ]
      },
      "properties": {
        "kind": "osm",
        "layer": "roads",
        "osm_type": "way",
        "osm_id": 240825553,
        "name": "二教西路",
        "source": "OpenStreetMap via Overpass API",
        "geometry_type": "LineString",
        "highway": "residential",
        "simplified": true,
        "simplification_tolerance_degrees": 1.5e-05
      }
    },
    {
      "type": "Feature",
      "geometry": {
        "type": "LineString",
        "coordinates": [
          [
            116.307368,
            39.9881755
          ],
          [
            116.3074097,
            39.9875358
          ]
        ]
      },
      "properties": {
        "kind": "osm",
        "layer": "roads",
        "osm_type": "way",
        "osm_id": 240825558,
        "name": "",
        "source": "OpenStreetMap via Overpass API",
        "geometry_type": "LineString",
        "highway": "footway",
        "simplified": true,
        "simplification_tolerance_degrees": 1.5e-05
      }
    },
    {
      "type": "Feature",
      "geometry": {
        "type": "LineString",
        "coordinates": [
          [
            116.307383,
            39.9879758
          ],
          [
            116.3079335,
            39.9879986
          ],
          [
            116.3079229,
            39.9882164
          ],
          [
            116.3082175,
            39.9882281
          ]
        ]
      },
      "properties": {
        "kind": "osm",
        "layer": "roads",
        "osm_type": "way",
        "osm_id": 240825559,
        "name": "",
        "source": "OpenStreetMap via Overpass API",
        "geometry_type": "LineString",
        "highway": "footway",
        "simplified": true,
        "simplification_tolerance_degrees": 1.5e-05
      }
    },
    {
      "type": "Feature",
      "geometry": {
        "type": "LineString",
        "coordinates": [
          [
            116.3065874,
            39.9874959
          ],
          [
            116.3082777,
            39.9875709
          ]
        ]
      },
      "properties": {
        "kind": "osm",
        "layer": "roads",
        "osm_type": "way",
        "osm_id": 240825560,
        "name": "三教南路",
        "source": "OpenStreetMap via Overpass API",
        "geometry_type": "LineString",
        "highway": "service",
        "simplified": true,
        "simplification_tolerance_degrees": 1.5e-05
      }
    },
    {
      "type": "Feature",
      "geometry": {
        "type": "LineString",
        "coordinates": [
          [
            116.3070495,
            39.9935443
          ],
          [
            116.3088544,
            39.9938129
          ]
        ]
      },
      "properties": {
        "kind": "osm",
        "layer": "roads",
        "osm_type": "way",
        "osm_id": 240825563,
        "name": "一体东路",
        "source": "OpenStreetMap via Overpass API",
        "geometry_type": "LineString",
        "highway": "service",
        "simplified": true,
        "simplification_tolerance_degrees": 1.5e-05
      }
    },
    {
      "type": "Feature",
      "geometry": {
        "type": "LineString",
        "coordinates": [
          [
            116.3070235,
            39.9956535
          ],
          [
            116.3072904,
            39.9950408
          ],
          [
            116.3077046,
            39.9935549
          ],
          [
            116.3078183,
            39.992847
          ]
        ]
      },
      "properties": {
        "kind": "osm",
        "layer": "roads",
        "osm_type": "way",
        "osm_id": 240825564,
        "name": "成府园中路",
        "source": "OpenStreetMap via Overpass API",
        "geometry_type": "LineString",
        "highway": "service",
        "simplified": true,
        "simplification_tolerance_degrees": 1.5e-05
      }
    },
    {
      "type": "Feature",
      "geometry": {
        "type": "LineString",
        "coordinates": [
          [
            116.3070041,
            39.9958625
          ],
          [
            116.3091058,
            39.9959913
          ]
        ]
      },
      "properties": {
        "kind": "osm",
        "layer": "roads",
        "osm_type": "way",
        "osm_id": 240825565,
        "name": "",
        "source": "OpenStreetMap via Overpass API",
        "geometry_type": "LineString",
        "highway": "service",
        "simplified": true,
        "simplification_tolerance_degrees": 1.5e-05
      }
    },
    {
      "type": "Feature",
      "geometry": {
        "type": "LineString",
        "coordinates": [
          [
            116.3054488,
            39.9927438
          ],
          [
            116.3053044,
            39.9926481
          ],
          [
            116.3049483,
            39.9925969
          ],
          [
            116.3047779,
            39.9926015
          ],
          [
            116.3043434,
            39.9927997
          ],
          [
            116.3042594,
            39.992792
          ],
          [
            116.3035722,
            39.992568
          ],
          [
            116.3036573,
            39.9922963
          ],
          [
            116.3038005,
            39.9922968
          ],
          [
            116.3040449,
            39.9922133
          ],
          [
            116.3040869,
            39.9920774
          ],
          [
            116.3039497,
            39.9919956
          ],
          [
            116.3038067,
            39.9919486
          ],
          [
            116.3036041,
            39.991953
          ],
          [
            116.303426,
            39.9919793
          ],
          [
            116.303321,
            39.9920237
          ],
          [
            116.303296,
            39.9920697
          ],
          [
            116.3033818,
            39.9922861
          ],
          [
            116.3033865,
            39.9925504
          ],
          [
            116.3030455,
            39.9926105
          ],
          [
            116.302588,
            39.9927773
          ],
          [
            116.3014865,
            39.9933198
          ]
        ]
      },
      "properties": {
        "kind": "osm",
        "layer": "roads",
        "osm_type": "way",
        "osm_id": 240825571,
        "name": "未名湖南步道",
        "source": "OpenStreetMap via Overpass API",
        "geometry_type": "LineString",
        "highway": "footway",
        "simplified": true,
        "simplification_tolerance_degrees": 1.5e-05
      }
    },
    {
      "type": "Feature",
      "geometry": {
        "type": "LineString",
        "coordinates": [
          [
            116.3048976,
            39.9944889
          ],
          [
            116.3048824,
            39.9943739
          ],
          [
            116.304848,
            39.9943297
          ],
          [
            116.3047707,
            39.9943019
          ],
          [
            116.3035765,
            39.9942789
          ],
          [
            116.3030488,
            39.9941322
          ],
          [
            116.3030545,
            39.9938355
          ],
          [
            116.3008587,
            39.9937975
          ],
          [
            116.3005832,
            39.9937145
          ]
        ]
      },
      "properties": {
        "kind": "osm",
        "layer": "roads",
        "osm_type": "way",
        "osm_id": 240832225,
        "name": "未名湖北路",
        "source": "OpenStreetMap via Overpass API",
        "geometry_type": "LineString",
        "highway": "service",
        "simplified": true,
        "simplification_tolerance_degrees": 1.5e-05
      }
    },
    {
      "type": "Feature",
      "geometry": {
        "type": "LineString",
        "coordinates": [
          [
            116.3011397,
            39.9911534
          ],
          [
            116.301139,
            39.990469
          ],
          [
            116.3010399,
            39.9903434
          ],
          [
            116.3010541,
            39.9898412
          ],
          [
            116.3003691,
            39.9898287
          ]
        ]
      },
      "properties": {
        "kind": "osm",
        "layer": "roads",
        "osm_type": "way",
        "osm_id": 240832233,
        "name": "",
        "source": "OpenStreetMap via Overpass API",
        "geometry_type": "LineString",
        "highway": "footway",
        "simplified": true,
        "simplification_tolerance_degrees": 1.5e-05
      }
    },
    {
      "type": "Feature",
      "geometry": {
        "type": "LineString",
        "coordinates": [
          [
            116.3034735,
            39.9892565
          ],
          [
            116.3017104,
            39.9892395
          ],
          [
            116.3004512,
            39.9891884
          ]
        ]
      },
      "properties": {
        "kind": "osm",
        "layer": "roads",
        "osm_type": "way",
        "osm_id": 240832234,
        "name": "二体南路",
        "source": "OpenStreetMap via Overpass API",
        "geometry_type": "LineString",
        "highway": "service",
        "simplified": true,
        "simplification_tolerance_degrees": 1.5e-05
      }
    },
    {
      "type": "Feature",
      "geometry": {
        "type": "LineString",
        "coordinates": [
          [
            116.3035665,
            39.9893799
          ],
          [
            116.3051519,
            39.9893971
          ]
        ]
      },
      "properties": {
        "kind": "osm",
        "layer": "roads",
        "osm_type": "way",
        "osm_id": 240832235,
        "name": "哲学楼路",
        "source": "OpenStreetMap via Overpass API",
        "geometry_type": "LineString",
        "highway": "service",
        "simplified": true,
        "simplification_tolerance_degrees": 1.5e-05
      }
    },
    {
      "type": "Feature",
      "geometry": {
        "type": "LineString",
        "coordinates": [
          [
            116.3099356,
            39.9889315
          ],
          [
            116.3137143,
            39.9890924
          ],
          [
            116.3137212,
            39.9890298
          ],
          [
            116.3145307,
            39.9890527
          ]
        ]
      },
      "properties": {
        "kind": "osm",
        "layer": "roads",
        "osm_type": "way",
        "osm_id": 264247407,
        "name": "",
        "source": "OpenStreetMap via Overpass API",
        "geometry_type": "LineString",
        "highway": "residential",
        "simplified": true,
        "simplification_tolerance_degrees": 1.5e-05
      }
    },
    {
      "type": "Feature",
      "geometry": {
        "type": "LineString",
        "coordinates": [
          [
            116.3120966,
            39.9890293
          ],
          [
            116.3121516,
            39.9880889
          ],
          [
            116.3123553,
            39.9881514
          ],
          [
            116.3126866,
            39.98835
          ],
          [
            116.3128691,
            39.9883868
          ],
          [
            116.3129963,
            39.9883905
          ],
          [
            116.313333,
            39.9883309
          ],
          [
            116.3135724,
            39.9883298
          ],
          [
            116.3141846,
            39.9883702
          ],
          [
            116.3143142,
            39.9884475
          ],
          [
            116.3144751,
            39.9884769
          ],
          [
            116.3145688,
            39.9884544
          ],
          [
            116.3145124,
            39.989336
          ],
          [
            116.3143944,
            39.990497
          ]
        ]
      },
      "properties": {
        "kind": "osm",
        "layer": "roads",
        "osm_type": "way",
        "osm_id": 264247408,
        "name": "",
        "source": "OpenStreetMap via Overpass API",
        "geometry_type": "LineString",
        "highway": "residential",
        "simplified": true,
        "simplification_tolerance_degrees": 1.5e-05
      }
    },
    {
      "type": "Feature",
      "geometry": {
        "type": "LineString",
        "coordinates": [
          [
            116.3121162,
            39.9886303
          ],
          [
            116.3119396,
            39.9885975
          ],
          [
            116.3118579,
            39.9885533
          ],
          [
            116.3117541,
            39.9884141
          ],
          [
            116.3117504,
            39.9883187
          ],
          [
            116.3118087,
            39.9882088
          ],
          [
            116.3118848,
            39.9881482
          ],
          [
            116.3121516,
            39.9880889
          ]
        ]
      },
      "properties": {
        "kind": "osm",
        "layer": "roads",
        "osm_type": "way",
        "osm_id": 264247409,
        "name": "",
        "source": "OpenStreetMap via Overpass API",
        "geometry_type": "LineString",
        "highway": "service",
        "simplified": true,
        "simplification_tolerance_degrees": 1.5e-05
      }
    },
    {
      "type": "Feature",
      "geometry": {
        "type": "LineString",
        "coordinates": [
          [
            116.3137212,
            39.9890298
          ],
          [
            116.3137646,
            39.9883528
          ]
        ]
      },
      "properties": {
        "kind": "osm",
        "layer": "roads",
        "osm_type": "way",
        "osm_id": 264247410,
        "name": "",
        "source": "OpenStreetMap via Overpass API",
        "geometry_type": "LineString",
        "highway": "residential",
        "simplified": true,
        "simplification_tolerance_degrees": 1.5e-05
      }
    },
    {
      "type": "Feature",
      "geometry": {
        "type": "LineString",
        "coordinates": [
          [
            116.3133136,
            39.988857
          ],
          [
            116.3138153,
            39.988867
          ]
        ]
      },
      "properties": {
        "kind": "osm",
        "layer": "roads",
        "osm_type": "way",
        "osm_id": 264247413,
        "name": "",
        "source": "OpenStreetMap via Overpass API",
        "geometry_type": "LineString",
        "highway": "footway",
        "simplified": true,
        "simplification_tolerance_degrees": 1.5e-05
      }
    },
    {
      "type": "Feature",
      "geometry": {
        "type": "LineString",
        "coordinates": [
          [
            116.3006773,
            39.9932778
          ],
          [
            116.3008587,
            39.9937975
          ]
        ]
      },
      "properties": {
        "kind": "osm",
        "layer": "roads",
        "osm_type": "way",
        "osm_id": 272345012,
        "name": "",
        "source": "OpenStreetMap via Overpass API",
        "geometry_type": "LineString",
        "highway": "footway",
        "simplified": true,
        "simplification_tolerance_degrees": 1.5e-05
      }
    },
    {
      "type": "Feature",
      "geometry": {
        "type": "LineString",
        "coordinates": [
          [
            116.3019462,
            39.9945728
          ],
          [
            116.301942,
            39.9943809
          ],
          [
            116.3018347,
            39.9942905
          ],
          [
            116.3017811,
            39.9940686
          ],
          [
            116.3018086,
            39.9935775
          ],
          [
            116.3017858,
            39.9935307
          ]
        ]
      },
      "properties": {
        "kind": "osm",
        "layer": "roads",
        "osm_type": "way",
        "osm_id": 272351544,
        "name": "",
        "source": "OpenStreetMap via Overpass API",
        "geometry_type": "LineString",
        "highway": "footway",
        "simplified": true,
        "simplification_tolerance_degrees": 1.5e-05
      }
    },
    {
      "type": "Feature",
      "geometry": {
        "type": "LineString",
        "coordinates": [
          [
            116.3017858,
            39.9935307
          ],
          [
            116.3016983,
            39.9934064
          ]
        ]
      },
      "properties": {
        "kind": "osm",
        "layer": "roads",
        "osm_type": "way",
        "osm_id": 272351545,
        "name": "",
        "source": "OpenStreetMap via Overpass API",
        "geometry_type": "LineString",
        "highway": "footway",
        "simplified": true,
        "simplification_tolerance_degrees": 1.5e-05
      }
    },
    {
      "type": "Feature",
      "geometry": {
        "type": "LineString",
        "coordinates": [
          [
            116.3016983,
            39.9934064
          ],
          [
            116.3014865,
            39.9933198
          ]
        ]
      },
      "properties": {
        "kind": "osm",
        "layer": "roads",
        "osm_type": "way",
        "osm_id": 272351547,
        "name": "",
        "source": "OpenStreetMap via Overpass API",
        "geometry_type": "LineString",
        "highway": "footway",
        "simplified": true,
        "simplification_tolerance_degrees": 1.5e-05
      }
    },
    {
      "type": "Feature",
      "geometry": {
        "type": "LineString",
        "coordinates": [
          [
            116.3006773,
            39.9932778
          ],
          [
            116.3012134,
            39.9932787
          ],
          [
            116.3013237,
            39.9933298
          ],
          [
            116.3014865,
            39.9933198
          ]
        ]
      },
      "properties": {
        "kind": "osm",
        "layer": "roads",
        "osm_type": "way",
        "osm_id": 272351548,
        "name": "",
        "source": "OpenStreetMap via Overpass API",
        "geometry_type": "LineString",
        "highway": "footway",
        "simplified": true,
        "simplification_tolerance_degrees": 1.5e-05
      }
    },
    {
      "type": "Feature",
      "geometry": {
        "type": "LineString",
        "coordinates": [
          [
            116.3006002,
            39.9928621
          ],
          [
            116.3007977,
            39.9928344
          ],
          [
            116.301257,
            39.9928364
          ],
          [
            116.3015255,
            39.9928837
          ]
        ]
      },
      "properties": {
        "kind": "osm",
        "layer": "roads",
        "osm_type": "way",
        "osm_id": 272351550,
        "name": "",
        "source": "OpenStreetMap via Overpass API",
        "geometry_type": "LineString",
        "highway": "footway",
        "simplified": true,
        "simplification_tolerance_degrees": 1.5e-05
      }
    },
    {
      "type": "Feature",
      "geometry": {
        "type": "LineString",
        "coordinates": [
          [
            116.3015255,
            39.9928837
          ],
          [
            116.301475,
            39.9929487
          ],
          [
            116.3015153,
            39.9930821
          ],
          [
            116.3014865,
            39.9933198
          ]
        ]
      },
      "properties": {
        "kind": "osm",
        "layer": "roads",
        "osm_type": "way",
        "osm_id": 272351551,
        "name": "",
        "source": "OpenStreetMap via Overpass API",
        "geometry_type": "LineString",
        "highway": "footway",
        "simplified": true,
        "simplification_tolerance_degrees": 1.5e-05
      }
    },
    {
      "type": "Feature",
      "geometry": {
        "type": "LineString",
        "coordinates": [
          [
            116.3015255,
            39.9928837
          ],
          [
            116.3016682,
            39.9927362
          ],
          [
            116.3017508,
            39.9927327
          ],
          [
            116.3018364,
            39.992743
          ],
          [
            116.3021074,
            39.9928464
          ],
          [
            116.3023585,
            39.9928952
          ]
        ]
      },
      "properties": {
        "kind": "osm",
        "layer": "roads",
        "osm_type": "way",
        "osm_id": 272351553,
        "name": "",
        "source": "OpenStreetMap via Overpass API",
        "geometry_type": "LineString",
        "highway": "footway",
        "simplified": true,
        "simplification_tolerance_degrees": 1.5e-05
      }
    },
    {
      "type": "Feature",
      "geometry": {
        "type": "LineString",
        "coordinates": [
          [
            116.3016347,
            39.9911692
          ],
          [
            116.3016117,
            39.9918729
          ]
        ]
      },
      "properties": {
        "kind": "osm",
        "layer": "roads",
        "osm_type": "way",
        "osm_id": 272355327,
        "name": "静园西路北段",
        "source": "OpenStreetMap via Overpass API",
        "geometry_type": "LineString",
        "highway": "service",
        "simplified": true,
        "simplification_tolerance_degrees": 1.5e-05
      }
    },
    {
      "type": "Feature",
      "geometry": {
        "type": "LineString",
        "coordinates": [
          [
            116.3015255,
            39.9928837
          ],
          [
            116.3015027,
            39.992634
          ],
          [
            116.3015209,
            39.9921821
          ],
          [
            116.3015419,
            39.992057
          ],
          [
            116.3016117,
            39.9918729
          ]
        ]
      },
      "properties": {
        "kind": "osm",
        "layer": "roads",
        "osm_type": "way",
        "osm_id": 272355329,
        "name": "静园西路北二段",
        "source": "OpenStreetMap via Overpass API",
        "geometry_type": "LineString",
        "highway": "footway",
        "simplified": true,
        "simplification_tolerance_degrees": 1.5e-05
      }
    },
    {
      "type": "Feature",
      "geometry": {
        "type": "LineString",
        "coordinates": [
          [
            116.3024414,
            39.9911896
          ],
          [
            116.3024169,
            39.9918699
          ]
        ]
      },
      "properties": {
        "kind": "osm",
        "layer": "roads",
        "osm_type": "way",
        "osm_id": 272355331,
        "name": "静园东路北段",
        "source": "OpenStreetMap via Overpass API",
        "geometry_type": "LineString",
        "highway": "service",
        "simplified": true,
        "simplification_tolerance_degrees": 1.5e-05
      }
    },
    {
      "type": "Feature",
      "geometry": {
        "type": "LineString",
        "coordinates": [
          [
            116.3008391,
            39.9920485
          ],
          [
            116.3016117,
            39.9918729
          ],
          [
            116.302612,
            39.9918662
          ],
          [
            116.3028495,
            39.991816
          ],
          [
            116.3030362,
            39.9917482
          ],
          [
            116.3060249,
            39.9918029
          ]
        ]
      },
      "properties": {
        "kind": "osm",
        "layer": "roads",
        "osm_type": "way",
        "osm_id": 272355333,
        "name": "未名湖南路",
        "source": "OpenStreetMap via Overpass API",
        "geometry_type": "LineString",
        "highway": "service",
        "simplified": true,
        "simplification_tolerance_degrees": 1.5e-05
      }
    },
    {
      "type": "Feature",
      "geometry": {
        "type": "LineString",
        "coordinates": [
          [
            116.3024169,
            39.9918699
          ],
          [
            116.3027913,
            39.992172
          ]
        ]
      },
      "properties": {
        "kind": "osm",
        "layer": "roads",
        "osm_type": "way",
        "osm_id": 272355335,
        "name": "",
        "source": "OpenStreetMap via Overpass API",
        "geometry_type": "LineString",
        "highway": "footway",
        "simplified": true,
        "simplification_tolerance_degrees": 1.5e-05
      }
    },
    {
      "type": "Feature",
      "geometry": {
        "type": "LineString",
        "coordinates": [
          [
            116.3015255,
            39.9928837
          ],
          [
            116.3021092,
            39.9921502
          ],
          [
            116.3024169,
            39.9918699
          ]
        ]
      },
      "properties": {
        "kind": "osm",
        "layer": "roads",
        "osm_type": "way",
        "osm_id": 272355339,
        "name": "小云连接线",
        "source": "OpenStreetMap via Overpass API",
        "geometry_type": "LineString",
        "highway": "footway",
        "surface": "concrete",
        "simplified": true,
        "simplification_tolerance_degrees": 1.5e-05
      }
    },
    {
      "type": "Feature",
      "geometry": {
        "type": "LineString",
        "coordinates": [
          [
            116.3016347,
            39.9911692
          ],
          [
            116.3017104,
            39.9892395
          ]
        ]
      },
      "properties": {
        "kind": "osm",
        "layer": "roads",
        "osm_type": "way",
        "osm_id": 272360501,
        "name": "静园西路",
        "source": "OpenStreetMap via Overpass API",
        "geometry_type": "LineString",
        "highway": "service",
        "simplified": true,
        "simplification_tolerance_degrees": 1.5e-05
      }
    },
    {
      "type": "Feature",
      "geometry": {
        "type": "LineString",
        "coordinates": [
          [
            116.3024414,
            39.9911896
          ],
          [
            116.3025048,
            39.9892479
          ]
        ]
      },
      "properties": {
        "kind": "osm",
        "layer": "roads",
        "osm_type": "way",
        "osm_id": 272360502,
        "name": "静园东路",
        "source": "OpenStreetMap via Overpass API",
        "geometry_type": "LineString",
        "highway": "service",
        "simplified": true,
        "simplification_tolerance_degrees": 1.5e-05
      }
    },
    {
      "type": "Feature",
      "geometry": {
        "type": "LineString",
        "coordinates": [
          [
            116.3051295,
            39.9897386
          ],
          [
            116.3064146,
            39.9897919
          ]
        ]
      },
      "properties": {
        "kind": "osm",
        "layer": "roads",
        "osm_type": "way",
        "osm_id": 272366716,
        "name": "化学路",
        "source": "OpenStreetMap via Overpass API",
        "geometry_type": "LineString",
        "highway": "service",
        "simplified": true,
        "simplification_tolerance_degrees": 1.5e-05
      }
    },
    {
      "type": "Feature",
      "geometry": {
        "type": "LineString",
        "coordinates": [
          [
            116.3050398,
            39.9910584
          ],
          [
            116.3052647,
            39.9910154
          ],
          [
            116.3063316,
            39.9910617
          ]
        ]
      },
      "properties": {
        "kind": "osm",
        "layer": "roads",
        "osm_type": "way",
        "osm_id": 272366717,
        "name": "文史路",
        "source": "OpenStreetMap via Overpass API",
        "geometry_type": "LineString",
        "highway": "service",
        "simplified": true,
        "simplification_tolerance_degrees": 1.5e-05
      }
    },
    {
      "type": "Feature",
      "geometry": {
        "type": "LineString",
        "coordinates": [
          [
            116.3048326,
            39.9898976
          ],
          [
            116.3051105,
            39.9902074
          ],
          [
            116.3063789,
            39.9902667
          ]
        ]
      },
      "properties": {
        "kind": "osm",
        "layer": "roads",
        "osm_type": "way",
        "osm_id": 272366718,
        "name": "地学路",
        "source": "OpenStreetMap via Overpass API",
        "geometry_type": "LineString",
        "highway": "service",
        "simplified": true,
        "simplification_tolerance_degrees": 1.5e-05
      }
    },
    {
      "type": "Feature",
      "geometry": {
        "type": "LineString",
        "coordinates": [
          [
            116.3052647,
            39.9910154
          ],
          [
            116.305332,
            39.9902173
          ]
        ]
      },
      "properties": {
        "kind": "osm",
        "layer": "roads",
        "osm_type": "way",
        "osm_id": 272366719,
        "name": "",
        "source": "OpenStreetMap via Overpass API",
        "geometry_type": "LineString",
        "highway": "service",
        "simplified": true,
        "simplification_tolerance_degrees": 1.5e-05
      }
    },
    {
      "type": "Feature",
      "geometry": {
        "type": "LineString",
        "coordinates": [
          [
            116.3030541,
            39.993718
          ],
          [
            116.3030555,
            39.9936632
          ],
          [
            116.3029249,
            39.9936204
          ],
          [
            116.3029002,
            39.993543
          ],
          [
            116.3029106,
            39.9934881
          ],
          [
            116.3030506,
            39.9932898
          ],
          [
            116.3035463,
            39.9931217
          ],
          [
            116.3037239,
            39.9931784
          ],
          [
            116.3037707,
            39.9934145
          ],
          [
            116.3037806,
            39.9936488
          ],
          [
            116.3035734,
            39.9936488
          ],
          [
            116.3032553,
            39.9935524
          ],
          [
            116.3030555,
            39.9936632
          ]
        ]
      },
      "properties": {
        "kind": "osm",
        "layer": "roads",
        "osm_type": "way",
        "osm_id": 304218700,
        "name": "湖心岛步道",
        "source": "OpenStreetMap via Overpass API",
        "geometry_type": "LineString",
        "highway": "footway",
        "simplified": true,
        "simplification_tolerance_degrees": 1.5e-05
      }
    },
    {
      "type": "Feature",
      "geometry": {
        "type": "LineString",
        "coordinates": [
          [
            116.3025963,
            39.99382
          ],
          [
            116.3017858,
            39.9935307
          ]
        ]
      },
      "properties": {
        "kind": "osm",
        "layer": "roads",
        "osm_type": "way",
        "osm_id": 304218701,
        "name": "",
        "source": "OpenStreetMap via Overpass API",
        "geometry_type": "LineString",
        "highway": "footway",
        "simplified": true,
        "simplification_tolerance_degrees": 1.5e-05
      }
    },
    {
      "type": "Feature",
      "geometry": {
        "type": "LineString",
        "coordinates": [
          [
            116.3145124,
            39.989336
          ],
          [
            116.3148182,
            39.9893627
          ],
          [
            116.3148085,
            39.9895531
          ]
        ]
      },
      "properties": {
        "kind": "osm",
        "layer": "roads",
        "osm_type": "way",
        "osm_id": 369333816,
        "name": "",
        "source": "OpenStreetMap via Overpass API",
        "geometry_type": "LineString",
        "highway": "service",
        "simplified": true,
        "simplification_tolerance_degrees": 1.5e-05
      }
    },
    {
      "type": "Feature",
      "geometry": {
        "type": "LineString",
        "coordinates": [
          [
            116.3144974,
            39.9895048
          ],
          [
            116.3120743,
            39.9893853
          ]
        ]
      },
      "properties": {
        "kind": "osm",
        "layer": "roads",
        "osm_type": "way",
        "osm_id": 369334396,
        "name": "",
        "source": "OpenStreetMap via Overpass API",
        "geometry_type": "LineString",
        "highway": "residential",
        "simplified": true,
        "simplification_tolerance_degrees": 1.5e-05
      }
    },
    {
      "type": "Feature",
      "geometry": {
        "type": "LineString",
        "coordinates": [
          [
            116.3144704,
            39.9898088
          ],
          [
            116.3120627,
            39.9897077
          ]
        ]
      },
      "properties": {
        "kind": "osm",
        "layer": "roads",
        "osm_type": "way",
        "osm_id": 369334397,
        "name": "",
        "source": "OpenStreetMap via Overpass API",
        "geometry_type": "LineString",
        "highway": "residential",
        "simplified": true,
        "simplification_tolerance_degrees": 1.5e-05
      }
    },
    {
      "type": "Feature",
      "geometry": {
        "type": "LineString",
        "coordinates": [
          [
            116.3144347,
            39.9901439
          ],
          [
            116.3120502,
            39.9900758
          ]
        ]
      },
      "properties": {
        "kind": "osm",
        "layer": "roads",
        "osm_type": "way",
        "osm_id": 369334398,
        "name": "",
        "source": "OpenStreetMap via Overpass API",
        "geometry_type": "LineString",
        "highway": "residential",
        "simplified": true,
        "simplification_tolerance_degrees": 1.5e-05
      }
    },
    {
      "type": "Feature",
      "geometry": {
        "type": "LineString",
        "coordinates": [
          [
            116.3143986,
            39.9904603
          ],
          [
            116.3125705,
            39.9903922
          ]
        ]
      },
      "properties": {
        "kind": "osm",
        "layer": "roads",
        "osm_type": "way",
        "osm_id": 369334399,
        "name": "",
        "source": "OpenStreetMap via Overpass API",
        "geometry_type": "LineString",
        "highway": "residential",
        "simplified": true,
        "simplification_tolerance_degrees": 1.5e-05
      }
    },
    {
      "type": "Feature",
      "geometry": {
        "type": "LineString",
        "coordinates": [
          [
            116.3134476,
            39.9907087
          ],
          [
            116.3135267,
            39.9897624
          ]
        ]
      },
      "properties": {
        "kind": "osm",
        "layer": "roads",
        "osm_type": "way",
        "osm_id": 369334423,
        "name": "",
        "source": "OpenStreetMap via Overpass API",
        "geometry_type": "LineString",
        "highway": "residential",
        "simplified": true,
        "simplification_tolerance_degrees": 1.5e-05
      }
    },
    {
      "type": "Feature",
      "geometry": {
        "type": "LineString",
        "coordinates": [
          [
            116.3125383,
            39.9906738
          ],
          [
            116.3126045,
            39.9897304
          ]
        ]
      },
      "properties": {
        "kind": "osm",
        "layer": "roads",
        "osm_type": "way",
        "osm_id": 369334424,
        "name": "",
        "source": "OpenStreetMap via Overpass API",
        "geometry_type": "LineString",
        "highway": "residential",
        "simplified": true,
        "simplification_tolerance_degrees": 1.5e-05
      }
    },
    {
      "type": "Feature",
      "geometry": {
        "type": "LineString",
        "coordinates": [
          [
            116.3135267,
            39.9897624
          ],
          [
            116.3135432,
            39.9894577
          ]
        ]
      },
      "properties": {
        "kind": "osm",
        "layer": "roads",
        "osm_type": "way",
        "osm_id": 369334553,
        "name": "",
        "source": "OpenStreetMap via Overpass API",
        "geometry_type": "LineString",
        "highway": "residential",
        "simplified": true,
        "simplification_tolerance_degrees": 1.5e-05
      }
    },
    {
      "type": "Feature",
      "geometry": {
        "type": "LineString",
        "coordinates": [
          [
            116.3126045,
            39.9897304
          ],
          [
            116.3126311,
            39.9894128
          ]
        ]
      },
      "properties": {
        "kind": "osm",
        "layer": "roads",
        "osm_type": "way",
        "osm_id": 369334554,
        "name": "",
        "source": "OpenStreetMap via Overpass API",
        "geometry_type": "LineString",
        "highway": "residential",
        "simplified": true,
        "simplification_tolerance_degrees": 1.5e-05
      }
    },
    {
      "type": "Feature",
      "geometry": {
        "type": "LineString",
        "coordinates": [
          [
            116.3137143,
            39.9890924
          ],
          [
            116.3142723,
            39.9891133
          ]
        ]
      },
      "properties": {
        "kind": "osm",
        "layer": "roads",
        "osm_type": "way",
        "osm_id": 369335067,
        "name": "",
        "source": "OpenStreetMap via Overpass API",
        "geometry_type": "LineString",
        "highway": "residential",
        "simplified": true,
        "simplification_tolerance_degrees": 1.5e-05
      }
    },
    {
      "type": "Feature",
      "geometry": {
        "type": "LineString",
        "coordinates": [
          [
            116.3145307,
            39.9890527
          ],
          [
            116.3146251,
            39.9890779
          ],
          [
            116.3152216,
            39.9891041
          ],
          [
            116.3153184,
            39.9884651
          ],
          [
            116.3153953,
            39.9882794
          ],
          [
            116.315497,
            39.9879189
          ]
        ]
      },
      "properties": {
        "kind": "osm",
        "layer": "roads",
        "osm_type": "way",
        "osm_id": 369335343,
        "name": "",
        "source": "OpenStreetMap via Overpass API",
        "geometry_type": "LineString",
        "highway": "residential",
        "simplified": true,
        "simplification_tolerance_degrees": 1.5e-05
      }
    },
    {
      "type": "Feature",
      "geometry": {
        "type": "LineString",
        "coordinates": [
          [
            116.3112372,
            39.9922958
          ],
          [
            116.3121705,
            39.9923178
          ]
        ]
      },
      "properties": {
        "kind": "osm",
        "layer": "roads",
        "osm_type": "way",
        "osm_id": 392552182,
        "name": "",
        "source": "OpenStreetMap via Overpass API",
        "geometry_type": "LineString",
        "highway": "residential",
        "simplified": true,
        "simplification_tolerance_degrees": 1.5e-05
      }
    },
    {
      "type": "Feature",
      "geometry": {
        "type": "LineString",
        "coordinates": [
          [
            116.3121902,
            39.9920284
          ],
          [
            116.3099868,
            39.9919449
          ],
          [
            116.309964,
            39.9924641
          ],
          [
            116.3100104,
            39.9925566
          ],
          [
            116.3108206,
            39.9925805
          ],
          [
            116.3108504,
            39.9923563
          ]
        ]
      },
      "properties": {
        "kind": "osm",
        "layer": "roads",
        "osm_type": "way",
        "osm_id": 392552183,
        "name": "",
        "source": "OpenStreetMap via Overpass API",
        "geometry_type": "LineString",
        "highway": "service",
        "simplified": true,
        "simplification_tolerance_degrees": 1.5e-05
      }
    },
    {
      "type": "Feature",
      "geometry": {
        "type": "LineString",
        "coordinates": [
          [
            116.3108504,
            39.9923563
          ],
          [
            116.3108703,
            39.9919795
          ]
        ]
      },
      "properties": {
        "kind": "osm",
        "layer": "roads",
        "osm_type": "way",
        "osm_id": 392552184,
        "name": "",
        "source": "OpenStreetMap via Overpass API",
        "geometry_type": "LineString",
        "highway": "service",
        "simplified": true,
        "simplification_tolerance_degrees": 1.5e-05
      }
    },
    {
      "type": "Feature",
      "geometry": {
        "type": "LineString",
        "coordinates": [
          [
            116.3136984,
            39.9910052
          ],
          [
            116.3136002,
            39.9926957
          ]
        ]
      },
      "properties": {
        "kind": "osm",
        "layer": "roads",
        "osm_type": "way",
        "osm_id": 392552185,
        "name": "",
        "source": "OpenStreetMap via Overpass API",
        "geometry_type": "LineString",
        "highway": "residential",
        "simplified": true,
        "simplification_tolerance_degrees": 1.5e-05
      }
    },
    {
      "type": "Feature",
      "geometry": {
        "type": "LineString",
        "coordinates": [
          [
            116.3094547,
            39.9940965
          ],
          [
            116.3096714,
            39.9939891
          ],
          [
            116.3099166,
            39.9939264
          ],
          [
            116.3102346,
            39.9938812
          ],
          [
            116.3104663,
            39.9938812
          ],
          [
            116.3108115,
            39.9950156
          ]
        ]
      },
      "properties": {
        "kind": "osm",
        "layer": "roads",
        "osm_type": "way",
        "osm_id": 392563331,
        "name": "",
        "source": "OpenStreetMap via Overpass API",
        "geometry_type": "LineString",
        "highway": "service",
        "simplified": true,
        "simplification_tolerance_degrees": 1.5e-05
      }
    },
    {
      "type": "Feature",
      "geometry": {
        "type": "LineString",
        "coordinates": [
          [
            116.3104663,
            39.9938812
          ],
          [
            116.311411,
            39.9939438
          ],
          [
            116.3112793,
            39.9950121
          ],
          [
            116.3102982,
            39.9950261
          ],
          [
            116.3102475,
            39.9955779
          ],
          [
            116.3111052,
            39.9956103
          ],
          [
            116.3111705,
            39.9950137
          ]
        ]
      },
      "properties": {
        "kind": "osm",
        "layer": "roads",
        "osm_type": "way",
        "osm_id": 392563333,
        "name": "",
        "source": "OpenStreetMap via Overpass API",
        "geometry_type": "LineString",
        "highway": "service",
        "simplified": true,
        "simplification_tolerance_degrees": 1.5e-05
      }
    },
    {
      "type": "Feature",
      "geometry": {
        "type": "LineString",
        "coordinates": [
          [
            116.3111052,
            39.9956103
          ],
          [
            116.3127846,
            39.9956848
          ],
          [
            116.312808,
            39.9956224
          ],
          [
            116.3128159,
            39.9953762
          ],
          [
            116.3119949,
            39.9953465
          ],
          [
            116.311957,
            39.9956496
          ]
        ]
      },
      "properties": {
        "kind": "osm",
        "layer": "roads",
        "osm_type": "way",
        "osm_id": 392563334,
        "name": "",
        "source": "OpenStreetMap via Overpass API",
        "geometry_type": "LineString",
        "highway": "service",
        "simplified": true,
        "simplification_tolerance_degrees": 1.5e-05
      }
    },
    {
      "type": "Feature",
      "geometry": {
        "type": "LineString",
        "coordinates": [
          [
            116.3102767,
            39.9952596
          ],
          [
            116.3119949,
            39.9953465
          ]
        ]
      },
      "properties": {
        "kind": "osm",
        "layer": "roads",
        "osm_type": "way",
        "osm_id": 392563335,
        "name": "",
        "source": "OpenStreetMap via Overpass API",
        "geometry_type": "LineString",
        "highway": "service",
        "simplified": true,
        "simplification_tolerance_degrees": 1.5e-05
      }
    },
    {
      "type": "Feature",
      "geometry": {
        "type": "LineString",
        "coordinates": [
          [
            116.3119949,
            39.9953465
          ],
          [
            116.3119821,
            39.9950357
          ],
          [
            116.3134244,
            39.995077
          ]
        ]
      },
      "properties": {
        "kind": "osm",
        "layer": "roads",
        "osm_type": "way",
        "osm_id": 392563336,
        "name": "",
        "source": "OpenStreetMap via Overpass API",
        "geometry_type": "LineString",
        "highway": "service",
        "simplified": true,
        "simplification_tolerance_degrees": 1.5e-05
      }
    },
    {
      "type": "Feature",
      "geometry": {
        "type": "LineString",
        "coordinates": [
          [
            116.3119821,
            39.9950357
          ],
          [
            116.3120321,
            39.9946262
          ],
          [
            116.311336,
            39.9945522
          ]
        ]
      },
      "properties": {
        "kind": "osm",
        "layer": "roads",
        "osm_type": "way",
        "osm_id": 392563337,
        "name": "",
        "source": "OpenStreetMap via Overpass API",
        "geometry_type": "LineString",
        "highway": "service",
        "simplified": true,
        "simplification_tolerance_degrees": 1.5e-05
      }
    },
    {
      "type": "Feature",
      "geometry": {
        "type": "LineString",
        "coordinates": [
          [
            116.3107008,
            39.9946519
          ],
          [
            116.3113198,
            39.9946835
          ]
        ]
      },
      "properties": {
        "kind": "osm",
        "layer": "roads",
        "osm_type": "way",
        "osm_id": 392563338,
        "name": "",
        "source": "OpenStreetMap via Overpass API",
        "geometry_type": "LineString",
        "highway": "service",
        "simplified": true,
        "simplification_tolerance_degrees": 1.5e-05
      }
    },
    {
      "type": "Feature",
      "geometry": {
        "type": "LineString",
        "coordinates": [
          [
            116.3105991,
            39.9943177
          ],
          [
            116.3113733,
            39.99425
          ]
        ]
      },
      "properties": {
        "kind": "osm",
        "layer": "roads",
        "osm_type": "way",
        "osm_id": 392563339,
        "name": "",
        "source": "OpenStreetMap via Overpass API",
        "geometry_type": "LineString",
        "highway": "service",
        "simplified": true,
        "simplification_tolerance_degrees": 1.5e-05
      }
    },
    {
      "type": "Feature",
      "geometry": {
        "type": "LineString",
        "coordinates": [
          [
            116.311336,
            39.9945522
          ],
          [
            116.3119821,
            39.9950357
          ]
        ]
      },
      "properties": {
        "kind": "osm",
        "layer": "roads",
        "osm_type": "way",
        "osm_id": 392563340,
        "name": "",
        "source": "OpenStreetMap via Overpass API",
        "geometry_type": "LineString",
        "highway": "service",
        "simplified": true,
        "simplification_tolerance_degrees": 1.5e-05
      }
    },
    {
      "type": "Feature",
      "geometry": {
        "type": "LineString",
        "coordinates": [
          [
            116.3127982,
            39.99568
          ],
          [
            116.3131435,
            39.9956937
          ],
          [
            116.3131475,
            39.9956225
          ]
        ]
      },
      "properties": {
        "kind": "osm",
        "layer": "roads",
        "osm_type": "way",
        "osm_id": 392563341,
        "name": "",
        "source": "OpenStreetMap via Overpass API",
        "geometry_type": "LineString",
        "highway": "service",
        "simplified": true,
        "simplification_tolerance_degrees": 1.5e-05
      }
    },
    {
      "type": "Feature",
      "geometry": {
        "type": "LineString",
        "coordinates": [
          [
            116.312808,
            39.9956224
          ],
          [
            116.3135486,
            39.9956325
          ]
        ]
      },
      "properties": {
        "kind": "osm",
        "layer": "roads",
        "osm_type": "way",
        "osm_id": 392563342,
        "name": "",
        "source": "OpenStreetMap via Overpass API",
        "geometry_type": "LineString",
        "highway": "service",
        "simplified": true,
        "simplification_tolerance_degrees": 1.5e-05
      }
    },
    {
      "type": "Feature",
      "geometry": {
        "type": "LineString",
        "coordinates": [
          [
            116.3128159,
            39.9953762
          ],
          [
            116.3135552,
            39.9953952
          ]
        ]
      },
      "properties": {
        "kind": "osm",
        "layer": "roads",
        "osm_type": "way",
        "osm_id": 392563343,
        "name": "",
        "source": "OpenStreetMap via Overpass API",
        "geometry_type": "LineString",
        "highway": "service",
        "simplified": true,
        "simplification_tolerance_degrees": 1.5e-05
      }
    },
    {
      "type": "Feature",
      "geometry": {
        "type": "LineString",
        "coordinates": [
          [
            116.311957,
            39.9956496
          ],
          [
            116.3119186,
            39.9960592
          ]
        ]
      },
      "properties": {
        "kind": "osm",
        "layer": "roads",
        "osm_type": "way",
        "osm_id": 392563345,
        "name": "",
        "source": "OpenStreetMap via Overpass API",
        "geometry_type": "LineString",
        "highway": "residential",
        "simplified": true,
        "simplification_tolerance_degrees": 1.5e-05
      }
    },
    {
      "type": "Feature",
      "geometry": {
        "type": "LineString",
        "coordinates": [
          [
            116.315926,
            39.996173
          ],
          [
            116.3143319,
            39.996064
          ],
          [
            116.3143426,
            39.9957968
          ],
          [
            116.314772,
            39.9955258
          ],
          [
            116.3149087,
            39.9954723
          ],
          [
            116.3152081,
            39.9925212
          ],
          [
            116.3151877,
            39.9923085
          ],
          [
            116.3150044,
            39.9921247
          ],
          [
            116.3149054,
            39.9920613
          ]
        ]
      },
      "properties": {
        "kind": "osm",
        "layer": "roads",
        "osm_type": "way",
        "osm_id": 409380281,
        "name": "",
        "source": "OpenStreetMap via Overpass API",
        "geometry_type": "LineString",
        "highway": "residential",
        "simplified": true,
        "simplification_tolerance_degrees": 1.5e-05
      }
    },
    {
      "type": "Feature",
      "geometry": {
        "type": "LineString",
        "coordinates": [
          [
            116.3147911,
            39.9897421
          ],
          [
            116.3147646,
            39.9899093
          ],
          [
            116.3144615,
            39.9899093
          ]
        ]
      },
      "properties": {
        "kind": "osm",
        "layer": "roads",
        "osm_type": "way",
        "osm_id": 478192796,
        "name": "",
        "source": "OpenStreetMap via Overpass API",
        "geometry_type": "LineString",
        "highway": "service",
        "simplified": true,
        "simplification_tolerance_degrees": 1.5e-05
      }
    },
    {
      "type": "Feature",
      "geometry": {
        "type": "LineString",
        "coordinates": [
          [
            116.3148085,
            39.9895531
          ],
          [
            116.3147911,
            39.9897421
          ]
        ]
      },
      "properties": {
        "kind": "osm",
        "layer": "roads",
        "osm_type": "way",
        "osm_id": 478192797,
        "name": "",
        "source": "OpenStreetMap via Overpass API",
        "geometry_type": "LineString",
        "highway": "service",
        "simplified": true,
        "simplification_tolerance_degrees": 1.5e-05
      }
    },
    {
      "type": "Feature",
      "geometry": {
        "type": "LineString",
        "coordinates": [
          [
            116.3087194,
            39.9958471
          ],
          [
            116.3087524,
            39.9951908
          ],
          [
            116.3073258,
            39.9951205
          ],
          [
            116.3071571,
            39.9957356
          ],
          [
            116.3091165,
            39.9958754
          ]
        ]
      },
      "properties": {
        "kind": "osm",
        "layer": "roads",
        "osm_type": "way",
        "osm_id": 500547761,
        "name": "",
        "source": "OpenStreetMap via Overpass API",
        "geometry_type": "LineString",
        "highway": "service",
        "simplified": true,
        "simplification_tolerance_degrees": 1.5e-05
      }
    },
    {
      "type": "Feature",
      "geometry": {
        "type": "LineString",
        "coordinates": [
          [
            116.3028018,
            39.9874993
          ],
          [
            116.3028499,
            39.9865915
          ]
        ]
      },
      "properties": {
        "kind": "osm",
        "layer": "roads",
        "osm_type": "way",
        "osm_id": 595592766,
        "name": "学宿北一街",
        "source": "OpenStreetMap via Overpass API",
        "geometry_type": "LineString",
        "highway": "service",
        "simplified": true,
        "simplification_tolerance_degrees": 1.5e-05
      }
    },
    {
      "type": "Feature",
      "geometry": {
        "type": "LineString",
        "coordinates": [
          [
            116.3039502,
            39.9882798
          ],
          [
            116.3036859,
            39.9880804
          ],
          [
            116.3037726,
            39.9866235
          ]
        ]
      },
      "properties": {
        "kind": "osm",
        "layer": "roads",
        "osm_type": "way",
        "osm_id": 595592767,
        "name": "学宿北三街",
        "source": "OpenStreetMap via Overpass API",
        "geometry_type": "LineString",
        "highway": "service",
        "simplified": true,
        "simplification_tolerance_degrees": 1.5e-05
      }
    },
    {
      "type": "Feature",
      "geometry": {
        "type": "LineString",
        "coordinates": [
          [
            116.3032012,
            39.9871184
          ],
          [
            116.3032007,
            39.9870624
          ],
          [
            116.3032411,
            39.9870322
          ],
          [
            116.3032965,
            39.9870287
          ],
          [
            116.3033545,
            39.9870713
          ],
          [
            116.3033536,
            39.987111
          ],
          [
            116.3033028,
            39.9871499
          ],
          [
            116.303254,
            39.9871514
          ],
          [
            116.3032012,
            39.9871184
          ]
        ]
      },
      "properties": {
        "kind": "osm",
        "layer": "roads",
        "osm_type": "way",
        "osm_id": 595592768,
        "name": "民主科学环岛",
        "source": "OpenStreetMap via Overpass API",
        "geometry_type": "LineString",
        "highway": "service",
        "simplified": true,
        "simplification_tolerance_degrees": 1.5e-05
      }
    },
    {
      "type": "Feature",
      "geometry": {
        "type": "LineString",
        "coordinates": [
          [
            116.3081871,
            39.988744
          ],
          [
            116.3083465,
            39.9868241
          ],
          [
            116.3084393,
            39.9867412
          ],
          [
            116.3085729,
            39.9852187
          ]
        ]
      },
      "properties": {
        "kind": "osm",
        "layer": "roads",
        "osm_type": "way",
        "osm_id": 595592769,
        "name": "邱德拔路",
        "source": "OpenStreetMap via Overpass API",
        "geometry_type": "LineString",
        "highway": "service",
        "simplified": true,
        "simplification_tolerance_degrees": 1.5e-05
      }
    },
    {
      "type": "Feature",
      "geometry": {
        "type": "LineString",
        "coordinates": [
          [
            116.3060061,
            39.9869801
          ],
          [
            116.3058359,
            39.9871644
          ],
          [
            116.3043368,
            39.9870757
          ]
        ]
      },
      "properties": {
        "kind": "osm",
        "layer": "roads",
        "osm_type": "way",
        "osm_id": 595764174,
        "name": "新太阳南路",
        "source": "OpenStreetMap via Overpass API",
        "geometry_type": "LineString",
        "highway": "service",
        "simplified": true,
        "simplification_tolerance_degrees": 1.5e-05
      }
    },
    {
      "type": "Feature",
      "geometry": {
        "type": "LineString",
        "coordinates": [
          [
            116.3065874,
            39.9874959
          ],
          [
            116.3066074,
            39.9871544
          ],
          [
            116.3064832,
            39.9871493
          ],
          [
            116.3064966,
            39.9869969
          ],
          [
            116.3060061,
            39.9869801
          ]
        ]
      },
      "properties": {
        "kind": "osm",
        "layer": "roads",
        "osm_type": "way",
        "osm_id": 595764176,
        "name": "农园南路",
        "source": "OpenStreetMap via Overpass API",
        "geometry_type": "LineString",
        "highway": "service",
        "simplified": true,
        "simplification_tolerance_degrees": 1.5e-05
      }
    },
    {
      "type": "Feature",
      "geometry": {
        "type": "LineString",
        "coordinates": [
          [
            116.3057755,
            39.9881119
          ],
          [
            116.3058359,
            39.9871644
          ]
        ]
      },
      "properties": {
        "kind": "osm",
        "layer": "roads",
        "osm_type": "way",
        "osm_id": 595764178,
        "name": "农园西路",
        "source": "OpenStreetMap via Overpass API",
        "geometry_type": "LineString",
        "highway": "service",
        "simplified": true,
        "simplification_tolerance_degrees": 1.5e-05
      }
    },
    {
      "type": "Feature",
      "geometry": {
        "type": "LineString",
        "coordinates": [
          [
            116.303321,
            39.9920237
          ],
          [
            116.3028495,
            39.991816
          ]
        ]
      },
      "properties": {
        "kind": "osm",
        "layer": "roads",
        "osm_type": "way",
        "osm_id": 595764183,
        "name": "",
        "source": "OpenStreetMap via Overpass API",
        "geometry_type": "LineString",
        "highway": "footway",
        "simplified": true,
        "simplification_tolerance_degrees": 1.5e-05
      }
    },
    {
      "type": "Feature",
      "geometry": {
        "type": "LineString",
        "coordinates": [
          [
            116.3040869,
            39.9920774
          ],
          [
            116.3058675,
            39.9920871
          ]
        ]
      },
      "properties": {
        "kind": "osm",
        "layer": "roads",
        "osm_type": "way",
        "osm_id": 595764185,
        "name": "",
        "source": "OpenStreetMap via Overpass API",
        "geometry_type": "LineString",
        "highway": "footway",
        "simplified": true,
        "simplification_tolerance_degrees": 1.5e-05
      }
    },
    {
      "type": "Feature",
      "geometry": {
        "type": "LineString",
        "coordinates": [
          [
            116.3051097,
            39.9943192
          ],
          [
            116.3054537,
            39.9943778
          ],
          [
            116.3058763,
            39.9931059
          ]
        ]
      },
      "properties": {
        "kind": "osm",
        "layer": "roads",
        "osm_type": "way",
        "osm_id": 595764186,
        "name": "",
        "source": "OpenStreetMap via Overpass API",
        "geometry_type": "LineString",
        "highway": "footway",
        "simplified": true,
        "simplification_tolerance_degrees": 1.5e-05
      }
    },
    {
      "type": "Feature",
      "geometry": {
        "type": "LineString",
        "coordinates": [
          [
            116.3030488,
            39.9941322
          ],
          [
            116.3030869,
            39.9945907
          ]
        ]
      },
      "properties": {
        "kind": "osm",
        "layer": "roads",
        "osm_type": "way",
        "osm_id": 595764188,
        "name": "",
        "source": "OpenStreetMap via Overpass API",
        "geometry_type": "LineString",
        "highway": "footway",
        "simplified": true,
        "simplification_tolerance_degrees": 1.5e-05
      }
    },
    {
      "type": "Feature",
      "geometry": {
        "type": "LineString",
        "coordinates": [
          [
            116.3005549,
            39.9946264
          ],
          [
            116.3002108,
            39.9946248
          ],
          [
            116.3002312,
            39.9936324
          ]
        ]
      },
      "properties": {
        "kind": "osm",
        "layer": "roads",
        "osm_type": "way",
        "osm_id": 595764190,
        "name": "",
        "source": "OpenStreetMap via Overpass API",
        "geometry_type": "LineString",
        "highway": "service",
        "simplified": true,
        "simplification_tolerance_degrees": 1.5e-05
      }
    },
    {
      "type": "Feature",
      "geometry": {
        "type": "LineString",
        "coordinates": [
          [
            116.3010621,
            39.9950259
          ],
          [
            116.3008334,
            39.9950019
          ],
          [
            116.3006016,
            39.9950294
          ],
          [
            116.3004993,
            39.9950665
          ],
          [
            116.3004651,
            39.9951213
          ],
          [
            116.3005034,
            39.9952519
          ],
          [
            116.300568,
            39.9953063
          ],
          [
            116.3005557,
            39.9954793
          ],
          [
            116.3005071,
            39.9955018
          ],
          [
            116.3005104,
            39.9956339
          ],
          [
            116.3006451,
            39.9956754
          ],
          [
            116.3009941,
            39.995683
          ]
        ]
      },
      "properties": {
        "kind": "osm",
        "layer": "roads",
        "osm_type": "way",
        "osm_id": 595764197,
        "name": "",
        "source": "OpenStreetMap via Overpass API",
        "geometry_type": "LineString",
        "highway": "footway",
        "simplified": true,
        "simplification_tolerance_degrees": 1.5e-05
      }
    },
    {
      "type": "Feature",
      "geometry": {
        "type": "LineString",
        "coordinates": [
          [
            116.3010621,
            39.9950259
          ],
          [
            116.3010692,
            39.9949324
          ],
          [
            116.3012371,
            39.9948588
          ],
          [
            116.3012467,
            39.994831
          ],
          [
            116.3011685,
            39.9947716
          ],
          [
            116.3011541,
            39.9947269
          ],
          [
            116.3012364,
            39.9946671
          ]
        ]
      },
      "properties": {
        "kind": "osm",
        "layer": "roads",
        "osm_type": "way",
        "osm_id": 595764200,
        "name": "",
        "source": "OpenStreetMap via Overpass API",
        "geometry_type": "LineString",
        "highway": "footway",
        "simplified": true,
        "simplification_tolerance_degrees": 1.5e-05
      }
    },
    {
      "type": "Feature",
      "geometry": {
        "type": "LineString",
        "coordinates": [
          [
            116.3005104,
            39.9956339
          ],
          [
            116.3005043,
            39.9958783
          ],
          [
            116.3009394,
            39.9958796
          ],
          [
            116.3009466,
            39.9957902
          ],
          [
            116.3009941,
            39.995683
          ]
        ]
      },
      "properties": {
        "kind": "osm",
        "layer": "roads",
        "osm_type": "way",
        "osm_id": 595764201,
        "name": "",
        "source": "OpenStreetMap via Overpass API",
        "geometry_type": "LineString",
        "highway": "footway",
        "simplified": true,
        "simplification_tolerance_degrees": 1.5e-05
      }
    },
    {
      "type": "Feature",
      "geometry": {
        "type": "LineString",
        "coordinates": [
          [
            116.30205,
            39.9964023
          ],
          [
            116.3024289,
            39.9967065
          ],
          [
            116.3025855,
            39.9967774
          ],
          [
            116.3025996,
            39.9968363
          ],
          [
            116.3025249,
            39.9969046
          ],
          [
            116.3025915,
            39.9969772
          ],
          [
            116.3026528,
            39.9971244
          ],
          [
            116.3027551,
            39.997246
          ],
          [
            116.3028789,
            39.997296
          ],
          [
            116.3031515,
            39.9972917
          ],
          [
            116.3032549,
            39.9973132
          ],
          [
            116.3033612,
            39.997352
          ],
          [
            116.3034457,
            39.9974254
          ]
        ]
      },
      "properties": {
        "kind": "osm",
        "layer": "roads",
        "osm_type": "way",
        "osm_id": 595764205,
        "name": "朗润园北路",
        "source": "OpenStreetMap via Overpass API",
        "geometry_type": "LineString",
        "highway": "footway",
        "simplified": true,
        "simplification_tolerance_degrees": 1.5e-05
      }
    },
    {
      "type": "Feature",
      "geometry": {
        "type": "LineString",
        "coordinates": [
          [
            116.3017558,
            39.9950499
          ],
          [
            116.3030868,
            39.9949674
          ],
          [
            116.3032688,
            39.9950187
          ],
          [
            116.3034717,
            39.9951127
          ],
          [
            116.304791,
            39.9953265
          ]
        ]
      },
      "properties": {
        "kind": "osm",
        "layer": "roads",
        "osm_type": "way",
        "osm_id": 595764208,
        "name": "镜春园路",
        "source": "OpenStreetMap via Overpass API",
        "geometry_type": "LineString",
        "highway": "footway",
        "simplified": true,
        "simplification_tolerance_degrees": 1.5e-05
      }
    },
    {
      "type": "Feature",
      "geometry": {
        "type": "LineString",
        "coordinates": [
          [
            116.298258,
            39.9964026
          ],
          [
            116.2983824,
            39.9965187
          ],
          [
            116.3005453,
            39.9966745
          ],
          [
            116.3011122,
            39.9969908
          ],
          [
            116.3016668,
            39.9977839
          ],
          [
            116.3018249,
            39.9983328
          ]
        ]
      },
      "properties": {
        "kind": "osm",
        "layer": "roads",
        "osm_type": "way",
        "osm_id": 628032089,
        "name": "",
        "source": "OpenStreetMap via Overpass API",
        "geometry_type": "LineString",
        "highway": "service",
        "simplified": true,
        "simplification_tolerance_degrees": 1.5e-05
      }
    },
    {
      "type": "Feature",
      "geometry": {
        "type": "LineString",
        "coordinates": [
          [
            116.3022206,
            39.9963349
          ],
          [
            116.3025664,
            39.9961902
          ],
          [
            116.3028518,
            39.9961155
          ],
          [
            116.3036001,
            39.9961909
          ]
        ]
      },
      "properties": {
        "kind": "osm",
        "layer": "roads",
        "osm_type": "way",
        "osm_id": 628032095,
        "name": "",
        "source": "OpenStreetMap via Overpass API",
        "geometry_type": "LineString",
        "highway": "footway",
        "simplified": true,
        "simplification_tolerance_degrees": 1.5e-05
      }
    },
    {
      "type": "Feature",
      "geometry": {
        "type": "LineString",
        "coordinates": [
          [
            116.3034717,
            39.9951127
          ],
          [
            116.3033235,
            39.9957918
          ],
          [
            116.3033459,
            39.9958809
          ],
          [
            116.3036141,
            39.9959189
          ],
          [
            116.303967,
            39.9959026
          ],
          [
            116.304453,
            39.9959251
          ],
          [
            116.3047237,
            39.9959026
          ]
        ]
      },
      "properties": {
        "kind": "osm",
        "layer": "roads",
        "osm_type": "way",
        "osm_id": 628032097,
        "name": "",
        "source": "OpenStreetMap via Overpass API",
        "geometry_type": "LineString",
        "highway": "footway",
        "simplified": true,
        "simplification_tolerance_degrees": 1.5e-05
      }
    },
    {
      "type": "Feature",
      "geometry": {
        "type": "LineString",
        "coordinates": [
          [
            116.3063579,
            39.9949538
          ],
          [
            116.3060029,
            39.996633
          ]
        ]
      },
      "properties": {
        "kind": "osm",
        "layer": "roads",
        "osm_type": "way",
        "osm_id": 628032099,
        "name": "",
        "source": "OpenStreetMap via Overpass API",
        "geometry_type": "LineString",
        "highway": "path",
        "simplified": true,
        "simplification_tolerance_degrees": 1.5e-05
      }
    },
    {
      "type": "Feature",
      "geometry": {
        "type": "LineString",
        "coordinates": [
          [
            116.3046936,
            39.9915619
          ],
          [
            116.3048758,
            39.9915966
          ]
        ]
      },
      "properties": {
        "kind": "osm",
        "layer": "roads",
        "osm_type": "way",
        "osm_id": 628032102,
        "name": "",
        "source": "OpenStreetMap via Overpass API",
        "geometry_type": "LineString",
        "highway": "footway",
        "simplified": true,
        "simplification_tolerance_degrees": 1.5e-05
      }
    },
    {
      "type": "Feature",
      "geometry": {
        "type": "LineString",
        "coordinates": [
          [
            116.3017104,
            39.9892395
          ],
          [
            116.3018337,
            39.9891594
          ],
          [
            116.3032716,
            39.9891757
          ],
          [
            116.3034735,
            39.9892565
          ]
        ]
      },
      "properties": {
        "kind": "osm",
        "layer": "roads",
        "osm_type": "way",
        "osm_id": 628038914,
        "name": "",
        "source": "OpenStreetMap via Overpass API",
        "geometry_type": "LineString",
        "highway": "footway",
        "simplified": true,
        "simplification_tolerance_degrees": 1.5e-05
      }
    },
    {
      "type": "Feature",
      "geometry": {
        "type": "LineString",
        "coordinates": [
          [
            116.3038904,
            39.9891519
          ],
          [
            116.3039502,
            39.9882798
          ]
        ]
      },
      "properties": {
        "kind": "osm",
        "layer": "roads",
        "osm_type": "way",
        "osm_id": 628038915,
        "name": "百讲西核酸路",
        "source": "OpenStreetMap via Overpass API",
        "geometry_type": "LineString",
        "highway": "service",
        "simplified": true,
        "simplification_tolerance_degrees": 1.5e-05
      }
    },
    {
      "type": "Feature",
      "geometry": {
        "type": "LineString",
        "coordinates": [
          [
            116.3120321,
            39.9946262
          ],
          [
            116.3122974,
            39.9946225
          ],
          [
            116.3127739,
            39.9947068
          ],
          [
            116.3128347,
            39.9946945
          ],
          [
            116.3132118,
            39.9944675
          ],
          [
            116.3135302,
            39.9943337
          ],
          [
            116.3142461,
            39.9943906
          ]
        ]
      },
      "properties": {
        "kind": "osm",
        "layer": "roads",
        "osm_type": "way",
        "osm_id": 628038917,
        "name": "",
        "source": "OpenStreetMap via Overpass API",
        "geometry_type": "LineString",
        "highway": "residential",
        "simplified": true,
        "simplification_tolerance_degrees": 1.5e-05
      }
    },
    {
      "type": "Feature",
      "geometry": {
        "type": "LineString",
        "coordinates": [
          [
            116.3121553,
            39.9926498
          ],
          [
            116.3136002,
            39.9926957
          ]
        ]
      },
      "properties": {
        "kind": "osm",
        "layer": "roads",
        "osm_type": "way",
        "osm_id": 628038921,
        "name": "",
        "source": "OpenStreetMap via Overpass API",
        "geometry_type": "LineString",
        "highway": "service",
        "simplified": true,
        "simplification_tolerance_degrees": 1.5e-05
      }
    },
    {
      "type": "Feature",
      "geometry": {
        "type": "LineString",
        "coordinates": [
          [
            116.3106754,
            39.9907934
          ],
          [
            116.3107472,
            39.9905974
          ],
          [
            116.3108304,
            39.9899648
          ],
          [
            116.3106085,
            39.9899507
          ],
          [
            116.310627,
            39.9896745
          ],
          [
            116.3119765,
            39.989724
          ]
        ]
      },
      "properties": {
        "kind": "osm",
        "layer": "roads",
        "osm_type": "way",
        "osm_id": 628038930,
        "name": "",
        "source": "OpenStreetMap via Overpass API",
        "geometry_type": "LineString",
        "highway": "service",
        "simplified": true,
        "simplification_tolerance_degrees": 1.5e-05
      }
    },
    {
      "type": "Feature",
      "geometry": {
        "type": "LineString",
        "coordinates": [
          [
            116.3111568,
            39.9896939
          ],
          [
            116.3111816,
            39.9892323
          ]
        ]
      },
      "properties": {
        "kind": "osm",
        "layer": "roads",
        "osm_type": "way",
        "osm_id": 628038932,
        "name": "",
        "source": "OpenStreetMap via Overpass API",
        "geometry_type": "LineString",
        "highway": "service",
        "simplified": true,
        "simplification_tolerance_degrees": 1.5e-05
      }
    },
    {
      "type": "Feature",
      "geometry": {
        "type": "LineString",
        "coordinates": [
          [
            116.3107472,
            39.9905974
          ],
          [
            116.3134476,
            39.9907087
          ]
        ]
      },
      "properties": {
        "kind": "osm",
        "layer": "roads",
        "osm_type": "way",
        "osm_id": 628038933,
        "name": "",
        "source": "OpenStreetMap via Overpass API",
        "geometry_type": "LineString",
        "highway": "service",
        "simplified": true,
        "simplification_tolerance_degrees": 1.5e-05
      }
    },
    {
      "type": "Feature",
      "geometry": {
        "type": "LineString",
        "coordinates": [
          [
            116.3110604,
            39.9889815
          ],
          [
            116.3111869,
            39.9876762
          ],
          [
            116.3109962,
            39.9875186
          ],
          [
            116.3104444,
            39.9874874
          ]
        ]
      },
      "properties": {
        "kind": "osm",
        "layer": "roads",
        "osm_type": "way",
        "osm_id": 628042948,
        "name": "",
        "source": "OpenStreetMap via Overpass API",
        "geometry_type": "LineString",
        "highway": "residential",
        "simplified": true,
        "simplification_tolerance_degrees": 1.5e-05
      }
    },
    {
      "type": "Feature",
      "geometry": {
        "type": "LineString",
        "coordinates": [
          [
            116.3100721,
            39.9871333
          ],
          [
            116.3113071,
            39.9872041
          ],
          [
            116.311381,
            39.9865738
          ],
          [
            116.3101131,
            39.9864894
          ]
        ]
      },
      "properties": {
        "kind": "osm",
        "layer": "roads",
        "osm_type": "way",
        "osm_id": 628042949,
        "name": "",
        "source": "OpenStreetMap via Overpass API",
        "geometry_type": "LineString",
        "highway": "residential",
        "simplified": true,
        "simplification_tolerance_degrees": 1.5e-05
      }
    },
    {
      "type": "Feature",
      "geometry": {
        "type": "LineString",
        "coordinates": [
          [
            116.3109962,
            39.9875186
          ],
          [
            116.3110248,
            39.9871877
          ]
        ]
      },
      "properties": {
        "kind": "osm",
        "layer": "roads",
        "osm_type": "way",
        "osm_id": 628042950,
        "name": "",
        "source": "OpenStreetMap via Overpass API",
        "geometry_type": "LineString",
        "highway": "residential",
        "simplified": true,
        "simplification_tolerance_degrees": 1.5e-05
      }
    },
    {
      "type": "Feature",
      "geometry": {
        "type": "LineString",
        "coordinates": [
          [
            116.311926,
            39.9858985
          ],
          [
            116.3119006,
            39.9860909
          ],
          [
            116.3119313,
            39.9861265
          ],
          [
            116.3117931,
            39.9871918
          ],
          [
            116.3135796,
            39.9873116
          ],
          [
            116.3135888,
            39.9876869
          ],
          [
            116.3155133,
            39.9877919
          ]
        ]
      },
      "properties": {
        "kind": "osm",
        "layer": "roads",
        "osm_type": "way",
        "osm_id": 628042956,
        "name": "",
        "source": "OpenStreetMap via Overpass API",
        "geometry_type": "LineString",
        "highway": "service",
        "simplified": true,
        "simplification_tolerance_degrees": 1.5e-05
      }
    },
    {
      "type": "Feature",
      "geometry": {
        "type": "LineString",
        "coordinates": [
          [
            116.3137934,
            39.9860262
          ],
          [
            116.3137547,
            39.9862717
          ],
          [
            116.3135981,
            39.9864334
          ],
          [
            116.3134559,
            39.9873033
          ]
        ]
      },
      "properties": {
        "kind": "osm",
        "layer": "roads",
        "osm_type": "way",
        "osm_id": 628042969,
        "name": "",
        "source": "OpenStreetMap via Overpass API",
        "geometry_type": "LineString",
        "highway": "service",
        "simplified": true,
        "simplification_tolerance_degrees": 1.5e-05
      }
    },
    {
      "type": "Feature",
      "geometry": {
        "type": "LineString",
        "coordinates": [
          [
            116.3135817,
            39.9873968
          ],
          [
            116.3152772,
            39.987517
          ],
          [
            116.3152529,
            39.9877777
          ]
        ]
      },
      "properties": {
        "kind": "osm",
        "layer": "roads",
        "osm_type": "way",
        "osm_id": 628042973,
        "name": "",
        "source": "OpenStreetMap via Overpass API",
        "geometry_type": "LineString",
        "highway": "service",
        "simplified": true,
        "simplification_tolerance_degrees": 1.5e-05
      }
    },
    {
      "type": "Feature",
      "geometry": {
        "type": "LineString",
        "coordinates": [
          [
            116.3135864,
            39.9875877
          ],
          [
            116.3111733,
            39.9874461
          ]
        ]
      },
      "properties": {
        "kind": "osm",
        "layer": "roads",
        "osm_type": "way",
        "osm_id": 628042975,
        "name": "",
        "source": "OpenStreetMap via Overpass API",
        "geometry_type": "LineString",
        "highway": "service",
        "simplified": true,
        "simplification_tolerance_degrees": 1.5e-05
      }
    },
    {
      "type": "Feature",
      "geometry": {
        "type": "LineString",
        "coordinates": [
          [
            116.3125271,
            39.9875255
          ],
          [
            116.3125709,
            39.987244
          ]
        ]
      },
      "properties": {
        "kind": "osm",
        "layer": "roads",
        "osm_type": "way",
        "osm_id": 628042976,
        "name": "",
        "source": "OpenStreetMap via Overpass API",
        "geometry_type": "LineString",
        "highway": "service",
        "simplified": true,
        "simplification_tolerance_degrees": 1.5e-05
      }
    },
    {
      "type": "Feature",
      "geometry": {
        "type": "LineString",
        "coordinates": [
          [
            116.3126192,
            39.9872472
          ],
          [
            116.3126865,
            39.9867162
          ]
        ]
      },
      "properties": {
        "kind": "osm",
        "layer": "roads",
        "osm_type": "way",
        "osm_id": 628042978,
        "name": "",
        "source": "OpenStreetMap via Overpass API",
        "geometry_type": "LineString",
        "highway": "service",
        "simplified": true,
        "simplification_tolerance_degrees": 1.5e-05
      }
    },
    {
      "type": "Feature",
      "geometry": {
        "type": "LineString",
        "coordinates": [
          [
            116.3153953,
            39.9882794
          ],
          [
            116.3171036,
            39.9884141
          ],
          [
            116.317033,
            39.9888954
          ],
          [
            116.3163567,
            39.9888597
          ]
        ]
      },
      "properties": {
        "kind": "osm",
        "layer": "roads",
        "osm_type": "way",
        "osm_id": 628048128,
        "name": "",
        "source": "OpenStreetMap via Overpass API",
        "geometry_type": "LineString",
        "highway": "service",
        "simplified": true,
        "simplification_tolerance_degrees": 1.5e-05
      }
    },
    {
      "type": "Feature",
      "geometry": {
        "type": "LineString",
        "coordinates": [
          [
            116.3164374,
            39.9883737
          ],
          [
            116.3161665,
            39.990172
          ]
        ]
      },
      "properties": {
        "kind": "osm",
        "layer": "roads",
        "osm_type": "way",
        "osm_id": 628048129,
        "name": "",
        "source": "OpenStreetMap via Overpass API",
        "geometry_type": "LineString",
        "highway": "service",
        "simplified": true,
        "simplification_tolerance_degrees": 1.5e-05
      }
    },
    {
      "type": "Feature",
      "geometry": {
        "type": "LineString",
        "coordinates": [
          [
            116.3154554,
            39.9910076
          ],
          [
            116.3155363,
            39.9901357
          ],
          [
            116.3171007,
            39.9902279
          ],
          [
            116.3173699,
            39.9880256
          ]
        ]
      },
      "properties": {
        "kind": "osm",
        "layer": "roads",
        "osm_type": "way",
        "osm_id": 628048130,
        "name": "",
        "source": "OpenStreetMap via Overpass API",
        "geometry_type": "LineString",
        "highway": "service",
        "simplified": true,
        "simplification_tolerance_degrees": 1.5e-05
      }
    },
    {
      "type": "Feature",
      "geometry": {
        "type": "LineString",
        "coordinates": [
          [
            116.3087734,
            39.995109
          ],
          [
            116.3089338,
            39.9928559
          ]
        ]
      },
      "properties": {
        "kind": "osm",
        "layer": "roads",
        "osm_type": "way",
        "osm_id": 638620293,
        "name": "成府园东路",
        "source": "OpenStreetMap via Overpass API",
        "geometry_type": "LineString",
        "highway": "service",
        "simplified": true,
        "simplification_tolerance_degrees": 1.5e-05
      }
    },
    {
      "type": "Feature",
      "geometry": {
        "type": "LineString",
        "coordinates": [
          [
            116.3009941,
            39.995683
          ],
          [
            116.3010668,
            39.9955614
          ],
          [
            116.3011376,
            39.9952191
          ],
          [
            116.3011099,
            39.9950964
          ],
          [
            116.3010621,
            39.9950259
          ]
        ]
      },
      "properties": {
        "kind": "osm",
        "layer": "roads",
        "osm_type": "way",
        "osm_id": 679485578,
        "name": "",
        "source": "OpenStreetMap via Overpass API",
        "geometry_type": "LineString",
        "highway": "path",
        "simplified": true,
        "simplification_tolerance_degrees": 1.5e-05
      }
    },
    {
      "type": "Feature",
      "geometry": {
        "type": "LineString",
        "coordinates": [
          [
            116.2945315,
            39.993562
          ],
          [
            116.2945757,
            39.9955622
          ],
          [
            116.2946226,
            39.9956507
          ],
          [
            116.2947092,
            39.9957115
          ],
          [
            116.29485,
            39.9957419
          ],
          [
            116.2985027,
            39.9958967
          ],
          [
            116.2993524,
            39.9960452
          ],
          [
            116.3007584,
            39.9962016
          ],
          [
            116.3011059,
            39.9962773
          ]
        ]
      },
      "properties": {
        "kind": "osm",
        "layer": "roads",
        "osm_type": "way",
        "osm_id": 863690567,
        "name": "海淀三山五园绿道",
        "source": "OpenStreetMap via Overpass API",
        "geometry_type": "LineString",
        "highway": "cycleway",
        "simplified": true,
        "simplification_tolerance_degrees": 1.5e-05
      }
    },
    {
      "type": "Feature",
      "geometry": {
        "type": "LineString",
        "coordinates": [
          [
            116.3089783,
            39.9982637
          ],
          [
            116.3089599,
            39.9978701
          ],
          [
            116.309015,
            39.9968723
          ],
          [
            116.3093106,
            39.993816
          ],
          [
            116.3093789,
            39.9928981
          ],
          [
            116.3094756,
            39.9926209
          ],
          [
            116.3096429,
            39.9910041
          ],
          [
            116.3096421,
            39.9908058
          ]
        ]
      },
      "properties": {
        "kind": "osm",
        "layer": "roads",
        "osm_type": "way",
        "osm_id": 863690577,
        "name": "中关村北大街",
        "source": "OpenStreetMap via Overpass API",
        "geometry_type": "LineString",
        "highway": "primary",
        "simplified": true,
        "simplification_tolerance_degrees": 1.5e-05
      }
    },
    {
      "type": "Feature",
      "geometry": {
        "type": "LineString",
        "coordinates": [
          [
            116.3032716,
            39.9891757
          ],
          [
            116.3032835,
            39.9881036
          ]
        ]
      },
      "properties": {
        "kind": "osm",
        "layer": "roads",
        "osm_type": "way",
        "osm_id": 866277590,
        "name": "",
        "source": "OpenStreetMap via Overpass API",
        "geometry_type": "LineString",
        "highway": "footway",
        "simplified": true,
        "simplification_tolerance_degrees": 1.5e-05
      }
    },
    {
      "type": "Feature",
      "geometry": {
        "type": "LineString",
        "coordinates": [
          [
            116.3028161,
            39.9891706
          ],
          [
            116.3028556,
            39.9882687
          ],
          [
            116.3024563,
            39.9882696
          ]
        ]
      },
      "properties": {
        "kind": "osm",
        "layer": "roads",
        "osm_type": "way",
        "osm_id": 866277591,
        "name": "",
        "source": "OpenStreetMap via Overpass API",
        "geometry_type": "LineString",
        "highway": "footway",
        "simplified": true,
        "simplification_tolerance_degrees": 1.5e-05
      }
    },
    {
      "type": "Feature",
      "geometry": {
        "type": "LineString",
        "coordinates": [
          [
            116.3024429,
            39.9891663
          ],
          [
            116.3024563,
            39.9882696
          ],
          [
            116.3024227,
            39.9879607
          ],
          [
            116.3023819,
            39.9878375
          ],
          [
            116.3022874,
            39.9877652
          ],
          [
            116.3020246,
            39.9877338
          ]
        ]
      },
      "properties": {
        "kind": "osm",
        "layer": "roads",
        "osm_type": "way",
        "osm_id": 866277592,
        "name": "",
        "source": "OpenStreetMap via Overpass API",
        "geometry_type": "LineString",
        "highway": "footway",
        "simplified": true,
        "simplification_tolerance_degrees": 1.5e-05
      }
    },
    {
      "type": "Feature",
      "geometry": {
        "type": "LineString",
        "coordinates": [
          [
            116.3099868,
            39.9919449
          ],
          [
            116.3100405,
            39.9911833
          ],
          [
            116.3100909,
            39.9911547
          ],
          [
            116.3105684,
            39.9911512
          ]
        ]
      },
      "properties": {
        "kind": "osm",
        "layer": "roads",
        "osm_type": "way",
        "osm_id": 866277619,
        "name": "",
        "source": "OpenStreetMap via Overpass API",
        "geometry_type": "LineString",
        "highway": "service",
        "simplified": true,
        "simplification_tolerance_degrees": 1.5e-05
      }
    },
    {
      "type": "Feature",
      "geometry": {
        "type": "LineString",
        "coordinates": [
          [
            116.3035722,
            39.992568
          ],
          [
            116.3033865,
            39.9925504
          ]
        ]
      },
      "properties": {
        "kind": "osm",
        "layer": "roads",
        "osm_type": "way",
        "osm_id": 873446767,
        "name": "",
        "source": "OpenStreetMap via Overpass API",
        "geometry_type": "LineString",
        "highway": "footway",
        "simplified": true,
        "simplification_tolerance_degrees": 1.5e-05
      }
    },
    {
      "type": "Feature",
      "geometry": {
        "type": "LineString",
        "coordinates": [
          [
            116.3001184,
            39.9916336
          ],
          [
            116.3006844,
            39.9915941
          ],
          [
            116.3013742,
            39.9915984
          ]
        ]
      },
      "properties": {
        "kind": "osm",
        "layer": "roads",
        "osm_type": "way",
        "osm_id": 873446775,
        "name": "",
        "source": "OpenStreetMap via Overpass API",
        "geometry_type": "LineString",
        "highway": "footway",
        "simplified": true,
        "simplification_tolerance_degrees": 1.5e-05
      }
    },
    {
      "type": "Feature",
      "geometry": {
        "type": "LineString",
        "coordinates": [
          [
            116.3047886,
            39.9913177
          ],
          [
            116.3047631,
            39.9917798
          ]
        ]
      },
      "properties": {
        "kind": "osm",
        "layer": "roads",
        "osm_type": "way",
        "osm_id": 876533992,
        "name": "",
        "source": "OpenStreetMap via Overpass API",
        "geometry_type": "LineString",
        "highway": "footway",
        "simplified": true,
        "simplification_tolerance_degrees": 1.5e-05
      }
    },
    {
      "type": "Feature",
      "geometry": {
        "type": "LineString",
        "coordinates": [
          [
            116.3065508,
            39.9881439
          ],
          [
            116.3069585,
            39.9881597
          ]
        ]
      },
      "properties": {
        "kind": "osm",
        "layer": "roads",
        "osm_type": "way",
        "osm_id": 970687417,
        "name": "",
        "source": "OpenStreetMap via Overpass API",
        "geometry_type": "LineString",
        "highway": "footway",
        "simplified": true,
        "simplification_tolerance_degrees": 1.5e-05
      }
    },
    {
      "type": "Feature",
      "geometry": {
        "type": "LineString",
        "coordinates": [
          [
            116.3078209,
            39.9912388
          ],
          [
            116.3077663,
            39.9916982
          ]
        ]
      },
      "properties": {
        "kind": "osm",
        "layer": "roads",
        "osm_type": "way",
        "osm_id": 970687428,
        "name": "",
        "source": "OpenStreetMap via Overpass API",
        "geometry_type": "LineString",
        "highway": "service",
        "simplified": true,
        "simplification_tolerance_degrees": 1.5e-05
      }
    },
    {
      "type": "Feature",
      "geometry": {
        "type": "LineString",
        "coordinates": [
          [
            116.307851,
            39.990749
          ],
          [
            116.3078209,
            39.9912388
          ],
          [
            116.3074832,
            39.9912235
          ]
        ]
      },
      "properties": {
        "kind": "osm",
        "layer": "roads",
        "osm_type": "way",
        "osm_id": 970687429,
        "name": "",
        "source": "OpenStreetMap via Overpass API",
        "geometry_type": "LineString",
        "highway": "service",
        "simplified": true,
        "simplification_tolerance_degrees": 1.5e-05
      }
    },
    {
      "type": "Feature",
      "geometry": {
        "type": "LineString",
        "coordinates": [
          [
            116.3092297,
            39.991764
          ],
          [
            116.3094006,
            39.9917638
          ]
        ]
      },
      "properties": {
        "kind": "osm",
        "layer": "roads",
        "osm_type": "way",
        "osm_id": 970687432,
        "name": "",
        "source": "OpenStreetMap via Overpass API",
        "geometry_type": "LineString",
        "highway": "service",
        "simplified": true,
        "simplification_tolerance_degrees": 1.5e-05
      }
    },
    {
      "type": "Feature",
      "geometry": {
        "type": "LineString",
        "coordinates": [
          [
            116.3093076,
            39.9907995
          ],
          [
            116.3095108,
            39.9908035
          ]
        ]
      },
      "properties": {
        "kind": "osm",
        "layer": "roads",
        "osm_type": "way",
        "osm_id": 970687433,
        "name": "",
        "source": "OpenStreetMap via Overpass API",
        "geometry_type": "LineString",
        "highway": "service",
        "simplified": true,
        "simplification_tolerance_degrees": 1.5e-05
      }
    },
    {
      "type": "Feature",
      "geometry": {
        "type": "LineString",
        "coordinates": [
          [
            116.3094367,
            39.9887974
          ],
          [
            116.3097932,
            39.9888105
          ]
        ]
      },
      "properties": {
        "kind": "osm",
        "layer": "roads",
        "osm_type": "way",
        "osm_id": 970687434,
        "name": "",
        "source": "OpenStreetMap via Overpass API",
        "geometry_type": "LineString",
        "highway": "service",
        "simplified": true,
        "simplification_tolerance_degrees": 1.5e-05
      }
    },
    {
      "type": "Feature",
      "geometry": {
        "type": "LineString",
        "coordinates": [
          [
            116.3151893,
            39.991598
          ],
          [
            116.3153845,
            39.9914089
          ],
          [
            116.3153781,
            39.9912856
          ],
          [
            116.3153201,
            39.9912412
          ],
          [
            116.3150778,
            39.9912142
          ],
          [
            116.3150669,
            39.9912659
          ],
          [
            116.3146292,
            39.991261
          ],
          [
            116.3146296,
            39.9911991
          ],
          [
            116.3136893,
            39.9911638
          ]
        ]
      },
      "properties": {
        "kind": "osm",
        "layer": "roads",
        "osm_type": "way",
        "osm_id": 991043600,
        "name": "",
        "source": "OpenStreetMap via Overpass API",
        "geometry_type": "LineString",
        "highway": "footway",
        "footway": "sidewalk",
        "simplified": true,
        "simplification_tolerance_degrees": 1.5e-05
      }
    },
    {
      "type": "Feature",
      "geometry": {
        "type": "LineString",
        "coordinates": [
          [
            116.3137022,
            39.9908039
          ],
          [
            116.3145702,
            39.9908299
          ],
          [
            116.3145777,
            39.990771
          ],
          [
            116.3150305,
            39.9907891
          ],
          [
            116.315022,
            39.9908474
          ],
          [
            116.3154689,
            39.9908612
          ]
        ]
      },
      "properties": {
        "kind": "osm",
        "layer": "roads",
        "osm_type": "way",
        "osm_id": 991043601,
        "name": "",
        "source": "OpenStreetMap via Overpass API",
        "geometry_type": "LineString",
        "highway": "footway",
        "footway": "sidewalk",
        "simplified": true,
        "simplification_tolerance_degrees": 1.5e-05
      }
    },
    {
      "type": "Feature",
      "geometry": {
        "type": "LineString",
        "coordinates": [
          [
            116.3153417,
            39.9912577
          ],
          [
            116.3158303,
            39.9912809
          ]
        ]
      },
      "properties": {
        "kind": "osm",
        "layer": "roads",
        "osm_type": "way",
        "osm_id": 991043602,
        "name": "",
        "source": "OpenStreetMap via Overpass API",
        "geometry_type": "LineString",
        "highway": "footway",
        "footway": "crossing",
        "simplified": true,
        "simplification_tolerance_degrees": 1.5e-05
      }
    },
    {
      "type": "Feature",
      "geometry": {
        "type": "LineString",
        "coordinates": [
          [
            116.315022,
            39.9908474
          ],
          [
            116.3148445,
            39.9908405
          ]
        ]
      },
      "properties": {
        "kind": "osm",
        "layer": "roads",
        "osm_type": "way",
        "osm_id": 991043603,
        "name": "",
        "source": "OpenStreetMap via Overpass API",
        "geometry_type": "LineString",
        "highway": "steps",
        "simplified": true,
        "simplification_tolerance_degrees": 1.5e-05
      }
    },
    {
      "type": "Feature",
      "geometry": {
        "type": "LineString",
        "coordinates": [
          [
            116.3146296,
            39.9911991
          ],
          [
            116.3148269,
            39.9912058
          ]
        ]
      },
      "properties": {
        "kind": "osm",
        "layer": "roads",
        "osm_type": "way",
        "osm_id": 991043604,
        "name": "",
        "source": "OpenStreetMap via Overpass API",
        "geometry_type": "LineString",
        "highway": "steps",
        "simplified": true,
        "simplification_tolerance_degrees": 1.5e-05
      }
    },
    {
      "type": "Feature",
      "geometry": {
        "type": "LineString",
        "coordinates": [
          [
            116.3064935,
            39.9889675
          ],
          [
            116.3051783,
            39.9889213
          ]
        ]
      },
      "properties": {
        "kind": "osm",
        "layer": "roads",
        "osm_type": "way",
        "osm_id": 993416318,
        "name": "智华路",
        "source": "OpenStreetMap via Overpass API",
        "geometry_type": "LineString",
        "highway": "service",
        "simplified": true,
        "simplification_tolerance_degrees": 1.5e-05
      }
    },
    {
      "type": "Feature",
      "geometry": {
        "type": "LineString",
        "coordinates": [
          [
            116.3067716,
            39.9886842
          ],
          [
            116.306716,
            39.9895538
          ],
          [
            116.306732,
            39.9895823
          ],
          [
            116.3064393,
            39.989573
          ]
        ]
      },
      "properties": {
        "kind": "osm",
        "layer": "roads",
        "osm_type": "way",
        "osm_id": 993418137,
        "name": "",
        "source": "OpenStreetMap via Overpass API",
        "geometry_type": "LineString",
        "highway": "footway",
        "simplified": true,
        "simplification_tolerance_degrees": 1.5e-05
      }
    },
    {
      "type": "Feature",
      "geometry": {
        "type": "LineString",
        "coordinates": [
          [
            116.3067436,
            39.9891795
          ],
          [
            116.3064815,
            39.9891709
          ]
        ]
      },
      "properties": {
        "kind": "osm",
        "layer": "roads",
        "osm_type": "way",
        "osm_id": 993418138,
        "name": "",
        "source": "OpenStreetMap via Overpass API",
        "geometry_type": "LineString",
        "highway": "footway",
        "simplified": true,
        "simplification_tolerance_degrees": 1.5e-05
      }
    },
    {
      "type": "Feature",
      "geometry": {
        "type": "LineString",
        "coordinates": [
          [
            116.3014752,
            39.9874689
          ],
          [
            116.3013728,
            39.9876478
          ],
          [
            116.3013675,
            39.9878092
          ],
          [
            116.3014369,
            39.9878486
          ],
          [
            116.3014039,
            39.9885361
          ],
          [
            116.3016689,
            39.9892358
          ]
        ]
      },
      "properties": {
        "kind": "osm",
        "layer": "roads",
        "osm_type": "way",
        "osm_id": 993418139,
        "name": "燕南西路",
        "source": "OpenStreetMap via Overpass API",
        "geometry_type": "LineString",
        "highway": "service",
        "simplified": true,
        "simplification_tolerance_degrees": 1.5e-05
      }
    },
    {
      "type": "Feature",
      "geometry": {
        "type": "LineString",
        "coordinates": [
          [
            116.3003753,
            39.9885079
          ],
          [
            116.3014039,
            39.9885361
          ]
        ]
      },
      "properties": {
        "kind": "osm",
        "layer": "roads",
        "osm_type": "way",
        "osm_id": 993418140,
        "name": "",
        "source": "OpenStreetMap via Overpass API",
        "geometry_type": "LineString",
        "highway": "footway",
        "simplified": true,
        "simplification_tolerance_degrees": 1.5e-05
      }
    },
    {
      "type": "Feature",
      "geometry": {
        "type": "LineString",
        "coordinates": [
          [
            116.3010838,
            39.9878085
          ],
          [
            116.3011085,
            39.9874339
          ]
        ]
      },
      "properties": {
        "kind": "osm",
        "layer": "roads",
        "osm_type": "way",
        "osm_id": 993419911,
        "name": "",
        "source": "OpenStreetMap via Overpass API",
        "geometry_type": "LineString",
        "highway": "footway",
        "simplified": true,
        "simplification_tolerance_degrees": 1.5e-05
      }
    },
    {
      "type": "Feature",
      "geometry": {
        "type": "LineString",
        "coordinates": [
          [
            116.3010915,
            39.9876416
          ],
          [
            116.3013728,
            39.9876478
          ]
        ]
      },
      "properties": {
        "kind": "osm",
        "layer": "roads",
        "osm_type": "way",
        "osm_id": 993419913,
        "name": "",
        "source": "OpenStreetMap via Overpass API",
        "geometry_type": "LineString",
        "highway": "footway",
        "simplified": true,
        "simplification_tolerance_degrees": 1.5e-05
      }
    },
    {
      "type": "Feature",
      "geometry": {
        "type": "LineString",
        "coordinates": [
          [
            116.3051374,
            39.9896187
          ],
          [
            116.3048422,
            39.9893937
          ]
        ]
      },
      "properties": {
        "kind": "osm",
        "layer": "roads",
        "osm_type": "way",
        "osm_id": 993427022,
        "name": "",
        "source": "OpenStreetMap via Overpass API",
        "geometry_type": "LineString",
        "highway": "footway",
        "simplified": true,
        "simplification_tolerance_degrees": 1.5e-05
      }
    },
    {
      "type": "Feature",
      "geometry": {
        "type": "LineString",
        "coordinates": [
          [
            116.3044071,
            39.989389
          ],
          [
            116.3044222,
            39.9891638
          ],
          [
            116.3051609,
            39.9891805
          ]
        ]
      },
      "properties": {
        "kind": "osm",
        "layer": "roads",
        "osm_type": "way",
        "osm_id": 993427293,
        "name": "",
        "source": "OpenStreetMap via Overpass API",
        "geometry_type": "LineString",
        "highway": "footway",
        "simplified": true,
        "simplification_tolerance_degrees": 1.5e-05
      }
    },
    {
      "type": "Feature",
      "geometry": {
        "type": "LineString",
        "coordinates": [
          [
            116.303583,
            39.9968854
          ],
          [
            116.3036884,
            39.9962856
          ]
        ]
      },
      "properties": {
        "kind": "osm",
        "layer": "roads",
        "osm_type": "way",
        "osm_id": 1009052037,
        "name": "",
        "source": "OpenStreetMap via Overpass API",
        "geometry_type": "LineString",
        "highway": "footway",
        "simplified": true,
        "simplification_tolerance_degrees": 1.5e-05
      }
    },
    {
      "type": "Feature",
      "geometry": {
        "type": "LineString",
        "coordinates": [
          [
            116.3150358,
            39.9942041
          ],
          [
            116.3162041,
            39.9942806
          ]
        ]
      },
      "properties": {
        "kind": "osm",
        "layer": "roads",
        "osm_type": "way",
        "osm_id": 1031396020,
        "name": "",
        "source": "OpenStreetMap via Overpass API",
        "geometry_type": "LineString",
        "highway": "residential",
        "simplified": true,
        "simplification_tolerance_degrees": 1.5e-05
      }
    },
    {
      "type": "Feature",
      "geometry": {
        "type": "LineString",
        "coordinates": [
          [
            116.3103751,
            39.9843857
          ],
          [
            116.3100102,
            39.9889348
          ],
          [
            116.3099254,
            39.9905984
          ],
          [
            116.3099642,
            39.9907615
          ],
          [
            116.3097584,
            39.9925688
          ],
          [
            116.3095453,
            39.992919
          ]
        ]
      },
      "properties": {
        "kind": "osm",
        "layer": "roads",
        "osm_type": "way",
        "osm_id": 1037963657,
        "name": "",
        "source": "OpenStreetMap via Overpass API",
        "geometry_type": "LineString",
        "highway": "cycleway",
        "simplified": true,
        "simplification_tolerance_degrees": 1.5e-05
      }
    },
    {
      "type": "Feature",
      "geometry": {
        "type": "LineString",
        "coordinates": [
          [
            116.3162041,
            39.9942806
          ],
          [
            116.3169817,
            39.9943484
          ],
          [
            116.3175102,
            39.9943575
          ],
          [
            116.3177154,
            39.9943891
          ]
        ]
      },
      "properties": {
        "kind": "osm",
        "layer": "roads",
        "osm_type": "way",
        "osm_id": 1061382589,
        "name": "",
        "source": "OpenStreetMap via Overpass API",
        "geometry_type": "LineString",
        "highway": "service",
        "simplified": true,
        "simplification_tolerance_degrees": 1.5e-05
      }
    },
    {
      "type": "Feature",
      "geometry": {
        "type": "LineString",
        "coordinates": [
          [
            116.3143319,
            39.996064
          ],
          [
            116.3139564,
            39.9960845
          ],
          [
            116.3137579,
            39.9961831
          ],
          [
            116.3136815,
            39.9973025
          ]
        ]
      },
      "properties": {
        "kind": "osm",
        "layer": "roads",
        "osm_type": "way",
        "osm_id": 1061382590,
        "name": "",
        "source": "OpenStreetMap via Overpass API",
        "geometry_type": "LineString",
        "highway": "service",
        "simplified": true,
        "simplification_tolerance_degrees": 1.5e-05
      }
    },
    {
      "type": "Feature",
      "geometry": {
        "type": "LineString",
        "coordinates": [
          [
            116.316089,
            39.9942717
          ],
          [
            116.315746,
            39.9984942
          ]
        ]
      },
      "properties": {
        "kind": "osm",
        "layer": "roads",
        "osm_type": "way",
        "osm_id": 1062021907,
        "name": "熙春路",
        "source": "OpenStreetMap via Overpass API",
        "geometry_type": "LineString",
        "highway": "residential",
        "simplified": true,
        "simplification_tolerance_degrees": 1.5e-05
      }
    },
    {
      "type": "Feature",
      "geometry": {
        "type": "LineString",
        "coordinates": [
          [
            116.3059936,
            39.9952523
          ],
          [
            116.3056063,
            39.9952175
          ],
          [
            116.3056603,
            39.9948701
          ]
        ]
      },
      "properties": {
        "kind": "osm",
        "layer": "roads",
        "osm_type": "way",
        "osm_id": 1075644752,
        "name": "",
        "source": "OpenStreetMap via Overpass API",
        "geometry_type": "LineString",
        "highway": "footway",
        "simplified": true,
        "simplification_tolerance_degrees": 1.5e-05
      }
    },
    {
      "type": "Feature",
      "geometry": {
        "type": "LineString",
        "coordinates": [
          [
            116.306012,
            39.9931694
          ],
          [
            116.3061721,
            39.9929564
          ],
          [
            116.3061937,
            39.9922739
          ],
          [
            116.3061806,
            39.9921576
          ],
          [
            116.3061229,
            39.9920763
          ],
          [
            116.3059375,
            39.9919705
          ]
        ]
      },
      "properties": {
        "kind": "osm",
        "layer": "roads",
        "osm_type": "way",
        "osm_id": 1075644762,
        "name": "",
        "source": "OpenStreetMap via Overpass API",
        "geometry_type": "LineString",
        "highway": "footway",
        "simplified": true,
        "simplification_tolerance_degrees": 1.5e-05
      }
    },
    {
      "type": "Feature",
      "geometry": {
        "type": "LineString",
        "coordinates": [
          [
            116.3061749,
            39.9927213
          ],
          [
            116.3069936,
            39.9927413
          ]
        ]
      },
      "properties": {
        "kind": "osm",
        "layer": "roads",
        "osm_type": "way",
        "osm_id": 1075644763,
        "name": "",
        "source": "OpenStreetMap via Overpass API",
        "geometry_type": "LineString",
        "highway": "footway",
        "simplified": true,
        "simplification_tolerance_degrees": 1.5e-05
      }
    },
    {
      "type": "Feature",
      "geometry": {
        "type": "LineString",
        "coordinates": [
          [
            116.3003814,
            39.9882194
          ],
          [
            116.3009554,
            39.9879196
          ],
          [
            116.3010838,
            39.9878085
          ],
          [
            116.3013675,
            39.9878092
          ]
        ]
      },
      "properties": {
        "kind": "osm",
        "layer": "roads",
        "osm_type": "way",
        "osm_id": 1090663939,
        "name": "学五北路",
        "source": "OpenStreetMap via Overpass API",
        "geometry_type": "LineString",
        "highway": "service",
        "simplified": true,
        "simplification_tolerance_degrees": 1.5e-05
      }
    },
    {
      "type": "Feature",
      "geometry": {
        "type": "LineString",
        "coordinates": [
          [
            116.3051295,
            39.9897386
          ],
          [
            116.3048326,
            39.9898976
          ],
          [
            116.3035441,
            39.9898554
          ]
        ]
      },
      "properties": {
        "kind": "osm",
        "layer": "roads",
        "osm_type": "way",
        "osm_id": 1090663940,
        "name": "图书馆南路",
        "source": "OpenStreetMap via Overpass API",
        "geometry_type": "LineString",
        "highway": "service",
        "simplified": true,
        "simplification_tolerance_degrees": 1.5e-05
      }
    },
    {
      "type": "Feature",
      "geometry": {
        "type": "LineString",
        "coordinates": [
          [
            116.303254,
            39.9871514
          ],
          [
            116.303241,
            39.9872589
          ]
        ]
      },
      "properties": {
        "kind": "osm",
        "layer": "roads",
        "osm_type": "way",
        "osm_id": 1090663942,
        "name": "",
        "source": "OpenStreetMap via Overpass API",
        "geometry_type": "LineString",
        "highway": "service",
        "simplified": true,
        "simplification_tolerance_degrees": 1.5e-05
      }
    },
    {
      "type": "Feature",
      "geometry": {
        "type": "LineString",
        "coordinates": [
          [
            116.3033581,
            39.9870924
          ],
          [
            116.3037471,
            39.9870967
          ]
        ]
      },
      "properties": {
        "kind": "osm",
        "layer": "roads",
        "osm_type": "way",
        "osm_id": 1090663943,
        "name": "民主科学东路",
        "source": "OpenStreetMap via Overpass API",
        "geometry_type": "LineString",
        "highway": "service",
        "simplified": true,
        "simplification_tolerance_degrees": 1.5e-05
      }
    },
    {
      "type": "Feature",
      "geometry": {
        "type": "LineString",
        "coordinates": [
          [
            116.3045248,
            39.9871783
          ],
          [
            116.3045163,
            39.9873289
          ]
        ]
      },
      "properties": {
        "kind": "osm",
        "layer": "roads",
        "osm_type": "way",
        "osm_id": 1091239427,
        "name": "",
        "source": "OpenStreetMap via Overpass API",
        "geometry_type": "LineString",
        "highway": "footway",
        "simplified": true,
        "simplification_tolerance_degrees": 1.5e-05
      }
    },
    {
      "type": "Feature",
      "geometry": {
        "type": "LineString",
        "coordinates": [
          [
            116.301918,
            39.9906319
          ],
          [
            116.3019428,
            39.99086
          ],
          [
            116.3022036,
            39.9908785
          ]
        ]
      },
      "properties": {
        "kind": "osm",
        "layer": "roads",
        "osm_type": "way",
        "osm_id": 1091239429,
        "name": "",
        "source": "OpenStreetMap via Overpass API",
        "geometry_type": "LineString",
        "highway": "footway",
        "simplified": true,
        "simplification_tolerance_degrees": 1.5e-05
      }
    },
    {
      "type": "Feature",
      "geometry": {
        "type": "LineString",
        "coordinates": [
          [
            116.3023692,
            39.9907911
          ],
          [
            116.3022217,
            39.9907824
          ],
          [
            116.3021936,
            39.9908271
          ],
          [
            116.3022036,
            39.9908785
          ]
        ]
      },
      "properties": {
        "kind": "osm",
        "layer": "roads",
        "osm_type": "way",
        "osm_id": 1091239430,
        "name": "",
        "source": "OpenStreetMap via Overpass API",
        "geometry_type": "LineString",
        "highway": "footway",
        "simplified": true,
        "simplification_tolerance_degrees": 1.5e-05
      }
    },
    {
      "type": "Feature",
      "geometry": {
        "type": "LineString",
        "coordinates": [
          [
            116.3018811,
            39.9906
          ],
          [
            116.301918,
            39.9906319
          ],
          [
            116.3019904,
            39.9906134
          ],
          [
            116.3021258,
            39.9906267
          ],
          [
            116.3022539,
            39.9905353
          ]
        ]
      },
      "properties": {
        "kind": "osm",
        "layer": "roads",
        "osm_type": "way",
        "osm_id": 1091239431,
        "name": "",
        "source": "OpenStreetMap via Overpass API",
        "geometry_type": "LineString",
        "highway": "footway",
        "simplified": true,
        "simplification_tolerance_degrees": 1.5e-05
      }
    },
    {
      "type": "Feature",
      "geometry": {
        "type": "LineString",
        "coordinates": [
          [
            116.3023501,
            39.9900065
          ],
          [
            116.3022901,
            39.9901089
          ],
          [
            116.3023116,
            39.9902085
          ],
          [
            116.3022499,
            39.9903339
          ],
          [
            116.3022807,
            39.9904068
          ],
          [
            116.3022284,
            39.9904849
          ],
          [
            116.3023075,
            39.9906123
          ],
          [
            116.3023303,
            39.9907685
          ],
          [
            116.3024536,
            39.9908025
          ]
        ]
      },
      "properties": {
        "kind": "osm",
        "layer": "roads",
        "osm_type": "way",
        "osm_id": 1091239432,
        "name": "",
        "source": "OpenStreetMap via Overpass API",
        "geometry_type": "LineString",
        "highway": "footway",
        "simplified": true,
        "simplification_tolerance_degrees": 1.5e-05
      }
    },
    {
      "type": "Feature",
      "geometry": {
        "type": "LineString",
        "coordinates": [
          [
            116.3017242,
            39.9900472
          ],
          [
            116.3017792,
            39.9900082
          ],
          [
            116.3017751,
            39.9899234
          ],
          [
            116.3017959,
            39.9899018
          ],
          [
            116.3019978,
            39.9898073
          ],
          [
            116.3022143,
            39.989834
          ],
          [
            116.3023263,
            39.9898222
          ],
          [
            116.302337,
            39.9898371
          ],
          [
            116.3022847,
            39.9899162
          ],
          [
            116.3022928,
            39.989946
          ],
          [
            116.3023867,
            39.9899938
          ]
        ]
      },
      "properties": {
        "kind": "osm",
        "layer": "roads",
        "osm_type": "way",
        "osm_id": 1091239433,
        "name": "",
        "source": "OpenStreetMap via Overpass API",
        "geometry_type": "LineString",
        "highway": "footway",
        "simplified": true,
        "simplification_tolerance_degrees": 1.5e-05
      }
    },
    {
      "type": "Feature",
      "geometry": {
        "type": "LineString",
        "coordinates": [
          [
            116.3016764,
            39.9900461
          ],
          [
            116.3017765,
            39.9900657
          ],
          [
            116.3019128,
            39.990144
          ]
        ]
      },
      "properties": {
        "kind": "osm",
        "layer": "roads",
        "osm_type": "way",
        "osm_id": 1091239434,
        "name": "",
        "source": "OpenStreetMap via Overpass API",
        "geometry_type": "LineString",
        "highway": "footway",
        "simplified": true,
        "simplification_tolerance_degrees": 1.5e-05
      }
    },
    {
      "type": "Feature",
      "geometry": {
        "type": "LineString",
        "coordinates": [
          [
            116.3016487,
            39.9907911
          ],
          [
            116.3017496,
            39.9907942
          ],
          [
            116.3018811,
            39.9906
          ],
          [
            116.3018589,
            39.9905163
          ],
          [
            116.3017711,
            39.9903791
          ],
          [
            116.3018026,
            39.9902286
          ],
          [
            116.3018368,
            39.9901859
          ],
          [
            116.3019387,
            39.9901315
          ],
          [
            116.3020782,
            39.990113
          ],
          [
            116.3023867,
            39.9899938
          ],
          [
            116.3024793,
            39.9899856
          ]
        ]
      },
      "properties": {
        "kind": "osm",
        "layer": "roads",
        "osm_type": "way",
        "osm_id": 1091239435,
        "name": "",
        "source": "OpenStreetMap via Overpass API",
        "geometry_type": "LineString",
        "highway": "footway",
        "simplified": true,
        "simplification_tolerance_degrees": 1.5e-05
      }
    },
    {
      "type": "Feature",
      "geometry": {
        "type": "LineString",
        "coordinates": [
          [
            116.3035441,
            39.9898554
          ],
          [
            116.3035327,
            39.9900419
          ]
        ]
      },
      "properties": {
        "kind": "osm",
        "layer": "roads",
        "osm_type": "way",
        "osm_id": 1092504031,
        "name": "",
        "source": "OpenStreetMap via Overpass API",
        "geometry_type": "LineString",
        "highway": "footway",
        "simplified": true,
        "simplification_tolerance_degrees": 1.5e-05
      }
    },
    {
      "type": "Feature",
      "geometry": {
        "type": "LineString",
        "coordinates": [
          [
            116.3028212,
            39.9870744
          ],
          [
            116.3031929,
            39.9870835
          ]
        ]
      },
      "properties": {
        "kind": "osm",
        "layer": "roads",
        "osm_type": "way",
        "osm_id": 1092504033,
        "name": "民主科学西路",
        "source": "OpenStreetMap via Overpass API",
        "geometry_type": "LineString",
        "highway": "service",
        "simplified": true,
        "simplification_tolerance_degrees": 1.5e-05
      }
    },
    {
      "type": "Feature",
      "geometry": {
        "type": "LineString",
        "coordinates": [
          [
            116.3045067,
            39.9880767
          ],
          [
            116.3045046,
            39.9881338
          ],
          [
            116.3050321,
            39.9886069
          ],
          [
            116.3052159,
            39.9886173
          ]
        ]
      },
      "properties": {
        "kind": "osm",
        "layer": "roads",
        "osm_type": "way",
        "osm_id": 1098564182,
        "name": "百讲广场径",
        "source": "OpenStreetMap via Overpass API",
        "geometry_type": "LineString",
        "highway": "path",
        "simplified": true,
        "simplification_tolerance_degrees": 1.5e-05
      }
    },
    {
      "type": "Feature",
      "geometry": {
        "type": "LineString",
        "coordinates": [
          [
            116.3030545,
            39.9938355
          ],
          [
            116.3030543,
            39.9937826
          ]
        ]
      },
      "properties": {
        "kind": "osm",
        "layer": "roads",
        "osm_type": "way",
        "osm_id": 1098805614,
        "name": "",
        "source": "OpenStreetMap via Overpass API",
        "geometry_type": "LineString",
        "highway": "footway",
        "simplified": true,
        "simplification_tolerance_degrees": 1.5e-05
      }
    },
    {
      "type": "Feature",
      "geometry": {
        "type": "LineString",
        "coordinates": [
          [
            116.3030543,
            39.9937826
          ],
          [
            116.3030541,
            39.993718
          ]
        ]
      },
      "properties": {
        "kind": "osm",
        "layer": "roads",
        "osm_type": "way",
        "osm_id": 1098805615,
        "name": "",
        "source": "OpenStreetMap via Overpass API",
        "geometry_type": "LineString",
        "highway": "footway",
        "simplified": true,
        "simplification_tolerance_degrees": 1.5e-05
      }
    },
    {
      "type": "Feature",
      "geometry": {
        "type": "LineString",
        "coordinates": [
          [
            116.3042594,
            39.992792
          ],
          [
            116.3042962,
            39.9926155
          ]
        ]
      },
      "properties": {
        "kind": "osm",
        "layer": "roads",
        "osm_type": "way",
        "osm_id": 1098805616,
        "name": "",
        "source": "OpenStreetMap via Overpass API",
        "geometry_type": "LineString",
        "highway": "steps",
        "simplified": true,
        "simplification_tolerance_degrees": 1.5e-05
      }
    },
    {
      "type": "Feature",
      "geometry": {
        "type": "LineString",
        "coordinates": [
          [
            116.3039284,
            39.9922606
          ],
          [
            116.3040089,
            39.9923361
          ],
          [
            116.3041029,
            39.9925128
          ],
          [
            116.3041758,
            39.9925151
          ],
          [
            116.3042183,
            39.9925988
          ],
          [
            116.3042962,
            39.9926155
          ]
        ]
      },
      "properties": {
        "kind": "osm",
        "layer": "roads",
        "osm_type": "way",
        "osm_id": 1098805617,
        "name": "",
        "source": "OpenStreetMap via Overpass API",
        "geometry_type": "LineString",
        "highway": "path",
        "simplified": true,
        "simplification_tolerance_degrees": 1.5e-05
      }
    },
    {
      "type": "Feature",
      "geometry": {
        "type": "LineString",
        "coordinates": [
          [
            116.3050814,
            39.9942917
          ],
          [
            116.30493,
            39.9943339
          ]
        ]
      },
      "properties": {
        "kind": "osm",
        "layer": "roads",
        "osm_type": "way",
        "osm_id": 1098805618,
        "name": "",
        "source": "OpenStreetMap via Overpass API",
        "geometry_type": "LineString",
        "highway": "path",
        "simplified": true,
        "simplification_tolerance_degrees": 1.5e-05
      }
    },
    {
      "type": "Feature",
      "geometry": {
        "type": "LineString",
        "coordinates": [
          [
            116.30493,
            39.9943339
          ],
          [
            116.3048661,
            39.994353
          ]
        ]
      },
      "properties": {
        "kind": "osm",
        "layer": "roads",
        "osm_type": "way",
        "osm_id": 1098805619,
        "name": "",
        "source": "OpenStreetMap via Overpass API",
        "geometry_type": "LineString",
        "highway": "path",
        "simplified": true,
        "simplification_tolerance_degrees": 1.5e-05
      }
    },
    {
      "type": "Feature",
      "geometry": {
        "type": "LineString",
        "coordinates": [
          [
            116.3051528,
            39.9942714
          ],
          [
            116.3050814,
            39.9942917
          ]
        ]
      },
      "properties": {
        "kind": "osm",
        "layer": "roads",
        "osm_type": "way",
        "osm_id": 1098805620,
        "name": "",
        "source": "OpenStreetMap via Overpass API",
        "geometry_type": "LineString",
        "highway": "path",
        "simplified": true,
        "simplification_tolerance_degrees": 1.5e-05
      }
    },
    {
      "type": "Feature",
      "geometry": {
        "type": "LineString",
        "coordinates": [
          [
            116.3050748,
            39.990637
          ],
          [
            116.3051673,
            39.9906416
          ]
        ]
      },
      "properties": {
        "kind": "osm",
        "layer": "roads",
        "osm_type": "way",
        "osm_id": 1099363911,
        "name": "",
        "source": "OpenStreetMap via Overpass API",
        "geometry_type": "LineString",
        "highway": "footway",
        "simplified": true,
        "simplification_tolerance_degrees": 1.5e-05
      }
    },
    {
      "type": "Feature",
      "geometry": {
        "type": "LineString",
        "coordinates": [
          [
            116.304946,
            39.9906311
          ],
          [
            116.3046526,
            39.9906159
          ],
          [
            116.304647,
            39.9907449
          ],
          [
            116.3047588,
            39.9908411
          ],
          [
            116.3047245,
            39.991207
          ],
          [
            116.304365,
            39.991192
          ],
          [
            116.304354,
            39.9912987
          ]
        ]
      },
      "properties": {
        "kind": "osm",
        "layer": "roads",
        "osm_type": "way",
        "osm_id": 1099363912,
        "name": "",
        "source": "OpenStreetMap via Overpass API",
        "geometry_type": "LineString",
        "highway": "footway",
        "simplified": true,
        "simplification_tolerance_degrees": 1.5e-05
      }
    },
    {
      "type": "Feature",
      "geometry": {
        "type": "LineString",
        "coordinates": [
          [
            116.3046526,
            39.9906159
          ],
          [
            116.3046582,
            39.9905008
          ],
          [
            116.3047814,
            39.9904231
          ],
          [
            116.3048092,
            39.9901139
          ],
          [
            116.3047639,
            39.9899798
          ],
          [
            116.3044706,
            39.9899627
          ]
        ]
      },
      "properties": {
        "kind": "osm",
        "layer": "roads",
        "osm_type": "way",
        "osm_id": 1099363913,
        "name": "",
        "source": "OpenStreetMap via Overpass API",
        "geometry_type": "LineString",
        "highway": "footway",
        "simplified": true,
        "simplification_tolerance_degrees": 1.5e-05
      }
    },
    {
      "type": "Feature",
      "geometry": {
        "type": "LineString",
        "coordinates": [
          [
            116.3035441,
            39.9898554
          ],
          [
            116.3035665,
            39.9893799
          ],
          [
            116.303476,
            39.98936
          ],
          [
            116.3034735,
            39.9892565
          ]
        ]
      },
      "properties": {
        "kind": "osm",
        "layer": "roads",
        "osm_type": "way",
        "osm_id": 1100821739,
        "name": "二体东路",
        "source": "OpenStreetMap via Overpass API",
        "geometry_type": "LineString",
        "highway": "service",
        "simplified": true,
        "simplification_tolerance_degrees": 1.5e-05
      }
    },
    {
      "type": "Feature",
      "geometry": {
        "type": "LineString",
        "coordinates": [
          [
            116.3029836,
            39.9912205
          ],
          [
            116.3030357,
            39.9896433
          ]
        ]
      },
      "properties": {
        "kind": "osm",
        "layer": "roads",
        "osm_type": "way",
        "osm_id": 1100821740,
        "name": "进步路",
        "source": "OpenStreetMap via Overpass API",
        "geometry_type": "LineString",
        "highway": "service",
        "simplified": true,
        "simplification_tolerance_degrees": 1.5e-05
      }
    },
    {
      "type": "Feature",
      "geometry": {
        "type": "LineString",
        "coordinates": [
          [
            116.3066043,
            39.9949843
          ],
          [
            116.3060339,
            39.997426
          ],
          [
            116.30596,
            39.99781
          ],
          [
            116.3059465,
            39.9982089
          ]
        ]
      },
      "properties": {
        "kind": "osm",
        "layer": "roads",
        "osm_type": "way",
        "osm_id": 1100821741,
        "name": "人文学苑路",
        "source": "OpenStreetMap via Overpass API",
        "geometry_type": "LineString",
        "highway": "service",
        "simplified": true,
        "simplification_tolerance_degrees": 1.5e-05
      }
    },
    {
      "type": "Feature",
      "geometry": {
        "type": "LineString",
        "coordinates": [
          [
            116.3072904,
            39.9950408
          ],
          [
            116.3066043,
            39.9949843
          ],
          [
            116.3047211,
            39.9947539
          ]
        ]
      },
      "properties": {
        "kind": "osm",
        "layer": "roads",
        "osm_type": "way",
        "osm_id": 1100821742,
        "name": "一体北路",
        "source": "OpenStreetMap via Overpass API",
        "geometry_type": "LineString",
        "highway": "service",
        "simplified": true,
        "simplification_tolerance_degrees": 1.5e-05
      }
    },
    {
      "type": "Feature",
      "geometry": {
        "type": "LineString",
        "coordinates": [
          [
            116.3053959,
            39.991462
          ],
          [
            116.30631,
            39.9914972
          ]
        ]
      },
      "properties": {
        "kind": "osm",
        "layer": "roads",
        "osm_type": "way",
        "osm_id": 1100821744,
        "name": "",
        "source": "OpenStreetMap via Overpass API",
        "geometry_type": "LineString",
        "highway": "service",
        "simplified": true,
        "simplification_tolerance_degrees": 1.5e-05
      }
    },
    {
      "type": "Feature",
      "geometry": {
        "type": "LineString",
        "coordinates": [
          [
            116.3070746,
            39.993371
          ],
          [
            116.3059349,
            39.9931548
          ],
          [
            116.30567,
            39.9928905
          ],
          [
            116.3054488,
            39.9927438
          ]
        ]
      },
      "properties": {
        "kind": "osm",
        "layer": "roads",
        "osm_type": "way",
        "osm_id": 1100821746,
        "name": "一体南路",
        "source": "OpenStreetMap via Overpass API",
        "geometry_type": "LineString",
        "highway": "service",
        "simplified": true,
        "simplification_tolerance_degrees": 1.5e-05
      }
    },
    {
      "type": "Feature",
      "geometry": {
        "type": "LineString",
        "coordinates": [
          [
            116.3007861,
            39.9936
          ],
          [
            116.3012357,
            39.9936232
          ],
          [
            116.3013407,
            39.9936097
          ],
          [
            116.3014508,
            39.9935414
          ],
          [
            116.3014865,
            39.9933198
          ]
        ]
      },
      "properties": {
        "kind": "osm",
        "layer": "roads",
        "osm_type": "way",
        "osm_id": 1100821747,
        "name": "",
        "source": "OpenStreetMap via Overpass API",
        "geometry_type": "LineString",
        "highway": "footway",
        "simplified": true,
        "simplification_tolerance_degrees": 1.5e-05
      }
    },
    {
      "type": "Feature",
      "geometry": {
        "type": "LineString",
        "coordinates": [
          [
            116.3005036,
            39.9957979
          ],
          [
            116.3000968,
            39.9957965
          ]
        ]
      },
      "properties": {
        "kind": "osm",
        "layer": "roads",
        "osm_type": "way",
        "osm_id": 1100821749,
        "name": "",
        "source": "OpenStreetMap via Overpass API",
        "geometry_type": "LineString",
        "highway": "footway",
        "simplified": true,
        "simplification_tolerance_degrees": 1.5e-05
      }
    },
    {
      "type": "Feature",
      "geometry": {
        "type": "LineString",
        "coordinates": [
          [
            116.3046036,
            39.9964913
          ],
          [
            116.3046961,
            39.996561
          ],
          [
            116.304732,
            39.9966541
          ],
          [
            116.3047163,
            39.9967261
          ],
          [
            116.3045635,
            39.9968552
          ]
        ]
      },
      "properties": {
        "kind": "osm",
        "layer": "roads",
        "osm_type": "way",
        "osm_id": 1100822528,
        "name": "",
        "source": "OpenStreetMap via Overpass API",
        "geometry_type": "LineString",
        "highway": "service",
        "simplified": true,
        "simplification_tolerance_degrees": 1.5e-05
      }
    },
    {
      "type": "Feature",
      "geometry": {
        "type": "LineString",
        "coordinates": [
          [
            116.3045067,
            39.9880767
          ],
          [
            116.3042618,
            39.9880661
          ],
          [
            116.3042782,
            39.987858
          ],
          [
            116.3045067,
            39.9880767
          ]
        ]
      },
      "properties": {
        "kind": "osm",
        "layer": "roads",
        "osm_type": "way",
        "osm_id": 1100979408,
        "name": "三角地环路",
        "source": "OpenStreetMap via Overpass API",
        "geometry_type": "LineString",
        "highway": "service",
        "simplified": true,
        "simplification_tolerance_degrees": 1.5e-05
      }
    },
    {
      "type": "Feature",
      "geometry": {
        "type": "LineString",
        "coordinates": [
          [
            116.3024047,
            39.9879062
          ],
          [
            116.3032702,
            39.9879338
          ],
          [
            116.3032835,
            39.9881036
          ]
        ]
      },
      "properties": {
        "kind": "osm",
        "layer": "roads",
        "osm_type": "way",
        "osm_id": 1100981078,
        "name": "",
        "source": "OpenStreetMap via Overpass API",
        "geometry_type": "LineString",
        "highway": "footway",
        "simplified": true,
        "simplification_tolerance_degrees": 1.5e-05
      }
    },
    {
      "type": "Feature",
      "geometry": {
        "type": "LineString",
        "coordinates": [
          [
            116.3028556,
            39.9882687
          ],
          [
            116.3028429,
            39.9879202
          ]
        ]
      },
      "properties": {
        "kind": "osm",
        "layer": "roads",
        "osm_type": "way",
        "osm_id": 1100981079,
        "name": "",
        "source": "OpenStreetMap via Overpass API",
        "geometry_type": "LineString",
        "highway": "footway",
        "simplified": true,
        "simplification_tolerance_degrees": 1.5e-05
      }
    },
    {
      "type": "Feature",
      "geometry": {
        "type": "LineString",
        "coordinates": [
          [
            116.3024047,
            39.9879062
          ],
          [
            116.3024317,
            39.9874869
          ]
        ]
      },
      "properties": {
        "kind": "osm",
        "layer": "roads",
        "osm_type": "way",
        "osm_id": 1100981610,
        "name": "",
        "source": "OpenStreetMap via Overpass API",
        "geometry_type": "LineString",
        "highway": "footway",
        "simplified": true,
        "simplification_tolerance_degrees": 1.5e-05
      }
    },
    {
      "type": "Feature",
      "geometry": {
        "type": "LineString",
        "coordinates": [
          [
            116.3051232,
            39.9876425
          ],
          [
            116.304918,
            39.9876322
          ]
        ]
      },
      "properties": {
        "kind": "osm",
        "layer": "roads",
        "osm_type": "way",
        "osm_id": 1100981979,
        "name": "",
        "source": "OpenStreetMap via Overpass API",
        "geometry_type": "LineString",
        "highway": "footway",
        "simplified": true,
        "simplification_tolerance_degrees": 1.5e-05
      }
    },
    {
      "type": "Feature",
      "geometry": {
        "type": "LineString",
        "coordinates": [
          [
            116.3047501,
            39.9912889
          ],
          [
            116.3048939,
            39.9914007
          ],
          [
            116.3053959,
            39.991462
          ]
        ]
      },
      "properties": {
        "kind": "osm",
        "layer": "roads",
        "osm_type": "way",
        "osm_id": 1101010405,
        "name": "",
        "source": "OpenStreetMap via Overpass API",
        "geometry_type": "LineString",
        "highway": "footway",
        "simplified": true,
        "simplification_tolerance_degrees": 1.5e-05
      }
    },
    {
      "type": "Feature",
      "geometry": {
        "type": "LineString",
        "coordinates": [
          [
            116.303967,
            39.9959026
          ],
          [
            116.3040948,
            39.9952062
          ]
        ]
      },
      "properties": {
        "kind": "osm",
        "layer": "roads",
        "osm_type": "way",
        "osm_id": 1101010409,
        "name": "",
        "source": "OpenStreetMap via Overpass API",
        "geometry_type": "LineString",
        "highway": "footway",
        "simplified": true,
        "simplification_tolerance_degrees": 1.5e-05
      }
    },
    {
      "type": "Feature",
      "geometry": {
        "type": "LineString",
        "coordinates": [
          [
            116.3047341,
            39.9962926
          ],
          [
            116.3046036,
            39.9964913
          ]
        ]
      },
      "properties": {
        "kind": "osm",
        "layer": "roads",
        "osm_type": "way",
        "osm_id": 1101010410,
        "name": "",
        "source": "OpenStreetMap via Overpass API",
        "geometry_type": "LineString",
        "highway": "service",
        "simplified": true,
        "simplification_tolerance_degrees": 1.5e-05
      }
    },
    {
      "type": "Feature",
      "geometry": {
        "type": "LineString",
        "coordinates": [
          [
            116.3074438,
            39.9950509
          ],
          [
            116.307302,
            39.995042
          ]
        ]
      },
      "properties": {
        "kind": "osm",
        "layer": "roads",
        "osm_type": "way",
        "osm_id": 1101010411,
        "name": "",
        "source": "OpenStreetMap via Overpass API",
        "geometry_type": "LineString",
        "highway": "footway",
        "simplified": true,
        "simplification_tolerance_degrees": 1.5e-05
      }
    },
    {
      "type": "Feature",
      "geometry": {
        "type": "LineString",
        "coordinates": [
          [
            116.3078183,
            39.992847
          ],
          [
            116.3071058,
            39.9928331
          ]
        ]
      },
      "properties": {
        "kind": "osm",
        "layer": "roads",
        "osm_type": "way",
        "osm_id": 1101010412,
        "name": "",
        "source": "OpenStreetMap via Overpass API",
        "geometry_type": "LineString",
        "highway": "footway",
        "simplified": true,
        "simplification_tolerance_degrees": 1.5e-05
      }
    },
    {
      "type": "Feature",
      "geometry": {
        "type": "LineString",
        "coordinates": [
          [
            116.306856,
            39.9970522
          ],
          [
            116.3070041,
            39.9958625
          ]
        ]
      },
      "properties": {
        "kind": "osm",
        "layer": "roads",
        "osm_type": "way",
        "osm_id": 1101010413,
        "name": "",
        "source": "OpenStreetMap via Overpass API",
        "geometry_type": "LineString",
        "highway": "service",
        "simplified": true,
        "simplification_tolerance_degrees": 1.5e-05
      }
    },
    {
      "type": "Feature",
      "geometry": {
        "type": "LineString",
        "coordinates": [
          [
            116.3090235,
            39.9915735
          ],
          [
            116.3087716,
            39.9915711
          ]
        ]
      },
      "properties": {
        "kind": "osm",
        "layer": "roads",
        "osm_type": "way",
        "osm_id": 1101010414,
        "name": "",
        "source": "OpenStreetMap via Overpass API",
        "geometry_type": "LineString",
        "highway": "service",
        "simplified": true,
        "simplification_tolerance_degrees": 1.5e-05
      }
    },
    {
      "type": "Feature",
      "geometry": {
        "type": "LineString",
        "coordinates": [
          [
            116.3062133,
            39.9966581
          ],
          [
            116.3060029,
            39.996633
          ],
          [
            116.30596,
            39.9967317
          ],
          [
            116.3058023,
            39.9967353
          ],
          [
            116.3053133,
            39.9966679
          ]
        ]
      },
      "properties": {
        "kind": "osm",
        "layer": "roads",
        "osm_type": "way",
        "osm_id": 1101010415,
        "name": "",
        "source": "OpenStreetMap via Overpass API",
        "geometry_type": "LineString",
        "highway": "footway",
        "simplified": true,
        "simplification_tolerance_degrees": 1.5e-05
      }
    },
    {
      "type": "Feature",
      "geometry": {
        "type": "LineString",
        "coordinates": [
          [
            116.3050753,
            39.9977167
          ],
          [
            116.3051839,
            39.9976532
          ],
          [
            116.3052771,
            39.9975587
          ],
          [
            116.3053371,
            39.9974228
          ],
          [
            116.305472,
            39.9969182
          ],
          [
            116.3054709,
            39.9968432
          ],
          [
            116.3054529,
            39.9967757
          ],
          [
            116.3053133,
            39.9966679
          ],
          [
            116.3050014,
            39.9965918
          ],
          [
            116.3049194,
            39.9965441
          ],
          [
            116.3047341,
            39.9962926
          ],
          [
            116.3047237,
            39.9959026
          ],
          [
            116.304791,
            39.9953265
          ],
          [
            116.3047903,
            39.995107
          ],
          [
            116.3047211,
            39.9947539
          ]
        ]
      },
      "properties": {
        "kind": "osm",
        "layer": "roads",
        "osm_type": "way",
        "osm_id": 1101010416,
        "name": "朗润园东路",
        "source": "OpenStreetMap via Overpass API",
        "geometry_type": "LineString",
        "highway": "service",
        "simplified": true,
        "simplification_tolerance_degrees": 1.5e-05
      }
    },
    {
      "type": "Feature",
      "geometry": {
        "type": "LineString",
        "coordinates": [
          [
            116.3011639,
            39.9946141
          ],
          [
            116.3012364,
            39.9946671
          ],
          [
            116.3014041,
            39.9947149
          ],
          [
            116.301415,
            39.994744
          ],
          [
            116.3013806,
            39.9947595
          ],
          [
            116.3013746,
            39.9947895
          ],
          [
            116.3013832,
            39.9948353
          ],
          [
            116.3015217,
            39.9949224
          ],
          [
            116.3015954,
            39.9950274
          ],
          [
            116.3017558,
            39.9950499
          ],
          [
            116.3017088,
            39.9952718
          ],
          [
            116.3017586,
            39.9954079
          ],
          [
            116.3016368,
            39.9956203
          ],
          [
            116.3015346,
            39.9959576
          ],
          [
            116.3017601,
            39.996149
          ],
          [
            116.3018992,
            39.996197
          ],
          [
            116.3019817,
            39.996252
          ],
          [
            116.30205,
            39.9964023
          ]
        ]
      },
      "properties": {
        "kind": "osm",
        "layer": "roads",
        "osm_type": "way",
        "osm_id": 1101010417,
        "name": "镜春园西路",
        "source": "OpenStreetMap via Overpass API",
        "geometry_type": "LineString",
        "highway": "footway",
        "simplified": true,
        "simplification_tolerance_degrees": 1.5e-05
      }
    },
    {
      "type": "Feature",
      "geometry": {
        "type": "LineString",
        "coordinates": [
          [
            116.3030868,
            39.9949674
          ],
          [
            116.3030869,
            39.9945907
          ]
        ]
      },
      "properties": {
        "kind": "osm",
        "layer": "roads",
        "osm_type": "way",
        "osm_id": 1101010419,
        "name": "",
        "source": "OpenStreetMap via Overpass API",
        "geometry_type": "LineString",
        "highway": "footway",
        "simplified": true,
        "simplification_tolerance_degrees": 1.5e-05
      }
    },
    {
      "type": "Feature",
      "geometry": {
        "type": "LineString",
        "coordinates": [
          [
            116.3009941,
            39.995683
          ],
          [
            116.3011522,
            39.9956206
          ],
          [
            116.3012329,
            39.9955452
          ],
          [
            116.3012948,
            39.9953915
          ],
          [
            116.3012977,
            39.9951781
          ],
          [
            116.3011962,
            39.9950827
          ],
          [
            116.3010621,
            39.9950259
          ]
        ]
      },
      "properties": {
        "kind": "osm",
        "layer": "roads",
        "osm_type": "way",
        "osm_id": 1101010420,
        "name": "",
        "source": "OpenStreetMap via Overpass API",
        "geometry_type": "LineString",
        "highway": "footway",
        "simplified": true,
        "simplification_tolerance_degrees": 1.5e-05
      }
    },
    {
      "type": "Feature",
      "geometry": {
        "type": "LineString",
        "coordinates": [
          [
            116.3000968,
            39.9957965
          ],
          [
            116.3001098,
            39.9949726
          ],
          [
            116.3001279,
            39.99493
          ],
          [
            116.300196,
            39.9948851
          ],
          [
            116.3004735,
            39.9948088
          ],
          [
            116.3005458,
            39.9947683
          ],
          [
            116.3005751,
            39.9946999
          ],
          [
            116.3005549,
            39.9946264
          ]
        ]
      },
      "properties": {
        "kind": "osm",
        "layer": "roads",
        "osm_type": "way",
        "osm_id": 1101010421,
        "name": "红湖路",
        "source": "OpenStreetMap via Overpass API",
        "geometry_type": "LineString",
        "highway": "service",
        "simplified": true,
        "simplification_tolerance_degrees": 1.5e-05
      }
    },
    {
      "type": "Feature",
      "geometry": {
        "type": "LineString",
        "coordinates": [
          [
            116.30455,
            39.9906151
          ],
          [
            116.3044141,
            39.9906112
          ]
        ]
      },
      "properties": {
        "kind": "osm",
        "layer": "roads",
        "osm_type": "way",
        "osm_id": 1101490161,
        "name": "",
        "source": "OpenStreetMap via Overpass API",
        "geometry_type": "LineString",
        "highway": "footway",
        "simplified": true,
        "simplification_tolerance_degrees": 1.5e-05
      }
    },
    {
      "type": "Feature",
      "geometry": {
        "type": "LineString",
        "coordinates": [
          [
            116.3044706,
            39.9899627
          ],
          [
            116.3043545,
            39.989959
          ],
          [
            116.3043471,
            39.9900886
          ]
        ]
      },
      "properties": {
        "kind": "osm",
        "layer": "roads",
        "osm_type": "way",
        "osm_id": 1101490162,
        "name": "",
        "source": "OpenStreetMap via Overpass API",
        "geometry_type": "LineString",
        "highway": "footway",
        "simplified": true,
        "simplification_tolerance_degrees": 1.5e-05
      }
    },
    {
      "type": "Feature",
      "geometry": {
        "type": "LineString",
        "coordinates": [
          [
            116.3074438,
            39.9950509
          ],
          [
            116.3087734,
            39.995109
          ]
        ]
      },
      "properties": {
        "kind": "osm",
        "layer": "roads",
        "osm_type": "way",
        "osm_id": 1101490172,
        "name": "",
        "source": "OpenStreetMap via Overpass API",
        "geometry_type": "LineString",
        "highway": "footway",
        "simplified": true,
        "simplification_tolerance_degrees": 1.5e-05
      }
    },
    {
      "type": "Feature",
      "geometry": {
        "type": "LineString",
        "coordinates": [
          [
            116.3070235,
            39.9956535
          ],
          [
            116.3070041,
            39.9958625
          ]
        ]
      },
      "properties": {
        "kind": "osm",
        "layer": "roads",
        "osm_type": "way",
        "osm_id": 1101490173,
        "name": "",
        "source": "OpenStreetMap via Overpass API",
        "geometry_type": "LineString",
        "highway": "service",
        "simplified": true,
        "simplification_tolerance_degrees": 1.5e-05
      }
    },
    {
      "type": "Feature",
      "geometry": {
        "type": "LineString",
        "coordinates": [
          [
            116.3089338,
            39.9928559
          ],
          [
            116.3090208,
            39.9917546
          ]
        ]
      },
      "properties": {
        "kind": "osm",
        "layer": "roads",
        "osm_type": "way",
        "osm_id": 1111656405,
        "name": "东侧门核酸大道",
        "source": "OpenStreetMap via Overpass API",
        "geometry_type": "LineString",
        "highway": "service",
        "simplified": true,
        "simplification_tolerance_degrees": 1.5e-05
      }
    },
    {
      "type": "Feature",
      "geometry": {
        "type": "LineString",
        "coordinates": [
          [
            116.3042618,
            39.9880661
          ],
          [
            116.3039502,
            39.9882798
          ]
        ]
      },
      "properties": {
        "kind": "osm",
        "layer": "roads",
        "osm_type": "way",
        "osm_id": 1111656406,
        "name": "百讲西南路",
        "source": "OpenStreetMap via Overpass API",
        "geometry_type": "LineString",
        "highway": "service",
        "simplified": true,
        "simplification_tolerance_degrees": 1.5e-05
      }
    },
    {
      "type": "Feature",
      "geometry": {
        "type": "LineString",
        "coordinates": [
          [
            116.3035665,
            39.9893799
          ],
          [
            116.3038904,
            39.9891519
          ]
        ]
      },
      "properties": {
        "kind": "osm",
        "layer": "roads",
        "osm_type": "way",
        "osm_id": 1111656407,
        "name": "燕南西路",
        "source": "OpenStreetMap via Overpass API",
        "geometry_type": "LineString",
        "highway": "service",
        "simplified": true,
        "simplification_tolerance_degrees": 1.5e-05
      }
    },
    {
      "type": "Feature",
      "geometry": {
        "type": "LineString",
        "coordinates": [
          [
            116.305046,
            39.9876031
          ],
          [
            116.3049205,
            39.9875975
          ]
        ]
      },
      "properties": {
        "kind": "osm",
        "layer": "roads",
        "osm_type": "way",
        "osm_id": 1119535553,
        "name": "",
        "source": "OpenStreetMap via Overpass API",
        "geometry_type": "LineString",
        "highway": "footway",
        "simplified": true,
        "simplification_tolerance_degrees": 1.5e-05
      }
    },
    {
      "type": "Feature",
      "geometry": {
        "type": "LineString",
        "coordinates": [
          [
            116.3050491,
            39.987554
          ],
          [
            116.3050563,
            39.9874371
          ]
        ]
      },
      "properties": {
        "kind": "osm",
        "layer": "roads",
        "osm_type": "way",
        "osm_id": 1119535554,
        "name": "",
        "source": "OpenStreetMap via Overpass API",
        "geometry_type": "LineString",
        "highway": "footway",
        "simplified": true,
        "simplification_tolerance_degrees": 1.5e-05
      }
    },
    {
      "type": "Feature",
      "geometry": {
        "type": "LineString",
        "coordinates": [
          [
            116.3051486,
            39.9877338
          ],
          [
            116.3049111,
            39.9877263
          ]
        ]
      },
      "properties": {
        "kind": "osm",
        "layer": "roads",
        "osm_type": "way",
        "osm_id": 1119535555,
        "name": "",
        "source": "OpenStreetMap via Overpass API",
        "geometry_type": "LineString",
        "highway": "steps",
        "simplified": true,
        "simplification_tolerance_degrees": 1.5e-05
      }
    },
    {
      "type": "Feature",
      "geometry": {
        "type": "LineString",
        "coordinates": [
          [
            116.3049588,
            39.9873048
          ],
          [
            116.3049745,
            39.9871174
          ]
        ]
      },
      "properties": {
        "kind": "osm",
        "layer": "roads",
        "osm_type": "way",
        "osm_id": 1119535556,
        "name": "",
        "source": "OpenStreetMap via Overpass API",
        "geometry_type": "LineString",
        "highway": "steps",
        "simplified": true,
        "simplification_tolerance_degrees": 1.5e-05
      }
    },
    {
      "type": "Feature",
      "geometry": {
        "type": "LineString",
        "coordinates": [
          [
            116.3143771,
            39.9934171
          ],
          [
            116.3131793,
            39.9933935
          ],
          [
            116.3131293,
            39.993677
          ],
          [
            116.3125561,
            39.9936661
          ]
        ]
      },
      "properties": {
        "kind": "osm",
        "layer": "roads",
        "osm_type": "way",
        "osm_id": 1141829518,
        "name": "",
        "source": "OpenStreetMap via Overpass API",
        "geometry_type": "LineString",
        "highway": "footway",
        "simplified": true,
        "simplification_tolerance_degrees": 1.5e-05
      }
    },
    {
      "type": "Feature",
      "geometry": {
        "type": "LineString",
        "coordinates": [
          [
            116.3047401,
            39.9957625
          ],
          [
            116.3058585,
            39.9958721
          ]
        ]
      },
      "properties": {
        "kind": "osm",
        "layer": "roads",
        "osm_type": "way",
        "osm_id": 1149802299,
        "name": "",
        "source": "OpenStreetMap via Overpass API",
        "geometry_type": "LineString",
        "highway": "footway",
        "simplified": true,
        "simplification_tolerance_degrees": 1.5e-05
      }
    },
    {
      "type": "Feature",
      "geometry": {
        "type": "LineString",
        "coordinates": [
          [
            116.3078522,
            39.9917029
          ],
          [
            116.3078419,
            39.9923765
          ],
          [
            116.3080229,
            39.9924243
          ]
        ]
      },
      "properties": {
        "kind": "osm",
        "layer": "roads",
        "osm_type": "way",
        "osm_id": 1149802300,
        "name": "",
        "source": "OpenStreetMap via Overpass API",
        "geometry_type": "LineString",
        "highway": "path",
        "simplified": true,
        "simplification_tolerance_degrees": 1.5e-05
      }
    },
    {
      "type": "Feature",
      "geometry": {
        "type": "LineString",
        "coordinates": [
          [
            116.3078459,
            39.9918802
          ],
          [
            116.3080125,
            39.9919804
          ],
          [
            116.3081654,
            39.9919906
          ]
        ]
      },
      "properties": {
        "kind": "osm",
        "layer": "roads",
        "osm_type": "way",
        "osm_id": 1149802301,
        "name": "",
        "source": "OpenStreetMap via Overpass API",
        "geometry_type": "LineString",
        "highway": "path",
        "simplified": true,
        "simplification_tolerance_degrees": 1.5e-05
      }
    },
    {
      "type": "Feature",
      "geometry": {
        "type": "LineString",
        "coordinates": [
          [
            116.3089602,
            39.9887767
          ],
          [
            116.3089951,
            39.9880698
          ],
          [
            116.3082344,
            39.9880439
          ]
        ]
      },
      "properties": {
        "kind": "osm",
        "layer": "roads",
        "osm_type": "way",
        "osm_id": 1149802302,
        "name": "",
        "source": "OpenStreetMap via Overpass API",
        "geometry_type": "LineString",
        "highway": "footway",
        "simplified": true,
        "simplification_tolerance_degrees": 1.5e-05
      }
    },
    {
      "type": "Feature",
      "geometry": {
        "type": "LineString",
        "coordinates": [
          [
            116.3086159,
            39.9880569
          ],
          [
            116.3086515,
            39.9873064
          ],
          [
            116.3083032,
            39.9872941
          ]
        ]
      },
      "properties": {
        "kind": "osm",
        "layer": "roads",
        "osm_type": "way",
        "osm_id": 1149802303,
        "name": "",
        "source": "OpenStreetMap via Overpass API",
        "geometry_type": "LineString",
        "highway": "footway",
        "simplified": true,
        "simplification_tolerance_degrees": 1.5e-05
      }
    },
    {
      "type": "Feature",
      "geometry": {
        "type": "LineString",
        "coordinates": [
          [
            116.3013629,
            39.987407
          ],
          [
            116.3013607,
            39.9874582
          ]
        ]
      },
      "properties": {
        "kind": "osm",
        "layer": "roads",
        "osm_type": "way",
        "osm_id": 1149802304,
        "name": "北京大学家园食堂楼梯",
        "source": "OpenStreetMap via Overpass API",
        "geometry_type": "LineString",
        "highway": "steps",
        "simplified": true,
        "simplification_tolerance_degrees": 1.5e-05
      }
    },
    {
      "type": "Feature",
      "geometry": {
        "type": "LineString",
        "coordinates": [
          [
            116.3066544,
            39.9927329
          ],
          [
            116.3066615,
            39.9924457
          ],
          [
            116.3061867,
            39.9924402
          ]
        ]
      },
      "properties": {
        "kind": "osm",
        "layer": "roads",
        "osm_type": "way",
        "osm_id": 1151226551,
        "name": "",
        "source": "OpenStreetMap via Overpass API",
        "geometry_type": "LineString",
        "highway": "footway",
        "simplified": true,
        "simplification_tolerance_degrees": 1.5e-05
      }
    },
    {
      "type": "Feature",
      "geometry": {
        "type": "LineString",
        "coordinates": [
          [
            116.3031062,
            39.9879286
          ],
          [
            116.3031063,
            39.9876997
          ],
          [
            116.3035958,
            39.9877115
          ]
        ]
      },
      "properties": {
        "kind": "osm",
        "layer": "roads",
        "osm_type": "way",
        "osm_id": 1151226552,
        "name": "",
        "source": "OpenStreetMap via Overpass API",
        "geometry_type": "LineString",
        "highway": "footway",
        "simplified": true,
        "simplification_tolerance_degrees": 1.5e-05
      }
    },
    {
      "type": "Feature",
      "geometry": {
        "type": "LineString",
        "coordinates": [
          [
            116.3065587,
            39.9908681
          ],
          [
            116.3065971,
            39.9908693
          ],
          [
            116.3065687,
            39.9914485
          ],
          [
            116.3064931,
            39.991482
          ],
          [
            116.3063109,
            39.991479
          ]
        ]
      },
      "properties": {
        "kind": "osm",
        "layer": "roads",
        "osm_type": "way",
        "osm_id": 1151226558,
        "name": "",
        "source": "OpenStreetMap via Overpass API",
        "geometry_type": "LineString",
        "highway": "footway",
        "simplified": true,
        "simplification_tolerance_degrees": 1.5e-05
      }
    },
    {
      "type": "Feature",
      "geometry": {
        "type": "LineString",
        "coordinates": [
          [
            116.3064497,
            39.9908647
          ],
          [
            116.3064454,
            39.9909702
          ],
          [
            116.306509,
            39.9910692
          ]
        ]
      },
      "properties": {
        "kind": "osm",
        "layer": "roads",
        "osm_type": "way",
        "osm_id": 1151226559,
        "name": "",
        "source": "OpenStreetMap via Overpass API",
        "geometry_type": "LineString",
        "highway": "steps",
        "simplified": true,
        "simplification_tolerance_degrees": 1.5e-05
      }
    },
    {
      "type": "Feature",
      "geometry": {
        "type": "LineString",
        "coordinates": [
          [
            116.304354,
            39.9912987
          ],
          [
            116.304341,
            39.9914609
          ]
        ]
      },
      "properties": {
        "kind": "osm",
        "layer": "roads",
        "osm_type": "way",
        "osm_id": 1151227555,
        "name": "",
        "source": "OpenStreetMap via Overpass API",
        "geometry_type": "LineString",
        "highway": "footway",
        "simplified": true,
        "simplification_tolerance_degrees": 1.5e-05
      }
    },
    {
      "type": "Feature",
      "geometry": {
        "type": "LineString",
        "coordinates": [
          [
            116.3024483,
            39.995007
          ],
          [
            116.3024206,
            39.9951314
          ]
        ]
      },
      "properties": {
        "kind": "osm",
        "layer": "roads",
        "osm_type": "way",
        "osm_id": 1151416995,
        "name": "",
        "source": "OpenStreetMap via Overpass API",
        "geometry_type": "LineString",
        "highway": "footway",
        "simplified": true,
        "simplification_tolerance_degrees": 1.5e-05
      }
    },
    {
      "type": "Feature",
      "geometry": {
        "type": "LineString",
        "coordinates": [
          [
            116.3024206,
            39.9951314
          ],
          [
            116.3023928,
            39.9952559
          ]
        ]
      },
      "properties": {
        "kind": "osm",
        "layer": "roads",
        "osm_type": "way",
        "osm_id": 1151416996,
        "name": "",
        "source": "OpenStreetMap via Overpass API",
        "geometry_type": "LineString",
        "highway": "footway",
        "simplified": true,
        "simplification_tolerance_degrees": 1.5e-05
      }
    },
    {
      "type": "Feature",
      "geometry": {
        "type": "LineString",
        "coordinates": [
          [
            116.3023928,
            39.9952559
          ],
          [
            116.3023758,
            39.9953588
          ]
        ]
      },
      "properties": {
        "kind": "osm",
        "layer": "roads",
        "osm_type": "way",
        "osm_id": 1151416997,
        "name": "",
        "source": "OpenStreetMap via Overpass API",
        "geometry_type": "LineString",
        "highway": "footway",
        "simplified": true,
        "simplification_tolerance_degrees": 1.5e-05
      }
    },
    {
      "type": "Feature",
      "geometry": {
        "type": "LineString",
        "coordinates": [
          [
            116.3035993,
            39.9961407
          ],
          [
            116.3036026,
            39.9959694
          ]
        ]
      },
      "properties": {
        "kind": "osm",
        "layer": "roads",
        "osm_type": "way",
        "osm_id": 1151416998,
        "name": "",
        "source": "OpenStreetMap via Overpass API",
        "geometry_type": "LineString",
        "highway": "footway",
        "simplified": true,
        "simplification_tolerance_degrees": 1.5e-05
      }
    },
    {
      "type": "Feature",
      "geometry": {
        "type": "LineString",
        "coordinates": [
          [
            116.3036001,
            39.9961909
          ],
          [
            116.3035993,
            39.9961407
          ]
        ]
      },
      "properties": {
        "kind": "osm",
        "layer": "roads",
        "osm_type": "way",
        "osm_id": 1151417000,
        "name": "",
        "source": "OpenStreetMap via Overpass API",
        "geometry_type": "LineString",
        "highway": "footway",
        "simplified": true,
        "simplification_tolerance_degrees": 1.5e-05
      }
    },
    {
      "type": "Feature",
      "geometry": {
        "type": "LineString",
        "coordinates": [
          [
            116.3036026,
            39.9959694
          ],
          [
            116.3036141,
            39.9959189
          ]
        ]
      },
      "properties": {
        "kind": "osm",
        "layer": "roads",
        "osm_type": "way",
        "osm_id": 1151417001,
        "name": "",
        "source": "OpenStreetMap via Overpass API",
        "geometry_type": "LineString",
        "highway": "footway",
        "simplified": true,
        "simplification_tolerance_degrees": 1.5e-05
      }
    },
    {
      "type": "Feature",
      "geometry": {
        "type": "LineString",
        "coordinates": [
          [
            116.3054503,
            39.9958321
          ],
          [
            116.3053692,
            39.9962778
          ]
        ]
      },
      "properties": {
        "kind": "osm",
        "layer": "roads",
        "osm_type": "way",
        "osm_id": 1151417002,
        "name": "",
        "source": "OpenStreetMap via Overpass API",
        "geometry_type": "LineString",
        "highway": "footway",
        "simplified": true,
        "simplification_tolerance_degrees": 1.5e-05
      }
    },
    {
      "type": "Feature",
      "geometry": {
        "type": "LineString",
        "coordinates": [
          [
            116.3053954,
            39.996134
          ],
          [
            116.3058188,
            39.9961794
          ]
        ]
      },
      "properties": {
        "kind": "osm",
        "layer": "roads",
        "osm_type": "way",
        "osm_id": 1151417003,
        "name": "",
        "source": "OpenStreetMap via Overpass API",
        "geometry_type": "LineString",
        "highway": "footway",
        "simplified": true,
        "simplification_tolerance_degrees": 1.5e-05
      }
    },
    {
      "type": "Feature",
      "geometry": {
        "type": "LineString",
        "coordinates": [
          [
            116.3053883,
            39.9961727
          ],
          [
            116.3052529,
            39.9961571
          ]
        ]
      },
      "properties": {
        "kind": "osm",
        "layer": "roads",
        "osm_type": "way",
        "osm_id": 1151417004,
        "name": "",
        "source": "OpenStreetMap via Overpass API",
        "geometry_type": "LineString",
        "highway": "footway",
        "simplified": true,
        "simplification_tolerance_degrees": 1.5e-05
      }
    },
    {
      "type": "Feature",
      "geometry": {
        "type": "LineString",
        "coordinates": [
          [
            116.3056063,
            39.9952175
          ],
          [
            116.3055896,
            39.9953002
          ]
        ]
      },
      "properties": {
        "kind": "osm",
        "layer": "roads",
        "osm_type": "way",
        "osm_id": 1151417005,
        "name": "",
        "source": "OpenStreetMap via Overpass API",
        "geometry_type": "LineString",
        "highway": "footway",
        "simplified": true,
        "simplification_tolerance_degrees": 1.5e-05
      }
    },
    {
      "type": "Feature",
      "geometry": {
        "type": "LineString",
        "coordinates": [
          [
            116.3056154,
            39.9951564
          ],
          [
            116.3054555,
            39.9951432
          ]
        ]
      },
      "properties": {
        "kind": "osm",
        "layer": "roads",
        "osm_type": "way",
        "osm_id": 1151417006,
        "name": "",
        "source": "OpenStreetMap via Overpass API",
        "geometry_type": "LineString",
        "highway": "footway",
        "simplified": true,
        "simplification_tolerance_degrees": 1.5e-05
      }
    },
    {
      "type": "Feature",
      "geometry": {
        "type": "LineString",
        "coordinates": [
          [
            116.3058585,
            39.9958721
          ],
          [
            116.3060511,
            39.9958909
          ]
        ]
      },
      "properties": {
        "kind": "osm",
        "layer": "roads",
        "osm_type": "way",
        "osm_id": 1151417007,
        "name": "",
        "source": "OpenStreetMap via Overpass API",
        "geometry_type": "LineString",
        "highway": "footway",
        "simplified": true,
        "simplification_tolerance_degrees": 1.5e-05
      }
    },
    {
      "type": "Feature",
      "geometry": {
        "type": "LineString",
        "coordinates": [
          [
            116.3060511,
            39.9958909
          ],
          [
            116.306155,
            39.9959011
          ]
        ]
      },
      "properties": {
        "kind": "osm",
        "layer": "roads",
        "osm_type": "way",
        "osm_id": 1151417008,
        "name": "",
        "source": "OpenStreetMap via Overpass API",
        "geometry_type": "LineString",
        "highway": "footway",
        "simplified": true,
        "simplification_tolerance_degrees": 1.5e-05
      }
    },
    {
      "type": "Feature",
      "geometry": {
        "type": "LineString",
        "coordinates": [
          [
            116.3015116,
            39.9915653
          ],
          [
            116.3014352,
            39.9915492
          ],
          [
            116.3013827,
            39.9915698
          ],
          [
            116.3013742,
            39.9915984
          ]
        ]
      },
      "properties": {
        "kind": "osm",
        "layer": "roads",
        "osm_type": "way",
        "osm_id": 1151417009,
        "name": "",
        "source": "OpenStreetMap via Overpass API",
        "geometry_type": "LineString",
        "highway": "footway",
        "simplified": true,
        "simplification_tolerance_degrees": 1.5e-05
      }
    },
    {
      "type": "Feature",
      "geometry": {
        "type": "LineString",
        "coordinates": [
          [
            116.3013742,
            39.9915984
          ],
          [
            116.3013802,
            39.9916278
          ],
          [
            116.3014596,
            39.9916493
          ],
          [
            116.3015133,
            39.9915993
          ]
        ]
      },
      "properties": {
        "kind": "osm",
        "layer": "roads",
        "osm_type": "way",
        "osm_id": 1151417010,
        "name": "",
        "source": "OpenStreetMap via Overpass API",
        "geometry_type": "LineString",
        "highway": "footway",
        "simplified": true,
        "simplification_tolerance_degrees": 1.5e-05
      }
    },
    {
      "type": "Feature",
      "geometry": {
        "type": "LineString",
        "coordinates": [
          [
            116.3015133,
            39.9915993
          ],
          [
            116.3019273,
            39.9916076
          ]
        ]
      },
      "properties": {
        "kind": "osm",
        "layer": "roads",
        "osm_type": "way",
        "osm_id": 1151417011,
        "name": "",
        "source": "OpenStreetMap via Overpass API",
        "geometry_type": "LineString",
        "highway": "footway",
        "simplified": true,
        "simplification_tolerance_degrees": 1.5e-05
      }
    },
    {
      "type": "Feature",
      "geometry": {
        "type": "LineString",
        "coordinates": [
          [
            116.3015133,
            39.9915993
          ],
          [
            116.3015116,
            39.9915653
          ]
        ]
      },
      "properties": {
        "kind": "osm",
        "layer": "roads",
        "osm_type": "way",
        "osm_id": 1151417012,
        "name": "",
        "source": "OpenStreetMap via Overpass API",
        "geometry_type": "LineString",
        "highway": "footway",
        "simplified": true,
        "simplification_tolerance_degrees": 1.5e-05
      }
    },
    {
      "type": "Feature",
      "geometry": {
        "type": "LineString",
        "coordinates": [
          [
            116.3019273,
            39.9916076
          ],
          [
            116.3024263,
            39.991608
          ]
        ]
      },
      "properties": {
        "kind": "osm",
        "layer": "roads",
        "osm_type": "way",
        "osm_id": 1151417013,
        "name": "",
        "source": "OpenStreetMap via Overpass API",
        "geometry_type": "LineString",
        "highway": "footway",
        "simplified": true,
        "simplification_tolerance_degrees": 1.5e-05
      }
    },
    {
      "type": "Feature",
      "geometry": {
        "type": "LineString",
        "coordinates": [
          [
            116.3082328,
            39.993713
          ],
          [
            116.3080034,
            39.9945233
          ],
          [
            116.3082258,
            39.9945884
          ],
          [
            116.3080195,
            39.9950761
          ]
        ]
      },
      "properties": {
        "kind": "osm",
        "layer": "roads",
        "osm_type": "way",
        "osm_id": 1151417014,
        "name": "",
        "source": "OpenStreetMap via Overpass API",
        "geometry_type": "LineString",
        "highway": "footway",
        "simplified": true,
        "simplification_tolerance_degrees": 1.5e-05
      }
    },
    {
      "type": "Feature",
      "geometry": {
        "type": "LineString",
        "coordinates": [
          [
            116.3028556,
            39.9882687
          ],
          [
            116.3032817,
            39.988269
          ]
        ]
      },
      "properties": {
        "kind": "osm",
        "layer": "roads",
        "osm_type": "way",
        "osm_id": 1153098575,
        "name": "",
        "source": "OpenStreetMap via Overpass API",
        "geometry_type": "LineString",
        "highway": "footway",
        "simplified": true,
        "simplification_tolerance_degrees": 1.5e-05
      }
    },
    {
      "type": "Feature",
      "geometry": {
        "type": "LineString",
        "coordinates": [
          [
            116.3024563,
            39.9882696
          ],
          [
            116.3019696,
            39.9882682
          ]
        ]
      },
      "properties": {
        "kind": "osm",
        "layer": "roads",
        "osm_type": "way",
        "osm_id": 1153752221,
        "name": "",
        "source": "OpenStreetMap via Overpass API",
        "geometry_type": "LineString",
        "highway": "footway",
        "simplified": true,
        "simplification_tolerance_degrees": 1.5e-05
      }
    },
    {
      "type": "Feature",
      "geometry": {
        "type": "LineString",
        "coordinates": [
          [
            116.3069936,
            39.9927413
          ],
          [
            116.3070312,
            39.9917768
          ],
          [
            116.3070098,
            39.9917501
          ],
          [
            116.3063419,
            39.9917316
          ]
        ]
      },
      "properties": {
        "kind": "osm",
        "layer": "roads",
        "osm_type": "way",
        "osm_id": 1154086721,
        "name": "",
        "source": "OpenStreetMap via Overpass API",
        "geometry_type": "LineString",
        "highway": "footway",
        "footway": "sidewalk",
        "simplified": true,
        "simplification_tolerance_degrees": 1.5e-05
      }
    },
    {
      "type": "Feature",
      "geometry": {
        "type": "LineString",
        "coordinates": [
          [
            116.3071436,
            39.9928338
          ],
          [
            116.3071868,
            39.991783
          ],
          [
            116.307219,
            39.9917583
          ],
          [
            116.3088283,
            39.9918076
          ],
          [
            116.3088417,
            39.9918343
          ],
          [
            116.30878,
            39.9925392
          ]
        ]
      },
      "properties": {
        "kind": "osm",
        "layer": "roads",
        "osm_type": "way",
        "osm_id": 1154086722,
        "name": "",
        "source": "OpenStreetMap via Overpass API",
        "geometry_type": "LineString",
        "highway": "footway",
        "footway": "sidewalk",
        "simplified": true,
        "simplification_tolerance_degrees": 1.5e-05
      }
    },
    {
      "type": "Feature",
      "geometry": {
        "type": "LineString",
        "coordinates": [
          [
            116.3066074,
            39.9871544
          ],
          [
            116.3066522,
            39.9871556
          ],
          [
            116.3066343,
            39.9869494
          ]
        ]
      },
      "properties": {
        "kind": "osm",
        "layer": "roads",
        "osm_type": "way",
        "osm_id": 1157605791,
        "name": "",
        "source": "OpenStreetMap via Overpass API",
        "geometry_type": "LineString",
        "highway": "footway",
        "simplified": true,
        "simplification_tolerance_degrees": 1.5e-05
      }
    },
    {
      "type": "Feature",
      "geometry": {
        "type": "LineString",
        "coordinates": [
          [
            116.3089951,
            39.9880698
          ],
          [
            116.3090181,
            39.9877733
          ]
        ]
      },
      "properties": {
        "kind": "osm",
        "layer": "roads",
        "osm_type": "way",
        "osm_id": 1157605799,
        "name": "",
        "source": "OpenStreetMap via Overpass API",
        "geometry_type": "LineString",
        "highway": "steps",
        "simplified": true,
        "simplification_tolerance_degrees": 1.5e-05
      }
    },
    {
      "type": "Feature",
      "geometry": {
        "type": "LineString",
        "coordinates": [
          [
            116.3072291,
            39.9881701
          ],
          [
            116.307316,
            39.9881735
          ]
        ]
      },
      "properties": {
        "kind": "osm",
        "layer": "roads",
        "osm_type": "way",
        "osm_id": 1157605800,
        "name": "",
        "source": "OpenStreetMap via Overpass API",
        "geometry_type": "LineString",
        "highway": "footway",
        "simplified": true,
        "simplification_tolerance_degrees": 1.5e-05
      }
    },
    {
      "type": "Feature",
      "geometry": {
        "type": "LineString",
        "coordinates": [
          [
            116.307316,
            39.9881735
          ],
          [
            116.307368,
            39.9881755
          ]
        ]
      },
      "properties": {
        "kind": "osm",
        "layer": "roads",
        "osm_type": "way",
        "osm_id": 1157605801,
        "name": "",
        "source": "OpenStreetMap via Overpass API",
        "geometry_type": "LineString",
        "highway": "steps",
        "simplified": true,
        "simplification_tolerance_degrees": 1.5e-05
      }
    },
    {
      "type": "Feature",
      "geometry": {
        "type": "LineString",
        "coordinates": [
          [
            116.3070425,
            39.9881629
          ],
          [
            116.3072291,
            39.9881701
          ]
        ]
      },
      "properties": {
        "kind": "osm",
        "layer": "roads",
        "osm_type": "way",
        "osm_id": 1157605802,
        "name": "",
        "source": "OpenStreetMap via Overpass API",
        "geometry_type": "LineString",
        "highway": "footway",
        "simplified": true,
        "simplification_tolerance_degrees": 1.5e-05
      }
    },
    {
      "type": "Feature",
      "geometry": {
        "type": "LineString",
        "coordinates": [
          [
            116.3069585,
            39.9881597
          ],
          [
            116.3070425,
            39.9881629
          ]
        ]
      },
      "properties": {
        "kind": "osm",
        "layer": "roads",
        "osm_type": "way",
        "osm_id": 1157605803,
        "name": "",
        "source": "OpenStreetMap via Overpass API",
        "geometry_type": "LineString",
        "highway": "steps",
        "simplified": true,
        "simplification_tolerance_degrees": 1.5e-05
      }
    },
    {
      "type": "Feature",
      "geometry": {
        "type": "LineString",
        "coordinates": [
          [
            116.3051521,
            39.9876439
          ],
          [
            116.3051571,
            39.9875567
          ]
        ]
      },
      "properties": {
        "kind": "osm",
        "layer": "roads",
        "osm_type": "way",
        "osm_id": 1157605808,
        "name": "",
        "source": "OpenStreetMap via Overpass API",
        "geometry_type": "LineString",
        "highway": "footway",
        "simplified": true,
        "simplification_tolerance_degrees": 1.5e-05
      }
    },
    {
      "type": "Feature",
      "geometry": {
        "type": "LineString",
        "coordinates": [
          [
            116.3051571,
            39.9875567
          ],
          [
            116.3050491,
            39.987554
          ]
        ]
      },
      "properties": {
        "kind": "osm",
        "layer": "roads",
        "osm_type": "way",
        "osm_id": 1157605809,
        "name": "",
        "source": "OpenStreetMap via Overpass API",
        "geometry_type": "LineString",
        "highway": "steps",
        "simplified": true,
        "simplification_tolerance_degrees": 1.5e-05
      }
    },
    {
      "type": "Feature",
      "geometry": {
        "type": "LineString",
        "coordinates": [
          [
            116.3050491,
            39.987554
          ],
          [
            116.305046,
            39.9876031
          ]
        ]
      },
      "properties": {
        "kind": "osm",
        "layer": "roads",
        "osm_type": "way",
        "osm_id": 1157605810,
        "name": "",
        "source": "OpenStreetMap via Overpass API",
        "geometry_type": "LineString",
        "highway": "steps",
        "simplified": true,
        "simplification_tolerance_degrees": 1.5e-05
      }
    },
    {
      "type": "Feature",
      "geometry": {
        "type": "LineString",
        "coordinates": [
          [
            116.3051521,
            39.9876439
          ],
          [
            116.3051486,
            39.9877338
          ]
        ]
      },
      "properties": {
        "kind": "osm",
        "layer": "roads",
        "osm_type": "way",
        "osm_id": 1157605811,
        "name": "",
        "source": "OpenStreetMap via Overpass API",
        "geometry_type": "LineString",
        "highway": "footway",
        "simplified": true,
        "simplification_tolerance_degrees": 1.5e-05
      }
    },
    {
      "type": "Feature",
      "geometry": {
        "type": "LineString",
        "coordinates": [
          [
            116.3051395,
            39.9880888
          ],
          [
            116.3049655,
            39.9882484
          ],
          [
            116.3049803,
            39.9883015
          ],
          [
            116.3048231,
            39.9884235
          ]
        ]
      },
      "properties": {
        "kind": "osm",
        "layer": "roads",
        "osm_type": "way",
        "osm_id": 1157945331,
        "name": "",
        "source": "OpenStreetMap via Overpass API",
        "geometry_type": "LineString",
        "highway": "path",
        "simplified": true,
        "simplification_tolerance_degrees": 1.5e-05
      }
    },
    {
      "type": "Feature",
      "geometry": {
        "type": "LineString",
        "coordinates": [
          [
            116.3049655,
            39.9882484
          ],
          [
            116.3048933,
            39.9882202
          ],
          [
            116.3048034,
            39.9882541
          ],
          [
            116.3047159,
            39.9883234
          ]
        ]
      },
      "properties": {
        "kind": "osm",
        "layer": "roads",
        "osm_type": "way",
        "osm_id": 1157945332,
        "name": "",
        "source": "OpenStreetMap via Overpass API",
        "geometry_type": "LineString",
        "highway": "path",
        "simplified": true,
        "simplification_tolerance_degrees": 1.5e-05
      }
    },
    {
      "type": "Feature",
      "geometry": {
        "type": "LineString",
        "coordinates": [
          [
            116.3039436,
            39.9883759
          ],
          [
            116.3040185,
            39.9883778
          ]
        ]
      },
      "properties": {
        "kind": "osm",
        "layer": "roads",
        "osm_type": "way",
        "osm_id": 1157945334,
        "name": "",
        "source": "OpenStreetMap via Overpass API",
        "geometry_type": "LineString",
        "highway": "footway",
        "simplified": true,
        "simplification_tolerance_degrees": 1.5e-05
      }
    },
    {
      "type": "Feature",
      "geometry": {
        "type": "LineString",
        "coordinates": [
          [
            116.3048231,
            39.9884235
          ],
          [
            116.3046763,
            39.9885272
          ]
        ]
      },
      "properties": {
        "kind": "osm",
        "layer": "roads",
        "osm_type": "way",
        "osm_id": 1157945336,
        "name": "",
        "source": "OpenStreetMap via Overpass API",
        "geometry_type": "LineString",
        "highway": "footway",
        "simplified": true,
        "simplification_tolerance_degrees": 1.5e-05
      }
    },
    {
      "type": "Feature",
      "geometry": {
        "type": "LineString",
        "coordinates": [
          [
            116.3022681,
            39.9871988
          ],
          [
            116.3022108,
            39.9871967
          ]
        ]
      },
      "properties": {
        "kind": "osm",
        "layer": "roads",
        "osm_type": "way",
        "osm_id": 1157945339,
        "name": "",
        "source": "OpenStreetMap via Overpass API",
        "geometry_type": "LineString",
        "highway": "steps",
        "simplified": true,
        "simplification_tolerance_degrees": 1.5e-05
      }
    },
    {
      "type": "Feature",
      "geometry": {
        "type": "LineString",
        "coordinates": [
          [
            116.3073956,
            39.9877268
          ],
          [
            116.3067897,
            39.9877012
          ],
          [
            116.306734,
            39.9886826
          ]
        ]
      },
      "properties": {
        "kind": "osm",
        "layer": "roads",
        "osm_type": "way",
        "osm_id": 1159153746,
        "name": "",
        "source": "OpenStreetMap via Overpass API",
        "geometry_type": "LineString",
        "highway": "footway",
        "simplified": true,
        "simplification_tolerance_degrees": 1.5e-05
      }
    },
    {
      "type": "Feature",
      "geometry": {
        "type": "LineString",
        "coordinates": [
          [
            116.3045298,
            39.9870883
          ],
          [
            116.3045268,
            39.9871421
          ]
        ]
      },
      "properties": {
        "kind": "osm",
        "layer": "roads",
        "osm_type": "way",
        "osm_id": 1159153747,
        "name": "",
        "source": "OpenStreetMap via Overpass API",
        "geometry_type": "LineString",
        "highway": "footway",
        "simplified": true,
        "simplification_tolerance_degrees": 1.5e-05
      }
    },
    {
      "type": "Feature",
      "geometry": {
        "type": "LineString",
        "coordinates": [
          [
            116.3045268,
            39.9871421
          ],
          [
            116.3045248,
            39.9871783
          ]
        ]
      },
      "properties": {
        "kind": "osm",
        "layer": "roads",
        "osm_type": "way",
        "osm_id": 1159153748,
        "name": "",
        "source": "OpenStreetMap via Overpass API",
        "geometry_type": "LineString",
        "highway": "steps",
        "simplified": true,
        "simplification_tolerance_degrees": 1.5e-05
      }
    },
    {
      "type": "Feature",
      "geometry": {
        "type": "LineString",
        "coordinates": [
          [
            116.3050309,
            39.9888285
          ],
          [
            116.3050253,
            39.9889176
          ]
        ]
      },
      "properties": {
        "kind": "osm",
        "layer": "roads",
        "osm_type": "way",
        "osm_id": 1159153750,
        "name": "",
        "source": "OpenStreetMap via Overpass API",
        "geometry_type": "LineString",
        "highway": "steps",
        "simplified": true,
        "simplification_tolerance_degrees": 1.5e-05
      }
    },
    {
      "type": "Feature",
      "geometry": {
        "type": "LineString",
        "coordinates": [
          [
            116.3050196,
            39.9890252
          ],
          [
            116.3050253,
            39.9889176
          ]
        ]
      },
      "properties": {
        "kind": "osm",
        "layer": "roads",
        "osm_type": "way",
        "osm_id": 1159153751,
        "name": "",
        "source": "OpenStreetMap via Overpass API",
        "geometry_type": "LineString",
        "highway": "steps",
        "simplified": true,
        "simplification_tolerance_degrees": 1.5e-05
      }
    },
    {
      "type": "Feature",
      "geometry": {
        "type": "LineString",
        "coordinates": [
          [
            116.3050253,
            39.9889176
          ],
          [
            116.30497,
            39.9889162
          ]
        ]
      },
      "properties": {
        "kind": "osm",
        "layer": "roads",
        "osm_type": "way",
        "osm_id": 1159153752,
        "name": "",
        "source": "OpenStreetMap via Overpass API",
        "geometry_type": "LineString",
        "highway": "footway",
        "simplified": true,
        "simplification_tolerance_degrees": 1.5e-05
      }
    },
    {
      "type": "Feature",
      "geometry": {
        "type": "LineString",
        "coordinates": [
          [
            116.3082842,
            39.9875005
          ],
          [
            116.3083927,
            39.9874789
          ],
          [
            116.3085805,
            39.9873753
          ],
          [
            116.3086481,
            39.987379
          ]
        ]
      },
      "properties": {
        "kind": "osm",
        "layer": "roads",
        "osm_type": "way",
        "osm_id": 1159153754,
        "name": "",
        "source": "OpenStreetMap via Overpass API",
        "geometry_type": "LineString",
        "highway": "footway",
        "simplified": true,
        "simplification_tolerance_degrees": 1.5e-05
      }
    },
    {
      "type": "Feature",
      "geometry": {
        "type": "LineString",
        "coordinates": [
          [
            116.3063755,
            39.9903323
          ],
          [
            116.3066133,
            39.9903423
          ]
        ]
      },
      "properties": {
        "kind": "osm",
        "layer": "roads",
        "osm_type": "way",
        "osm_id": 1159305373,
        "name": "",
        "source": "OpenStreetMap via Overpass API",
        "geometry_type": "LineString",
        "highway": "footway",
        "surface": "paved",
        "simplified": true,
        "simplification_tolerance_degrees": 1.5e-05
      }
    },
    {
      "type": "Feature",
      "geometry": {
        "type": "LineString",
        "coordinates": [
          [
            116.3066133,
            39.9903423
          ],
          [
            116.306726,
            39.9903471
          ]
        ]
      },
      "properties": {
        "kind": "osm",
        "layer": "roads",
        "osm_type": "way",
        "osm_id": 1159305374,
        "name": "",
        "source": "OpenStreetMap via Overpass API",
        "geometry_type": "LineString",
        "highway": "steps",
        "simplified": true,
        "simplification_tolerance_degrees": 1.5e-05
      }
    },
    {
      "type": "Feature",
      "geometry": {
        "type": "LineString",
        "coordinates": [
          [
            116.3075238,
            39.990735
          ],
          [
            116.3075497,
            39.9903786
          ],
          [
            116.3074808,
            39.9903787
          ]
        ]
      },
      "properties": {
        "kind": "osm",
        "layer": "roads",
        "osm_type": "way",
        "osm_id": 1159305375,
        "name": "",
        "source": "OpenStreetMap via Overpass API",
        "geometry_type": "LineString",
        "highway": "footway",
        "surface": "paved",
        "simplified": true,
        "simplification_tolerance_degrees": 1.5e-05
      }
    },
    {
      "type": "Feature",
      "geometry": {
        "type": "LineString",
        "coordinates": [
          [
            116.3057518,
            39.9902368
          ],
          [
            116.3057428,
            39.9903547
          ]
        ]
      },
      "properties": {
        "kind": "osm",
        "layer": "roads",
        "osm_type": "way",
        "osm_id": 1159305376,
        "name": "",
        "source": "OpenStreetMap via Overpass API",
        "geometry_type": "LineString",
        "highway": "footway",
        "simplified": true,
        "simplification_tolerance_degrees": 1.5e-05
      }
    },
    {
      "type": "Feature",
      "geometry": {
        "type": "LineString",
        "coordinates": [
          [
            116.3057381,
            39.9905174
          ],
          [
            116.3057295,
            39.9906626
          ]
        ]
      },
      "properties": {
        "kind": "osm",
        "layer": "roads",
        "osm_type": "way",
        "osm_id": 1159305377,
        "name": "",
        "source": "OpenStreetMap via Overpass API",
        "geometry_type": "LineString",
        "highway": "footway",
        "simplified": true,
        "simplification_tolerance_degrees": 1.5e-05
      }
    },
    {
      "type": "Feature",
      "geometry": {
        "type": "LineString",
        "coordinates": [
          [
            116.3064497,
            39.9908647
          ],
          [
            116.3065587,
            39.9908681
          ]
        ]
      },
      "properties": {
        "kind": "osm",
        "layer": "roads",
        "osm_type": "way",
        "osm_id": 1159305378,
        "name": "",
        "source": "OpenStreetMap via Overpass API",
        "geometry_type": "LineString",
        "highway": "steps",
        "simplified": true,
        "simplification_tolerance_degrees": 1.5e-05
      }
    },
    {
      "type": "Feature",
      "geometry": {
        "type": "LineString",
        "coordinates": [
          [
            116.3063453,
            39.9908614
          ],
          [
            116.3063975,
            39.9908631
          ]
        ]
      },
      "properties": {
        "kind": "osm",
        "layer": "roads",
        "osm_type": "way",
        "osm_id": 1159305379,
        "name": "",
        "source": "OpenStreetMap via Overpass API",
        "geometry_type": "LineString",
        "highway": "footway",
        "simplified": true,
        "simplification_tolerance_degrees": 1.5e-05
      }
    },
    {
      "type": "Feature",
      "geometry": {
        "type": "LineString",
        "coordinates": [
          [
            116.3066532,
            39.9911048
          ],
          [
            116.3065866,
            39.9911035
          ]
        ]
      },
      "properties": {
        "kind": "osm",
        "layer": "roads",
        "osm_type": "way",
        "osm_id": 1159305380,
        "name": "",
        "source": "OpenStreetMap via Overpass API",
        "geometry_type": "LineString",
        "highway": "footway",
        "simplified": true,
        "simplification_tolerance_degrees": 1.5e-05
      }
    },
    {
      "type": "Feature",
      "geometry": {
        "type": "LineString",
        "coordinates": [
          [
            116.306509,
            39.9910692
          ],
          [
            116.306588,
            39.9910722
          ]
        ]
      },
      "properties": {
        "kind": "osm",
        "layer": "roads",
        "osm_type": "way",
        "osm_id": 1159305381,
        "name": "",
        "source": "OpenStreetMap via Overpass API",
        "geometry_type": "LineString",
        "highway": "footway",
        "simplified": true,
        "simplification_tolerance_degrees": 1.5e-05
      }
    },
    {
      "type": "Feature",
      "geometry": {
        "type": "LineString",
        "coordinates": [
          [
            116.3063975,
            39.9908631
          ],
          [
            116.3064497,
            39.9908647
          ]
        ]
      },
      "properties": {
        "kind": "osm",
        "layer": "roads",
        "osm_type": "way",
        "osm_id": 1159305382,
        "name": "",
        "source": "OpenStreetMap via Overpass API",
        "geometry_type": "LineString",
        "highway": "steps",
        "simplified": true,
        "simplification_tolerance_degrees": 1.5e-05
      }
    },
    {
      "type": "Feature",
      "geometry": {
        "type": "LineString",
        "coordinates": [
          [
            116.3056955,
            39.9910331
          ],
          [
            116.305685,
            39.9912512
          ]
        ]
      },
      "properties": {
        "kind": "osm",
        "layer": "roads",
        "osm_type": "way",
        "osm_id": 1159305383,
        "name": "",
        "source": "OpenStreetMap via Overpass API",
        "geometry_type": "LineString",
        "highway": "footway",
        "simplified": true,
        "simplification_tolerance_degrees": 1.5e-05
      }
    },
    {
      "type": "Feature",
      "geometry": {
        "type": "LineString",
        "coordinates": [
          [
            116.3050748,
            39.990637
          ],
          [
            116.305011,
            39.9906361
          ]
        ]
      },
      "properties": {
        "kind": "osm",
        "layer": "roads",
        "osm_type": "way",
        "osm_id": 1159305384,
        "name": "",
        "source": "OpenStreetMap via Overpass API",
        "geometry_type": "LineString",
        "highway": "footway",
        "simplified": true,
        "simplification_tolerance_degrees": 1.5e-05
      }
    },
    {
      "type": "Feature",
      "geometry": {
        "type": "LineString",
        "coordinates": [
          [
            116.305011,
            39.9906361
          ],
          [
            116.304946,
            39.9906311
          ]
        ]
      },
      "properties": {
        "kind": "osm",
        "layer": "roads",
        "osm_type": "way",
        "osm_id": 1159305385,
        "name": "",
        "source": "OpenStreetMap via Overpass API",
        "geometry_type": "LineString",
        "highway": "steps",
        "simplified": true,
        "simplification_tolerance_degrees": 1.5e-05
      }
    },
    {
      "type": "Feature",
      "geometry": {
        "type": "LineString",
        "coordinates": [
          [
            116.3052168,
            39.9906434
          ],
          [
            116.3052974,
            39.9906472
          ]
        ]
      },
      "properties": {
        "kind": "osm",
        "layer": "roads",
        "osm_type": "way",
        "osm_id": 1159305386,
        "name": "",
        "source": "OpenStreetMap via Overpass API",
        "geometry_type": "LineString",
        "highway": "footway",
        "simplified": true,
        "simplification_tolerance_degrees": 1.5e-05
      }
    },
    {
      "type": "Feature",
      "geometry": {
        "type": "LineString",
        "coordinates": [
          [
            116.3051673,
            39.9906416
          ],
          [
            116.3052168,
            39.9906434
          ]
        ]
      },
      "properties": {
        "kind": "osm",
        "layer": "roads",
        "osm_type": "way",
        "osm_id": 1159305387,
        "name": "",
        "source": "OpenStreetMap via Overpass API",
        "geometry_type": "LineString",
        "highway": "steps",
        "simplified": true,
        "simplification_tolerance_degrees": 1.5e-05
      }
    },
    {
      "type": "Feature",
      "geometry": {
        "type": "LineString",
        "coordinates": [
          [
            116.3043471,
            39.9900886
          ],
          [
            116.304344,
            39.9901422
          ]
        ]
      },
      "properties": {
        "kind": "osm",
        "layer": "roads",
        "osm_type": "way",
        "osm_id": 1159305388,
        "name": "",
        "source": "OpenStreetMap via Overpass API",
        "geometry_type": "LineString",
        "highway": "steps",
        "simplified": true,
        "simplification_tolerance_degrees": 1.5e-05
      }
    },
    {
      "type": "Feature",
      "geometry": {
        "type": "LineString",
        "coordinates": [
          [
            116.3035327,
            39.9900419
          ],
          [
            116.303531,
            39.9900696
          ]
        ]
      },
      "properties": {
        "kind": "osm",
        "layer": "roads",
        "osm_type": "way",
        "osm_id": 1159305389,
        "name": "",
        "source": "OpenStreetMap via Overpass API",
        "geometry_type": "LineString",
        "highway": "steps",
        "simplified": true,
        "simplification_tolerance_degrees": 1.5e-05
      }
    },
    {
      "type": "Feature",
      "geometry": {
        "type": "LineString",
        "coordinates": [
          [
            116.3034684,
            39.9900675
          ],
          [
            116.3034683,
            39.9900491
          ],
          [
            116.3030212,
            39.9900373
          ]
        ]
      },
      "properties": {
        "kind": "osm",
        "layer": "roads",
        "osm_type": "way",
        "osm_id": 1159305390,
        "name": "",
        "source": "OpenStreetMap via Overpass API",
        "geometry_type": "LineString",
        "highway": "footway",
        "simplified": true,
        "simplification_tolerance_degrees": 1.5e-05
      }
    },
    {
      "type": "Feature",
      "geometry": {
        "type": "LineString",
        "coordinates": [
          [
            116.3022024,
            39.9871964
          ],
          [
            116.302198,
            39.9872687
          ],
          [
            116.3022638,
            39.9873422
          ],
          [
            116.3023424,
            39.9873458
          ]
        ]
      },
      "properties": {
        "kind": "osm",
        "layer": "roads",
        "osm_type": "way",
        "osm_id": 1159305391,
        "name": "",
        "source": "OpenStreetMap via Overpass API",
        "geometry_type": "LineString",
        "highway": "footway",
        "simplified": true,
        "simplification_tolerance_degrees": 1.5e-05
      }
    },
    {
      "type": "Feature",
      "geometry": {
        "type": "LineString",
        "coordinates": [
          [
            116.3023481,
            39.9872019
          ],
          [
            116.3022681,
            39.9871988
          ]
        ]
      },
      "properties": {
        "kind": "osm",
        "layer": "roads",
        "osm_type": "way",
        "osm_id": 1159305392,
        "name": "",
        "source": "OpenStreetMap via Overpass API",
        "geometry_type": "LineString",
        "highway": "footway",
        "simplified": true,
        "simplification_tolerance_degrees": 1.5e-05
      }
    },
    {
      "type": "Feature",
      "geometry": {
        "type": "LineString",
        "coordinates": [
          [
            116.3022024,
            39.9871964
          ],
          [
            116.302166,
            39.9871949
          ]
        ]
      },
      "properties": {
        "kind": "osm",
        "layer": "roads",
        "osm_type": "way",
        "osm_id": 1159305393,
        "name": "",
        "source": "OpenStreetMap via Overpass API",
        "geometry_type": "LineString",
        "highway": "footway",
        "simplified": true,
        "simplification_tolerance_degrees": 1.5e-05
      }
    },
    {
      "type": "Feature",
      "geometry": {
        "type": "LineString",
        "coordinates": [
          [
            116.3022085,
            39.9869889
          ],
          [
            116.3022024,
            39.9871964
          ]
        ]
      },
      "properties": {
        "kind": "osm",
        "layer": "roads",
        "osm_type": "way",
        "osm_id": 1159305396,
        "name": "",
        "source": "OpenStreetMap via Overpass API",
        "geometry_type": "LineString",
        "highway": "footway",
        "simplified": true,
        "simplification_tolerance_degrees": 1.5e-05
      }
    },
    {
      "type": "Feature",
      "geometry": {
        "type": "LineString",
        "coordinates": [
          [
            116.3022108,
            39.9871967
          ],
          [
            116.3022024,
            39.9871964
          ]
        ]
      },
      "properties": {
        "kind": "osm",
        "layer": "roads",
        "osm_type": "way",
        "osm_id": 1159305397,
        "name": "",
        "source": "OpenStreetMap via Overpass API",
        "geometry_type": "LineString",
        "highway": "footway",
        "simplified": true,
        "simplification_tolerance_degrees": 1.5e-05
      }
    },
    {
      "type": "Feature",
      "geometry": {
        "type": "LineString",
        "coordinates": [
          [
            116.302375,
            39.9872521
          ],
          [
            116.3023877,
            39.9868672
          ]
        ]
      },
      "properties": {
        "kind": "osm",
        "layer": "roads",
        "osm_type": "way",
        "osm_id": 1159305398,
        "name": "",
        "source": "OpenStreetMap via Overpass API",
        "geometry_type": "LineString",
        "highway": "footway",
        "simplified": true,
        "simplification_tolerance_degrees": 1.5e-05
      }
    },
    {
      "type": "Feature",
      "geometry": {
        "type": "LineString",
        "coordinates": [
          [
            116.3023738,
            39.9873474
          ],
          [
            116.302375,
            39.9872521
          ]
        ]
      },
      "properties": {
        "kind": "osm",
        "layer": "roads",
        "osm_type": "way",
        "osm_id": 1159305400,
        "name": "",
        "source": "OpenStreetMap via Overpass API",
        "geometry_type": "LineString",
        "highway": "steps",
        "simplified": true,
        "simplification_tolerance_degrees": 1.5e-05
      }
    },
    {
      "type": "Feature",
      "geometry": {
        "type": "LineString",
        "coordinates": [
          [
            116.3023424,
            39.9873458
          ],
          [
            116.3023738,
            39.9873474
          ]
        ]
      },
      "properties": {
        "kind": "osm",
        "layer": "roads",
        "osm_type": "way",
        "osm_id": 1159305401,
        "name": "",
        "source": "OpenStreetMap via Overpass API",
        "geometry_type": "LineString",
        "highway": "footway",
        "simplified": true,
        "simplification_tolerance_degrees": 1.5e-05
      }
    },
    {
      "type": "Feature",
      "geometry": {
        "type": "LineString",
        "coordinates": [
          [
            116.3011294,
            39.9870623
          ],
          [
            116.3009914,
            39.9870623
          ]
        ]
      },
      "properties": {
        "kind": "osm",
        "layer": "roads",
        "osm_type": "way",
        "osm_id": 1159305407,
        "name": "",
        "source": "OpenStreetMap via Overpass API",
        "geometry_type": "LineString",
        "highway": "footway",
        "simplified": true,
        "simplification_tolerance_degrees": 1.5e-05
      }
    },
    {
      "type": "Feature",
      "geometry": {
        "type": "LineString",
        "coordinates": [
          [
            116.302198,
            39.9872687
          ],
          [
            116.3021914,
            39.9874246
          ]
        ]
      },
      "properties": {
        "kind": "osm",
        "layer": "roads",
        "osm_type": "way",
        "osm_id": 1159305408,
        "name": "",
        "source": "OpenStreetMap via Overpass API",
        "geometry_type": "LineString",
        "highway": "footway",
        "simplified": true,
        "simplification_tolerance_degrees": 1.5e-05
      }
    },
    {
      "type": "Feature",
      "geometry": {
        "type": "LineString",
        "coordinates": [
          [
            116.3021914,
            39.9874246
          ],
          [
            116.3021894,
            39.9874808
          ]
        ]
      },
      "properties": {
        "kind": "osm",
        "layer": "roads",
        "osm_type": "way",
        "osm_id": 1159305409,
        "name": "",
        "source": "OpenStreetMap via Overpass API",
        "geometry_type": "LineString",
        "highway": "steps",
        "simplified": true,
        "simplification_tolerance_degrees": 1.5e-05
      }
    },
    {
      "type": "Feature",
      "geometry": {
        "type": "LineString",
        "coordinates": [
          [
            116.3046526,
            39.9906159
          ],
          [
            116.3046024,
            39.9906158
          ]
        ]
      },
      "properties": {
        "kind": "osm",
        "layer": "roads",
        "osm_type": "way",
        "osm_id": 1159305413,
        "name": "",
        "source": "OpenStreetMap via Overpass API",
        "geometry_type": "LineString",
        "highway": "footway",
        "simplified": true,
        "simplification_tolerance_degrees": 1.5e-05
      }
    },
    {
      "type": "Feature",
      "geometry": {
        "type": "LineString",
        "coordinates": [
          [
            116.3046024,
            39.9906158
          ],
          [
            116.30455,
            39.9906151
          ]
        ]
      },
      "properties": {
        "kind": "osm",
        "layer": "roads",
        "osm_type": "way",
        "osm_id": 1159305414,
        "name": "",
        "source": "OpenStreetMap via Overpass API",
        "geometry_type": "LineString",
        "highway": "steps",
        "simplified": true,
        "simplification_tolerance_degrees": 1.5e-05
      }
    },
    {
      "type": "Feature",
      "geometry": {
        "type": "LineString",
        "coordinates": [
          [
            116.3045366,
            39.9906147
          ],
          [
            116.3045413,
            39.9904977
          ],
          [
            116.3046582,
            39.9905008
          ]
        ]
      },
      "properties": {
        "kind": "osm",
        "layer": "roads",
        "osm_type": "way",
        "osm_id": 1159305415,
        "name": "",
        "source": "OpenStreetMap via Overpass API",
        "geometry_type": "LineString",
        "highway": "footway",
        "simplified": true,
        "simplification_tolerance_degrees": 1.5e-05
      }
    },
    {
      "type": "Feature",
      "geometry": {
        "type": "LineString",
        "coordinates": [
          [
            116.3045366,
            39.9906147
          ],
          [
            116.3045328,
            39.9907427
          ],
          [
            116.304647,
            39.9907449
          ]
        ]
      },
      "properties": {
        "kind": "osm",
        "layer": "roads",
        "osm_type": "way",
        "osm_id": 1159305416,
        "name": "",
        "source": "OpenStreetMap via Overpass API",
        "geometry_type": "LineString",
        "highway": "footway",
        "simplified": true,
        "simplification_tolerance_degrees": 1.5e-05
      }
    },
    {
      "type": "Feature",
      "geometry": {
        "type": "LineString",
        "coordinates": [
          [
            116.3053048,
            39.9876515
          ],
          [
            116.3051232,
            39.9876425
          ]
        ]
      },
      "properties": {
        "kind": "osm",
        "layer": "roads",
        "osm_type": "way",
        "osm_id": 1159305417,
        "name": "",
        "source": "OpenStreetMap via Overpass API",
        "geometry_type": "LineString",
        "highway": "steps",
        "simplified": true,
        "simplification_tolerance_degrees": 1.5e-05
      }
    },
    {
      "type": "Feature",
      "geometry": {
        "type": "LineString",
        "coordinates": [
          [
            116.3075192,
            39.9875402
          ],
          [
            116.3075116,
            39.9876261
          ]
        ]
      },
      "properties": {
        "kind": "osm",
        "layer": "roads",
        "osm_type": "way",
        "osm_id": 1159607772,
        "name": "",
        "source": "OpenStreetMap via Overpass API",
        "geometry_type": "LineString",
        "highway": "footway",
        "simplified": true,
        "simplification_tolerance_degrees": 1.5e-05
      }
    },
    {
      "type": "Feature",
      "geometry": {
        "type": "LineString",
        "coordinates": [
          [
            116.3075106,
            39.9876378
          ],
          [
            116.307535,
            39.9876393
          ],
          [
            116.3075376,
            39.9876085
          ]
        ]
      },
      "properties": {
        "kind": "osm",
        "layer": "roads",
        "osm_type": "way",
        "osm_id": 1159607773,
        "name": "",
        "source": "OpenStreetMap via Overpass API",
        "geometry_type": "LineString",
        "highway": "footway",
        "simplified": true,
        "simplification_tolerance_degrees": 1.5e-05
      }
    },
    {
      "type": "Feature",
      "geometry": {
        "type": "LineString",
        "coordinates": [
          [
            116.3075106,
            39.9876378
          ],
          [
            116.30751,
            39.9876436
          ]
        ]
      },
      "properties": {
        "kind": "osm",
        "layer": "roads",
        "osm_type": "way",
        "osm_id": 1159607774,
        "name": "",
        "source": "OpenStreetMap via Overpass API",
        "geometry_type": "LineString",
        "highway": "footway",
        "simplified": true,
        "simplification_tolerance_degrees": 1.5e-05
      }
    },
    {
      "type": "Feature",
      "geometry": {
        "type": "LineString",
        "coordinates": [
          [
            116.3075116,
            39.9876261
          ],
          [
            116.3075106,
            39.9876378
          ]
        ]
      },
      "properties": {
        "kind": "osm",
        "layer": "roads",
        "osm_type": "way",
        "osm_id": 1159607775,
        "name": "",
        "source": "OpenStreetMap via Overpass API",
        "geometry_type": "LineString",
        "highway": "steps",
        "simplified": true,
        "simplification_tolerance_degrees": 1.5e-05
      }
    },
    {
      "type": "Feature",
      "geometry": {
        "type": "LineString",
        "coordinates": [
          [
            116.3080817,
            39.987563
          ],
          [
            116.3080724,
            39.9876583
          ]
        ]
      },
      "properties": {
        "kind": "osm",
        "layer": "roads",
        "osm_type": "way",
        "osm_id": 1159607776,
        "name": "",
        "source": "OpenStreetMap via Overpass API",
        "geometry_type": "LineString",
        "highway": "footway",
        "simplified": true,
        "simplification_tolerance_degrees": 1.5e-05
      }
    },
    {
      "type": "Feature",
      "geometry": {
        "type": "LineString",
        "coordinates": [
          [
            116.304667,
            39.9885338
          ],
          [
            116.304446,
            39.9883308
          ],
          [
            116.3044574,
            39.9882085
          ],
          [
            116.3042521,
            39.9882002
          ],
          [
            116.3042502,
            39.9882502
          ],
          [
            116.3040472,
            39.9882424
          ],
          [
            116.3040396,
            39.9883783
          ]
        ]
      },
      "properties": {
        "kind": "osm",
        "layer": "roads",
        "osm_type": "way",
        "osm_id": 1160812162,
        "name": "",
        "source": "OpenStreetMap via Overpass API",
        "geometry_type": "LineString",
        "highway": "footway",
        "simplified": true,
        "simplification_tolerance_degrees": 1.5e-05
      }
    },
    {
      "type": "Feature",
      "geometry": {
        "type": "LineString",
        "coordinates": [
          [
            116.3040185,
            39.9883778
          ],
          [
            116.3040396,
            39.9883783
          ]
        ]
      },
      "properties": {
        "kind": "osm",
        "layer": "roads",
        "osm_type": "way",
        "osm_id": 1160812163,
        "name": "",
        "source": "OpenStreetMap via Overpass API",
        "geometry_type": "LineString",
        "highway": "steps",
        "simplified": true,
        "simplification_tolerance_degrees": 1.5e-05
      }
    },
    {
      "type": "Feature",
      "geometry": {
        "type": "LineString",
        "coordinates": [
          [
            116.3040396,
            39.9883783
          ],
          [
            116.3040535,
            39.9883787
          ]
        ]
      },
      "properties": {
        "kind": "osm",
        "layer": "roads",
        "osm_type": "way",
        "osm_id": 1160812164,
        "name": "",
        "source": "OpenStreetMap via Overpass API",
        "geometry_type": "LineString",
        "highway": "footway",
        "simplified": true,
        "simplification_tolerance_degrees": 1.5e-05
      }
    },
    {
      "type": "Feature",
      "geometry": {
        "type": "LineString",
        "coordinates": [
          [
            116.304667,
            39.9885338
          ],
          [
            116.3046379,
            39.9885543
          ]
        ]
      },
      "properties": {
        "kind": "osm",
        "layer": "roads",
        "osm_type": "way",
        "osm_id": 1160812165,
        "name": "",
        "source": "OpenStreetMap via Overpass API",
        "geometry_type": "LineString",
        "highway": "footway",
        "simplified": true,
        "simplification_tolerance_degrees": 1.5e-05
      }
    },
    {
      "type": "Feature",
      "geometry": {
        "type": "LineString",
        "coordinates": [
          [
            116.3049607,
            39.9886779
          ],
          [
            116.3048103,
            39.988673
          ],
          [
            116.304667,
            39.9885338
          ]
        ]
      },
      "properties": {
        "kind": "osm",
        "layer": "roads",
        "osm_type": "way",
        "osm_id": 1160812166,
        "name": "",
        "source": "OpenStreetMap via Overpass API",
        "geometry_type": "LineString",
        "highway": "footway",
        "simplified": true,
        "simplification_tolerance_degrees": 1.5e-05
      }
    },
    {
      "type": "Feature",
      "geometry": {
        "type": "LineString",
        "coordinates": [
          [
            116.3046763,
            39.9885272
          ],
          [
            116.304667,
            39.9885338
          ]
        ]
      },
      "properties": {
        "kind": "osm",
        "layer": "roads",
        "osm_type": "way",
        "osm_id": 1160812167,
        "name": "",
        "source": "OpenStreetMap via Overpass API",
        "geometry_type": "LineString",
        "highway": "steps",
        "simplified": true,
        "simplification_tolerance_degrees": 1.5e-05
      }
    },
    {
      "type": "Feature",
      "geometry": {
        "type": "LineString",
        "coordinates": [
          [
            116.3078257,
            39.9887287
          ],
          [
            116.3078321,
            39.9886551
          ]
        ]
      },
      "properties": {
        "kind": "osm",
        "layer": "roads",
        "osm_type": "way",
        "osm_id": 1160812168,
        "name": "",
        "source": "OpenStreetMap via Overpass API",
        "geometry_type": "LineString",
        "highway": "footway",
        "simplified": true,
        "simplification_tolerance_degrees": 1.5e-05
      }
    },
    {
      "type": "Feature",
      "geometry": {
        "type": "LineString",
        "coordinates": [
          [
            116.307834,
            39.988634
          ],
          [
            116.307836,
            39.9886129
          ]
        ]
      },
      "properties": {
        "kind": "osm",
        "layer": "roads",
        "osm_type": "way",
        "osm_id": 1160812169,
        "name": "",
        "source": "OpenStreetMap via Overpass API",
        "geometry_type": "LineString",
        "highway": "footway",
        "simplified": true,
        "simplification_tolerance_degrees": 1.5e-05
      }
    },
    {
      "type": "Feature",
      "geometry": {
        "type": "LineString",
        "coordinates": [
          [
            116.3078321,
            39.9886551
          ],
          [
            116.307834,
            39.988634
          ]
        ]
      },
      "properties": {
        "kind": "osm",
        "layer": "roads",
        "osm_type": "way",
        "osm_id": 1160812170,
        "name": "",
        "source": "OpenStreetMap via Overpass API",
        "geometry_type": "LineString",
        "highway": "steps",
        "simplified": true,
        "simplification_tolerance_degrees": 1.5e-05
      }
    },
    {
      "type": "Feature",
      "geometry": {
        "type": "LineString",
        "coordinates": [
          [
            116.307834,
            39.988634
          ],
          [
            116.3077898,
            39.9886556
          ],
          [
            116.3077809,
            39.9886196
          ],
          [
            116.307778,
            39.9886697
          ]
        ]
      },
      "properties": {
        "kind": "osm",
        "layer": "roads",
        "osm_type": "way",
        "osm_id": 1160812171,
        "name": "",
        "source": "OpenStreetMap via Overpass API",
        "geometry_type": "LineString",
        "highway": "footway",
        "simplified": true,
        "simplification_tolerance_degrees": 1.5e-05
      }
    },
    {
      "type": "Feature",
      "geometry": {
        "type": "LineString",
        "coordinates": [
          [
            116.3072664,
            39.9887051
          ],
          [
            116.3072705,
            39.9886237
          ]
        ]
      },
      "properties": {
        "kind": "osm",
        "layer": "roads",
        "osm_type": "way",
        "osm_id": 1160812172,
        "name": "",
        "source": "OpenStreetMap via Overpass API",
        "geometry_type": "LineString",
        "highway": "footway",
        "simplified": true,
        "simplification_tolerance_degrees": 1.5e-05
      }
    },
    {
      "type": "Feature",
      "geometry": {
        "type": "LineString",
        "coordinates": [
          [
            116.3072705,
            39.9886237
          ],
          [
            116.3072732,
            39.9885922
          ]
        ]
      },
      "properties": {
        "kind": "osm",
        "layer": "roads",
        "osm_type": "way",
        "osm_id": 1160812173,
        "name": "",
        "source": "OpenStreetMap via Overpass API",
        "geometry_type": "LineString",
        "highway": "steps",
        "simplified": true,
        "simplification_tolerance_degrees": 1.5e-05
      }
    },
    {
      "type": "Feature",
      "geometry": {
        "type": "LineString",
        "coordinates": [
          [
            116.3070425,
            39.9881629
          ],
          [
            116.3070408,
            39.9881852
          ],
          [
            116.3069418,
            39.9881817
          ]
        ]
      },
      "properties": {
        "kind": "osm",
        "layer": "roads",
        "osm_type": "way",
        "osm_id": 1160812174,
        "name": "",
        "source": "OpenStreetMap via Overpass API",
        "geometry_type": "LineString",
        "highway": "footway",
        "simplified": true,
        "simplification_tolerance_degrees": 1.5e-05
      }
    },
    {
      "type": "Feature",
      "geometry": {
        "type": "LineString",
        "coordinates": [
          [
            116.3070425,
            39.9881629
          ],
          [
            116.3070454,
            39.9881188
          ]
        ]
      },
      "properties": {
        "kind": "osm",
        "layer": "roads",
        "osm_type": "way",
        "osm_id": 1160812175,
        "name": "",
        "source": "OpenStreetMap via Overpass API",
        "geometry_type": "LineString",
        "highway": "footway",
        "simplified": true,
        "simplification_tolerance_degrees": 1.5e-05
      }
    },
    {
      "type": "Feature",
      "geometry": {
        "type": "LineString",
        "coordinates": [
          [
            116.3080724,
            39.9876583
          ],
          [
            116.3080713,
            39.9876699
          ]
        ]
      },
      "properties": {
        "kind": "osm",
        "layer": "roads",
        "osm_type": "way",
        "osm_id": 1160812176,
        "name": "",
        "source": "OpenStreetMap via Overpass API",
        "geometry_type": "LineString",
        "highway": "steps",
        "simplified": true,
        "simplification_tolerance_degrees": 1.5e-05
      }
    },
    {
      "type": "Feature",
      "geometry": {
        "type": "LineString",
        "coordinates": [
          [
            116.3081196,
            39.9877322
          ],
          [
            116.3081346,
            39.9877503
          ],
          [
            116.3081374,
            39.9877041
          ]
        ]
      },
      "properties": {
        "kind": "osm",
        "layer": "roads",
        "osm_type": "way",
        "osm_id": 1160812177,
        "name": "",
        "source": "OpenStreetMap via Overpass API",
        "geometry_type": "LineString",
        "highway": "footway",
        "simplified": true,
        "simplification_tolerance_degrees": 1.5e-05
      }
    },
    {
      "type": "Feature",
      "geometry": {
        "type": "LineString",
        "coordinates": [
          [
            116.3087788,
            39.988769
          ],
          [
            116.3087505,
            39.9891506
          ]
        ]
      },
      "properties": {
        "kind": "osm",
        "layer": "roads",
        "osm_type": "way",
        "osm_id": 1160812178,
        "name": "",
        "source": "OpenStreetMap via Overpass API",
        "geometry_type": "LineString",
        "highway": "path",
        "simplified": true,
        "simplification_tolerance_degrees": 1.5e-05
      }
    },
    {
      "type": "Feature",
      "geometry": {
        "type": "LineString",
        "coordinates": [
          [
            116.3056955,
            39.9910331
          ],
          [
            116.3057003,
            39.9909818
          ]
        ]
      },
      "properties": {
        "kind": "osm",
        "layer": "roads",
        "osm_type": "way",
        "osm_id": 1160812179,
        "name": "",
        "source": "OpenStreetMap via Overpass API",
        "geometry_type": "LineString",
        "highway": "footway",
        "simplified": true,
        "simplification_tolerance_degrees": 1.5e-05
      }
    },
    {
      "type": "Feature",
      "geometry": {
        "type": "LineString",
        "coordinates": [
          [
            116.3057295,
            39.9906626
          ],
          [
            116.3057181,
            39.9908054
          ]
        ]
      },
      "properties": {
        "kind": "osm",
        "layer": "roads",
        "osm_type": "way",
        "osm_id": 1160812180,
        "name": "",
        "source": "OpenStreetMap via Overpass API",
        "geometry_type": "LineString",
        "highway": "footway",
        "simplified": true,
        "simplification_tolerance_degrees": 1.5e-05
      }
    },
    {
      "type": "Feature",
      "geometry": {
        "type": "LineString",
        "coordinates": [
          [
            116.3043545,
            39.989959
          ],
          [
            116.3043588,
            39.9898821
          ]
        ]
      },
      "properties": {
        "kind": "osm",
        "layer": "roads",
        "osm_type": "way",
        "osm_id": 1160812181,
        "name": "",
        "source": "OpenStreetMap via Overpass API",
        "geometry_type": "LineString",
        "highway": "footway",
        "simplified": true,
        "simplification_tolerance_degrees": 1.5e-05
      }
    },
    {
      "type": "Feature",
      "geometry": {
        "type": "LineString",
        "coordinates": [
          [
            116.3044718,
            39.9898858
          ],
          [
            116.3044842,
            39.9897305
          ]
        ]
      },
      "properties": {
        "kind": "osm",
        "layer": "roads",
        "osm_type": "way",
        "osm_id": 1160812182,
        "name": "",
        "source": "OpenStreetMap via Overpass API",
        "geometry_type": "LineString",
        "highway": "footway",
        "simplified": true,
        "simplification_tolerance_degrees": 1.5e-05
      }
    },
    {
      "type": "Feature",
      "geometry": {
        "type": "LineString",
        "coordinates": [
          [
            116.3040337,
            39.9898714
          ],
          [
            116.3040444,
            39.9896792
          ]
        ]
      },
      "properties": {
        "kind": "osm",
        "layer": "roads",
        "osm_type": "way",
        "osm_id": 1160812183,
        "name": "",
        "source": "OpenStreetMap via Overpass API",
        "geometry_type": "LineString",
        "highway": "footway",
        "simplified": true,
        "simplification_tolerance_degrees": 1.5e-05
      }
    },
    {
      "type": "Feature",
      "geometry": {
        "type": "LineString",
        "coordinates": [
          [
            116.3091229,
            39.9887836
          ],
          [
            116.3091649,
            39.9880736
          ],
          [
            116.3089951,
            39.9880698
          ]
        ]
      },
      "properties": {
        "kind": "osm",
        "layer": "roads",
        "osm_type": "way",
        "osm_id": 1160812195,
        "name": "",
        "source": "OpenStreetMap via Overpass API",
        "geometry_type": "LineString",
        "highway": "footway",
        "simplified": true,
        "simplification_tolerance_degrees": 1.5e-05
      }
    },
    {
      "type": "Feature",
      "geometry": {
        "type": "LineString",
        "coordinates": [
          [
            116.3069418,
            39.9881817
          ],
          [
            116.3067675,
            39.9881761
          ]
        ]
      },
      "properties": {
        "kind": "osm",
        "layer": "roads",
        "osm_type": "way",
        "osm_id": 1160812196,
        "name": "",
        "source": "OpenStreetMap via Overpass API",
        "geometry_type": "LineString",
        "highway": "footway",
        "simplified": true,
        "simplification_tolerance_degrees": 1.5e-05
      }
    },
    {
      "type": "Feature",
      "geometry": {
        "type": "LineString",
        "coordinates": [
          [
            116.3081374,
            39.9877041
          ],
          [
            116.308265,
            39.98771
          ]
        ]
      },
      "properties": {
        "kind": "osm",
        "layer": "roads",
        "osm_type": "way",
        "osm_id": 1160812197,
        "name": "",
        "source": "OpenStreetMap via Overpass API",
        "geometry_type": "LineString",
        "highway": "footway",
        "simplified": true,
        "simplification_tolerance_degrees": 1.5e-05
      }
    },
    {
      "type": "Feature",
      "geometry": {
        "type": "LineString",
        "coordinates": [
          [
            116.3022734,
            39.9869907
          ],
          [
            116.3022638,
            39.9873422
          ]
        ]
      },
      "properties": {
        "kind": "osm",
        "layer": "roads",
        "osm_type": "way",
        "osm_id": 1161063855,
        "name": "",
        "source": "OpenStreetMap via Overpass API",
        "geometry_type": "LineString",
        "highway": "footway",
        "simplified": true,
        "simplification_tolerance_degrees": 1.5e-05
      }
    },
    {
      "type": "Feature",
      "geometry": {
        "type": "LineString",
        "coordinates": [
          [
            116.3021914,
            39.9874246
          ],
          [
            116.3022577,
            39.98745
          ]
        ]
      },
      "properties": {
        "kind": "osm",
        "layer": "roads",
        "osm_type": "way",
        "osm_id": 1161063856,
        "name": "",
        "source": "OpenStreetMap via Overpass API",
        "geometry_type": "LineString",
        "highway": "steps",
        "simplified": true,
        "simplification_tolerance_degrees": 1.5e-05
      }
    },
    {
      "type": "Feature",
      "geometry": {
        "type": "LineString",
        "coordinates": [
          [
            116.3022638,
            39.9873422
          ],
          [
            116.3022577,
            39.98745
          ]
        ]
      },
      "properties": {
        "kind": "osm",
        "layer": "roads",
        "osm_type": "way",
        "osm_id": 1161063857,
        "name": "",
        "source": "OpenStreetMap via Overpass API",
        "geometry_type": "LineString",
        "highway": "footway",
        "simplified": true,
        "simplification_tolerance_degrees": 1.5e-05
      }
    },
    {
      "type": "Feature",
      "geometry": {
        "type": "LineString",
        "coordinates": [
          [
            116.3022577,
            39.98745
          ],
          [
            116.3023369,
            39.9874835
          ]
        ]
      },
      "properties": {
        "kind": "osm",
        "layer": "roads",
        "osm_type": "way",
        "osm_id": 1161063858,
        "name": "",
        "source": "OpenStreetMap via Overpass API",
        "geometry_type": "LineString",
        "highway": "footway",
        "simplified": true,
        "simplification_tolerance_degrees": 1.5e-05
      }
    },
    {
      "type": "Feature",
      "geometry": {
        "type": "LineString",
        "coordinates": [
          [
            116.301426,
            39.9874642
          ],
          [
            116.3014261,
            39.987452
          ]
        ]
      },
      "properties": {
        "kind": "osm",
        "layer": "roads",
        "osm_type": "way",
        "osm_id": 1161063859,
        "name": "",
        "source": "OpenStreetMap via Overpass API",
        "geometry_type": "LineString",
        "highway": "footway",
        "simplified": true,
        "simplification_tolerance_degrees": 1.5e-05
      }
    },
    {
      "type": "Feature",
      "geometry": {
        "type": "LineString",
        "coordinates": [
          [
            116.3014261,
            39.987452
          ],
          [
            116.3014727,
            39.9874531
          ]
        ]
      },
      "properties": {
        "kind": "osm",
        "layer": "roads",
        "osm_type": "way",
        "osm_id": 1161063860,
        "name": "",
        "source": "OpenStreetMap via Overpass API",
        "geometry_type": "LineString",
        "highway": "steps",
        "simplified": true,
        "simplification_tolerance_degrees": 1.5e-05
      }
    },
    {
      "type": "Feature",
      "geometry": {
        "type": "LineString",
        "coordinates": [
          [
            116.3014727,
            39.9874531
          ],
          [
            116.3014741,
            39.9874091
          ],
          [
            116.3013629,
            39.987407
          ]
        ]
      },
      "properties": {
        "kind": "osm",
        "layer": "roads",
        "osm_type": "way",
        "osm_id": 1161063861,
        "name": "",
        "source": "OpenStreetMap via Overpass API",
        "geometry_type": "LineString",
        "highway": "footway",
        "simplified": true,
        "simplification_tolerance_degrees": 1.5e-05
      }
    },
    {
      "type": "Feature",
      "geometry": {
        "type": "LineString",
        "coordinates": [
          [
            116.3013641,
            39.9873827
          ],
          [
            116.3013629,
            39.987407
          ]
        ]
      },
      "properties": {
        "kind": "osm",
        "layer": "roads",
        "osm_type": "way",
        "osm_id": 1161063862,
        "name": "",
        "source": "OpenStreetMap via Overpass API",
        "geometry_type": "LineString",
        "highway": "footway",
        "simplified": true,
        "simplification_tolerance_degrees": 1.5e-05
      }
    },
    {
      "type": "Feature",
      "geometry": {
        "type": "LineString",
        "coordinates": [
          [
            116.3014741,
            39.9874091
          ],
          [
            116.3021914,
            39.9874246
          ]
        ]
      },
      "properties": {
        "kind": "osm",
        "layer": "roads",
        "osm_type": "way",
        "osm_id": 1161063863,
        "name": "",
        "source": "OpenStreetMap via Overpass API",
        "geometry_type": "LineString",
        "highway": "footway",
        "simplified": true,
        "simplification_tolerance_degrees": 1.5e-05
      }
    },
    {
      "type": "Feature",
      "geometry": {
        "type": "LineString",
        "coordinates": [
          [
            116.3028018,
            39.9874993
          ],
          [
            116.3028562,
            39.9874727
          ]
        ]
      },
      "properties": {
        "kind": "osm",
        "layer": "roads",
        "osm_type": "way",
        "osm_id": 1161063864,
        "name": "",
        "source": "OpenStreetMap via Overpass API",
        "geometry_type": "LineString",
        "highway": "footway",
        "simplified": true,
        "simplification_tolerance_degrees": 1.5e-05
      }
    },
    {
      "type": "Feature",
      "geometry": {
        "type": "LineString",
        "coordinates": [
          [
            116.3028562,
            39.9874727
          ],
          [
            116.3029152,
            39.9874738
          ]
        ]
      },
      "properties": {
        "kind": "osm",
        "layer": "roads",
        "osm_type": "way",
        "osm_id": 1161063865,
        "name": "",
        "source": "OpenStreetMap via Overpass API",
        "geometry_type": "LineString",
        "highway": "steps",
        "simplified": true,
        "simplification_tolerance_degrees": 1.5e-05
      }
    },
    {
      "type": "Feature",
      "geometry": {
        "type": "LineString",
        "coordinates": [
          [
            116.3029152,
            39.9874738
          ],
          [
            116.3036107,
            39.9874935
          ]
        ]
      },
      "properties": {
        "kind": "osm",
        "layer": "roads",
        "osm_type": "way",
        "osm_id": 1161063866,
        "name": "",
        "source": "OpenStreetMap via Overpass API",
        "geometry_type": "LineString",
        "highway": "footway",
        "simplified": true,
        "simplification_tolerance_degrees": 1.5e-05
      }
    },
    {
      "type": "Feature",
      "geometry": {
        "type": "LineString",
        "coordinates": [
          [
            116.3036107,
            39.9874935
          ],
          [
            116.3036675,
            39.9874941
          ]
        ]
      },
      "properties": {
        "kind": "osm",
        "layer": "roads",
        "osm_type": "way",
        "osm_id": 1161063867,
        "name": "",
        "source": "OpenStreetMap via Overpass API",
        "geometry_type": "LineString",
        "highway": "steps",
        "simplified": true,
        "simplification_tolerance_degrees": 1.5e-05
      }
    },
    {
      "type": "Feature",
      "geometry": {
        "type": "LineString",
        "coordinates": [
          [
            116.3036675,
            39.9874941
          ],
          [
            116.303718,
            39.9875303
          ]
        ]
      },
      "properties": {
        "kind": "osm",
        "layer": "roads",
        "osm_type": "way",
        "osm_id": 1161063868,
        "name": "",
        "source": "OpenStreetMap via Overpass API",
        "geometry_type": "LineString",
        "highway": "footway",
        "simplified": true,
        "simplification_tolerance_degrees": 1.5e-05
      }
    },
    {
      "type": "Feature",
      "geometry": {
        "type": "LineString",
        "coordinates": [
          [
            116.3008391,
            39.9920485
          ],
          [
            116.3010414,
            39.9923172
          ],
          [
            116.3010897,
            39.9928357
          ]
        ]
      },
      "properties": {
        "kind": "osm",
        "layer": "roads",
        "osm_type": "way",
        "osm_id": 1165051994,
        "name": "",
        "source": "OpenStreetMap via Overpass API",
        "geometry_type": "LineString",
        "highway": "footway",
        "simplified": true,
        "simplification_tolerance_degrees": 1.5e-05
      }
    },
    {
      "type": "Feature",
      "geometry": {
        "type": "LineString",
        "coordinates": [
          [
            116.3009128,
            39.9921463
          ],
          [
            116.3011092,
            39.9919871
          ]
        ]
      },
      "properties": {
        "kind": "osm",
        "layer": "roads",
        "osm_type": "way",
        "osm_id": 1165051995,
        "name": "",
        "source": "OpenStreetMap via Overpass API",
        "geometry_type": "LineString",
        "highway": "footway",
        "simplified": true,
        "simplification_tolerance_degrees": 1.5e-05
      }
    },
    {
      "type": "Feature",
      "geometry": {
        "type": "LineString",
        "coordinates": [
          [
            116.3017858,
            39.9935307
          ],
          [
            116.3021423,
            39.993408
          ],
          [
            116.302221,
            39.9934348
          ],
          [
            116.3023018,
            39.9936055
          ],
          [
            116.3023564,
            39.9936474
          ],
          [
            116.3024722,
            39.9936825
          ],
          [
            116.3026772,
            39.9938227
          ]
        ]
      },
      "properties": {
        "kind": "osm",
        "layer": "roads",
        "osm_type": "way",
        "osm_id": 1165051996,
        "name": "",
        "source": "OpenStreetMap via Overpass API",
        "geometry_type": "LineString",
        "highway": "footway",
        "simplified": true,
        "simplification_tolerance_degrees": 1.5e-05
      }
    },
    {
      "type": "Feature",
      "geometry": {
        "type": "LineString",
        "coordinates": [
          [
            116.3033723,
            39.9912427
          ],
          [
            116.3033687,
            39.9914128
          ]
        ]
      },
      "properties": {
        "kind": "osm",
        "layer": "roads",
        "osm_type": "way",
        "osm_id": 1165051997,
        "name": "",
        "source": "OpenStreetMap via Overpass API",
        "geometry_type": "LineString",
        "highway": "footway",
        "simplified": true,
        "simplification_tolerance_degrees": 1.5e-05
      }
    },
    {
      "type": "Feature",
      "geometry": {
        "type": "LineString",
        "coordinates": [
          [
            116.30343,
            39.991246
          ],
          [
            116.3034445,
            39.9909817
          ]
        ]
      },
      "properties": {
        "kind": "osm",
        "layer": "roads",
        "osm_type": "way",
        "osm_id": 1165051998,
        "name": "",
        "source": "OpenStreetMap via Overpass API",
        "geometry_type": "LineString",
        "highway": "footway",
        "simplified": true,
        "simplification_tolerance_degrees": 1.5e-05
      }
    },
    {
      "type": "Feature",
      "geometry": {
        "type": "LineString",
        "coordinates": [
          [
            116.3054635,
            39.99695
          ],
          [
            116.3059389,
            39.9970052
          ]
        ]
      },
      "properties": {
        "kind": "osm",
        "layer": "roads",
        "osm_type": "way",
        "osm_id": 1165052005,
        "name": "",
        "source": "OpenStreetMap via Overpass API",
        "geometry_type": "LineString",
        "highway": "footway",
        "simplified": true,
        "simplification_tolerance_degrees": 1.5e-05
      }
    },
    {
      "type": "Feature",
      "geometry": {
        "type": "LineString",
        "coordinates": [
          [
            116.3063641,
            39.9960126
          ],
          [
            116.3068661,
            39.9960631
          ],
          [
            116.3069295,
            39.995721
          ],
          [
            116.3070163,
            39.9957307
          ]
        ]
      },
      "properties": {
        "kind": "osm",
        "layer": "roads",
        "osm_type": "way",
        "osm_id": 1165052006,
        "name": "",
        "source": "OpenStreetMap via Overpass API",
        "geometry_type": "LineString",
        "highway": "footway",
        "simplified": true,
        "simplification_tolerance_degrees": 1.5e-05
      }
    },
    {
      "type": "Feature",
      "geometry": {
        "type": "LineString",
        "coordinates": [
          [
            116.3029803,
            39.9912416
          ],
          [
            116.3029564,
            39.9916272
          ]
        ]
      },
      "properties": {
        "kind": "osm",
        "layer": "roads",
        "osm_type": "way",
        "osm_id": 1166279711,
        "name": "",
        "source": "OpenStreetMap via Overpass API",
        "geometry_type": "LineString",
        "highway": "footway",
        "simplified": true,
        "simplification_tolerance_degrees": 1.5e-05
      }
    },
    {
      "type": "Feature",
      "geometry": {
        "type": "LineString",
        "coordinates": [
          [
            116.3080484,
            39.9952802
          ],
          [
            116.3080065,
            39.9957962
          ]
        ]
      },
      "properties": {
        "kind": "osm",
        "layer": "roads",
        "osm_type": "way",
        "osm_id": 1166279712,
        "name": "",
        "source": "OpenStreetMap via Overpass API",
        "geometry_type": "LineString",
        "highway": "footway",
        "simplified": true,
        "simplification_tolerance_degrees": 1.5e-05
      }
    },
    {
      "type": "Feature",
      "geometry": {
        "type": "LineString",
        "coordinates": [
          [
            116.3080584,
            39.9951566
          ],
          [
            116.3080545,
            39.995204
          ]
        ]
      },
      "properties": {
        "kind": "osm",
        "layer": "roads",
        "osm_type": "way",
        "osm_id": 1166279716,
        "name": "",
        "source": "OpenStreetMap via Overpass API",
        "geometry_type": "LineString",
        "highway": "footway",
        "simplified": true,
        "simplification_tolerance_degrees": 1.5e-05
      }
    },
    {
      "type": "Feature",
      "geometry": {
        "type": "LineString",
        "coordinates": [
          [
            116.3080545,
            39.995204
          ],
          [
            116.3080484,
            39.9952802
          ]
        ]
      },
      "properties": {
        "kind": "osm",
        "layer": "roads",
        "osm_type": "way",
        "osm_id": 1166279717,
        "name": "",
        "source": "OpenStreetMap via Overpass API",
        "geometry_type": "LineString",
        "highway": "footway",
        "simplified": true,
        "simplification_tolerance_degrees": 1.5e-05
      }
    },
    {
      "type": "Feature",
      "geometry": {
        "type": "LineString",
        "coordinates": [
          [
            116.3069936,
            39.9927413
          ],
          [
            116.3071094,
            39.9927443
          ]
        ]
      },
      "properties": {
        "kind": "osm",
        "layer": "roads",
        "osm_type": "way",
        "osm_id": 1169804425,
        "name": "",
        "source": "OpenStreetMap via Overpass API",
        "geometry_type": "LineString",
        "highway": "steps",
        "simplified": true,
        "simplification_tolerance_degrees": 1.5e-05
      }
    },
    {
      "type": "Feature",
      "geometry": {
        "type": "LineString",
        "coordinates": [
          [
            116.3070098,
            39.9917501
          ],
          [
            116.3071531,
            39.9916729
          ]
        ]
      },
      "properties": {
        "kind": "osm",
        "layer": "roads",
        "osm_type": "way",
        "osm_id": 1169804426,
        "name": "",
        "source": "OpenStreetMap via Overpass API",
        "geometry_type": "LineString",
        "highway": "footway",
        "simplified": true,
        "simplification_tolerance_degrees": 1.5e-05
      }
    },
    {
      "type": "Feature",
      "geometry": {
        "type": "LineString",
        "coordinates": [
          [
            116.3072904,
            39.9950408
          ],
          [
            116.307357,
            39.995122
          ]
        ]
      },
      "properties": {
        "kind": "osm",
        "layer": "roads",
        "osm_type": "way",
        "osm_id": 1169804427,
        "name": "",
        "source": "OpenStreetMap via Overpass API",
        "geometry_type": "LineString",
        "highway": "path",
        "simplified": true,
        "simplification_tolerance_degrees": 1.5e-05
      }
    },
    {
      "type": "Feature",
      "geometry": {
        "type": "LineString",
        "coordinates": [
          [
            116.307302,
            39.995042
          ],
          [
            116.3072904,
            39.9950408
          ]
        ]
      },
      "properties": {
        "kind": "osm",
        "layer": "roads",
        "osm_type": "way",
        "osm_id": 1169804429,
        "name": "",
        "source": "OpenStreetMap via Overpass API",
        "geometry_type": "LineString",
        "highway": "service",
        "simplified": true,
        "simplification_tolerance_degrees": 1.5e-05
      }
    },
    {
      "type": "Feature",
      "geometry": {
        "type": "LineString",
        "coordinates": [
          [
            116.3057518,
            39.9902368
          ],
          [
            116.3057676,
            39.9900473
          ]
        ]
      },
      "properties": {
        "kind": "osm",
        "layer": "roads",
        "osm_type": "way",
        "osm_id": 1169804430,
        "name": "",
        "source": "OpenStreetMap via Overpass API",
        "geometry_type": "LineString",
        "highway": "footway",
        "simplified": true,
        "simplification_tolerance_degrees": 1.5e-05
      }
    },
    {
      "type": "Feature",
      "geometry": {
        "type": "LineString",
        "coordinates": [
          [
            116.3048661,
            39.994353
          ],
          [
            116.305023,
            39.9943886
          ]
        ]
      },
      "properties": {
        "kind": "osm",
        "layer": "roads",
        "osm_type": "way",
        "osm_id": 1169804431,
        "name": "",
        "source": "OpenStreetMap via Overpass API",
        "geometry_type": "LineString",
        "highway": "service",
        "simplified": true,
        "simplification_tolerance_degrees": 1.5e-05
      }
    },
    {
      "type": "Feature",
      "geometry": {
        "type": "LineString",
        "coordinates": [
          [
            116.30205,
            39.9964023
          ],
          [
            116.3022206,
            39.9963349
          ]
        ]
      },
      "properties": {
        "kind": "osm",
        "layer": "roads",
        "osm_type": "way",
        "osm_id": 1169804432,
        "name": "",
        "source": "OpenStreetMap via Overpass API",
        "geometry_type": "LineString",
        "highway": "footway",
        "simplified": true,
        "simplification_tolerance_degrees": 1.5e-05
      }
    },
    {
      "type": "Feature",
      "geometry": {
        "type": "LineString",
        "coordinates": [
          [
            116.3051461,
            39.9920832
          ],
          [
            116.3056511,
            39.9924092
          ]
        ]
      },
      "properties": {
        "kind": "osm",
        "layer": "roads",
        "osm_type": "way",
        "osm_id": 1172670686,
        "name": "",
        "source": "OpenStreetMap via Overpass API",
        "geometry_type": "LineString",
        "highway": "footway",
        "simplified": true,
        "simplification_tolerance_degrees": 1.5e-05
      }
    },
    {
      "type": "Feature",
      "geometry": {
        "type": "LineString",
        "coordinates": [
          [
            116.3029836,
            39.9912205
          ],
          [
            116.3029803,
            39.9912416
          ]
        ]
      },
      "properties": {
        "kind": "osm",
        "layer": "roads",
        "osm_type": "way",
        "osm_id": 1172670694,
        "name": "",
        "source": "OpenStreetMap via Overpass API",
        "geometry_type": "LineString",
        "highway": "steps",
        "simplified": true,
        "simplification_tolerance_degrees": 1.5e-05
      }
    },
    {
      "type": "Feature",
      "geometry": {
        "type": "LineString",
        "coordinates": [
          [
            116.3029564,
            39.9916272
          ],
          [
            116.3029449,
            39.9917813
          ]
        ]
      },
      "properties": {
        "kind": "osm",
        "layer": "roads",
        "osm_type": "way",
        "osm_id": 1172670695,
        "name": "",
        "source": "OpenStreetMap via Overpass API",
        "geometry_type": "LineString",
        "highway": "steps",
        "simplified": true,
        "simplification_tolerance_degrees": 1.5e-05
      }
    },
    {
      "type": "Feature",
      "geometry": {
        "type": "LineString",
        "coordinates": [
          [
            116.3030128,
            39.9903018
          ],
          [
            116.3032383,
            39.9903092
          ]
        ]
      },
      "properties": {
        "kind": "osm",
        "layer": "roads",
        "osm_type": "way",
        "osm_id": 1172670696,
        "name": "",
        "source": "OpenStreetMap via Overpass API",
        "geometry_type": "LineString",
        "highway": "footway",
        "simplified": true,
        "simplification_tolerance_degrees": 1.5e-05
      }
    },
    {
      "type": "Feature",
      "geometry": {
        "type": "LineString",
        "coordinates": [
          [
            116.3029988,
            39.9907413
          ],
          [
            116.3033064,
            39.9907451
          ]
        ]
      },
      "properties": {
        "kind": "osm",
        "layer": "roads",
        "osm_type": "way",
        "osm_id": 1172670697,
        "name": "",
        "source": "OpenStreetMap via Overpass API",
        "geometry_type": "LineString",
        "highway": "footway",
        "simplified": true,
        "simplification_tolerance_degrees": 1.5e-05
      }
    },
    {
      "type": "Feature",
      "geometry": {
        "type": "LineString",
        "coordinates": [
          [
            116.3094296,
            39.9900736
          ],
          [
            116.3095037,
            39.9900782
          ]
        ]
      },
      "properties": {
        "kind": "osm",
        "layer": "roads",
        "osm_type": "way",
        "osm_id": 1175104553,
        "name": "",
        "source": "OpenStreetMap via Overpass API",
        "geometry_type": "LineString",
        "highway": "footway",
        "simplified": true,
        "simplification_tolerance_degrees": 1.5e-05
      }
    },
    {
      "type": "Feature",
      "geometry": {
        "type": "LineString",
        "coordinates": [
          [
            116.3094669,
            39.9897469
          ],
          [
            116.3094296,
            39.9900736
          ]
        ]
      },
      "properties": {
        "kind": "osm",
        "layer": "roads",
        "osm_type": "way",
        "osm_id": 1175104554,
        "name": "",
        "source": "OpenStreetMap via Overpass API",
        "geometry_type": "LineString",
        "highway": "footway",
        "simplified": true,
        "simplification_tolerance_degrees": 1.5e-05
      }
    },
    {
      "type": "Feature",
      "geometry": {
        "type": "LineString",
        "coordinates": [
          [
            116.3094453,
            39.9899361
          ],
          [
            116.3098241,
            39.9899551
          ]
        ]
      },
      "properties": {
        "kind": "osm",
        "layer": "roads",
        "osm_type": "way",
        "osm_id": 1175104555,
        "name": "",
        "source": "OpenStreetMap via Overpass API",
        "geometry_type": "LineString",
        "highway": "footway",
        "simplified": true,
        "simplification_tolerance_degrees": 1.5e-05
      }
    },
    {
      "type": "Feature",
      "geometry": {
        "type": "LineString",
        "coordinates": [
          [
            116.3094669,
            39.9897469
          ],
          [
            116.3095325,
            39.989747
          ]
        ]
      },
      "properties": {
        "kind": "osm",
        "layer": "roads",
        "osm_type": "way",
        "osm_id": 1175104558,
        "name": "",
        "source": "OpenStreetMap via Overpass API",
        "geometry_type": "LineString",
        "highway": "footway",
        "simplified": true,
        "simplification_tolerance_degrees": 1.5e-05
      }
    },
    {
      "type": "Feature",
      "geometry": {
        "type": "LineString",
        "coordinates": [
          [
            116.3094367,
            39.9887974
          ],
          [
            116.3096022,
            39.9889605
          ],
          [
            116.3095789,
            39.9891867
          ],
          [
            116.3096041,
            39.9891876
          ],
          [
            116.3095735,
            39.989636
          ],
          [
            116.3095463,
            39.9896329
          ],
          [
            116.3095325,
            39.989747
          ],
          [
            116.3094511,
            39.9906822
          ],
          [
            116.3094339,
            39.9907261
          ],
          [
            116.3093076,
            39.9907995
          ]
        ]
      },
      "properties": {
        "kind": "osm",
        "layer": "roads",
        "osm_type": "way",
        "osm_id": 1175104559,
        "name": "",
        "source": "OpenStreetMap via Overpass API",
        "geometry_type": "LineString",
        "highway": "footway",
        "footway": "sidewalk",
        "simplified": true,
        "simplification_tolerance_degrees": 1.5e-05
      }
    },
    {
      "type": "Feature",
      "geometry": {
        "type": "LineString",
        "coordinates": [
          [
            116.3094511,
            39.9906822
          ],
          [
            116.3099357,
            39.9906499
          ]
        ]
      },
      "properties": {
        "kind": "osm",
        "layer": "roads",
        "osm_type": "way",
        "osm_id": 1175104560,
        "name": "",
        "source": "OpenStreetMap via Overpass API",
        "geometry_type": "LineString",
        "highway": "footway",
        "footway": "sidewalk",
        "simplified": true,
        "simplification_tolerance_degrees": 1.5e-05
      }
    },
    {
      "type": "Feature",
      "geometry": {
        "type": "LineString",
        "coordinates": [
          [
            116.309417,
            39.9879207
          ],
          [
            116.309777,
            39.9879364
          ]
        ]
      },
      "properties": {
        "kind": "osm",
        "layer": "roads",
        "osm_type": "way",
        "osm_id": 1175104563,
        "name": "",
        "source": "OpenStreetMap via Overpass API",
        "geometry_type": "LineString",
        "highway": "service",
        "simplified": true,
        "simplification_tolerance_degrees": 1.5e-05
      }
    },
    {
      "type": "Feature",
      "geometry": {
        "type": "LineString",
        "coordinates": [
          [
            116.3032688,
            39.9870267
          ],
          [
            116.303272,
            39.9869412
          ]
        ]
      },
      "properties": {
        "kind": "osm",
        "layer": "roads",
        "osm_type": "way",
        "osm_id": 1182823481,
        "name": "",
        "source": "OpenStreetMap via Overpass API",
        "geometry_type": "LineString",
        "highway": "path",
        "simplified": true,
        "simplification_tolerance_degrees": 1.5e-05
      }
    },
    {
      "type": "Feature",
      "geometry": {
        "type": "LineString",
        "coordinates": [
          [
            116.3091875,
            39.9892504
          ],
          [
            116.3088325,
            39.9892398
          ]
        ]
      },
      "properties": {
        "kind": "osm",
        "layer": "roads",
        "osm_type": "way",
        "osm_id": 1182823482,
        "name": "",
        "source": "OpenStreetMap via Overpass API",
        "geometry_type": "LineString",
        "highway": "path",
        "simplified": true,
        "simplification_tolerance_degrees": 1.5e-05
      }
    },
    {
      "type": "Feature",
      "geometry": {
        "type": "LineString",
        "coordinates": [
          [
            116.3049607,
            39.9886779
          ],
          [
            116.3049603,
            39.9886873
          ]
        ]
      },
      "properties": {
        "kind": "osm",
        "layer": "roads",
        "osm_type": "way",
        "osm_id": 1182823483,
        "name": "",
        "source": "OpenStreetMap via Overpass API",
        "geometry_type": "LineString",
        "highway": "footway",
        "simplified": true,
        "simplification_tolerance_degrees": 1.5e-05
      }
    },
    {
      "type": "Feature",
      "geometry": {
        "type": "LineString",
        "coordinates": [
          [
            116.3044151,
            39.9892703
          ],
          [
            116.3042987,
            39.9892686
          ]
        ]
      },
      "properties": {
        "kind": "osm",
        "layer": "roads",
        "osm_type": "way",
        "osm_id": 1192032388,
        "name": "",
        "source": "OpenStreetMap via Overpass API",
        "geometry_type": "LineString",
        "highway": "footway",
        "simplified": true,
        "simplification_tolerance_degrees": 1.5e-05
      }
    },
    {
      "type": "Feature",
      "geometry": {
        "type": "LineString",
        "coordinates": [
          [
            116.3040536,
            39.9893852
          ],
          [
            116.3040563,
            39.9893195
          ]
        ]
      },
      "properties": {
        "kind": "osm",
        "layer": "roads",
        "osm_type": "way",
        "osm_id": 1192032389,
        "name": "",
        "source": "OpenStreetMap via Overpass API",
        "geometry_type": "LineString",
        "highway": "footway",
        "simplified": true,
        "simplification_tolerance_degrees": 1.5e-05
      }
    },
    {
      "type": "Feature",
      "geometry": {
        "type": "LineString",
        "coordinates": [
          [
            116.3040473,
            39.9896015
          ],
          [
            116.3040536,
            39.9893852
          ]
        ]
      },
      "properties": {
        "kind": "osm",
        "layer": "roads",
        "osm_type": "way",
        "osm_id": 1192032390,
        "name": "",
        "source": "OpenStreetMap via Overpass API",
        "geometry_type": "LineString",
        "highway": "footway",
        "simplified": true,
        "simplification_tolerance_degrees": 1.5e-05
      }
    },
    {
      "type": "Feature",
      "geometry": {
        "type": "LineString",
        "coordinates": [
          [
            116.3040444,
            39.9896792
          ],
          [
            116.3040473,
            39.9896015
          ]
        ]
      },
      "properties": {
        "kind": "osm",
        "layer": "roads",
        "osm_type": "way",
        "osm_id": 1192032391,
        "name": "",
        "source": "OpenStreetMap via Overpass API",
        "geometry_type": "LineString",
        "highway": "footway",
        "simplified": true,
        "simplification_tolerance_degrees": 1.5e-05
      }
    },
    {
      "type": "Feature",
      "geometry": {
        "type": "LineString",
        "coordinates": [
          [
            116.3045067,
            39.9880767
          ],
          [
            116.3045149,
            39.9879483
          ]
        ]
      },
      "properties": {
        "kind": "osm",
        "layer": "roads",
        "osm_type": "way",
        "osm_id": 1192032392,
        "name": "",
        "source": "OpenStreetMap via Overpass API",
        "geometry_type": "LineString",
        "highway": "footway",
        "simplified": true,
        "simplification_tolerance_degrees": 1.5e-05
      }
    },
    {
      "type": "Feature",
      "geometry": {
        "type": "LineString",
        "coordinates": [
          [
            116.3045149,
            39.9879483
          ],
          [
            116.3045166,
            39.9879215
          ]
        ]
      },
      "properties": {
        "kind": "osm",
        "layer": "roads",
        "osm_type": "way",
        "osm_id": 1192032393,
        "name": "",
        "source": "OpenStreetMap via Overpass API",
        "geometry_type": "LineString",
        "highway": "footway",
        "simplified": true,
        "simplification_tolerance_degrees": 1.5e-05
      }
    },
    {
      "type": "Feature",
      "geometry": {
        "type": "LineString",
        "coordinates": [
          [
            116.3028212,
            39.9870744
          ],
          [
            116.3026384,
            39.987072
          ]
        ]
      },
      "properties": {
        "kind": "osm",
        "layer": "roads",
        "osm_type": "way",
        "osm_id": 1192032400,
        "name": "",
        "source": "OpenStreetMap via Overpass API",
        "geometry_type": "LineString",
        "highway": "footway",
        "simplified": true,
        "simplification_tolerance_degrees": 1.5e-05
      }
    },
    {
      "type": "Feature",
      "geometry": {
        "type": "LineString",
        "coordinates": [
          [
            116.3032855,
            39.9934825
          ],
          [
            116.3033323,
            39.9933739
          ],
          [
            116.3034896,
            39.9933053
          ],
          [
            116.3036884,
            39.9933404
          ]
        ]
      },
      "properties": {
        "kind": "osm",
        "layer": "roads",
        "osm_type": "way",
        "osm_id": 1192032403,
        "name": "",
        "source": "OpenStreetMap via Overpass API",
        "geometry_type": "LineString",
        "highway": "footway",
        "simplified": true,
        "simplification_tolerance_degrees": 1.5e-05
      }
    },
    {
      "type": "Feature",
      "geometry": {
        "type": "LineString",
        "coordinates": [
          [
            116.3036884,
            39.9933404
          ],
          [
            116.3037578,
            39.9933494
          ]
        ]
      },
      "properties": {
        "kind": "osm",
        "layer": "roads",
        "osm_type": "way",
        "osm_id": 1192032404,
        "name": "",
        "source": "OpenStreetMap via Overpass API",
        "geometry_type": "LineString",
        "highway": "footway",
        "simplified": true,
        "simplification_tolerance_degrees": 1.5e-05
      }
    },
    {
      "type": "Feature",
      "geometry": {
        "type": "LineString",
        "coordinates": [
          [
            116.3032553,
            39.9935524
          ],
          [
            116.3032855,
            39.9934825
          ]
        ]
      },
      "properties": {
        "kind": "osm",
        "layer": "roads",
        "osm_type": "way",
        "osm_id": 1192032405,
        "name": "",
        "source": "OpenStreetMap via Overpass API",
        "geometry_type": "LineString",
        "highway": "footway",
        "simplified": true,
        "simplification_tolerance_degrees": 1.5e-05
      }
    },
    {
      "type": "Feature",
      "geometry": {
        "type": "LineString",
        "coordinates": [
          [
            116.3043368,
            39.9870757
          ],
          [
            116.3042328,
            39.9870771
          ]
        ]
      },
      "properties": {
        "kind": "osm",
        "layer": "roads",
        "osm_type": "way",
        "osm_id": 1192032409,
        "name": "",
        "source": "OpenStreetMap via Overpass API",
        "geometry_type": "LineString",
        "highway": "footway",
        "simplified": true,
        "simplification_tolerance_degrees": 1.5e-05
      }
    },
    {
      "type": "Feature",
      "geometry": {
        "type": "LineString",
        "coordinates": [
          [
            116.3077493,
            39.9891333
          ],
          [
            116.3076388,
            39.9890453
          ],
          [
            116.3077611,
            39.9889572
          ],
          [
            116.307879,
            39.9890509
          ],
          [
            116.3077493,
            39.9891333
          ]
        ]
      },
      "properties": {
        "kind": "osm",
        "layer": "roads",
        "osm_type": "way",
        "osm_id": 1192032410,
        "name": "",
        "source": "OpenStreetMap via Overpass API",
        "geometry_type": "LineString",
        "highway": "pedestrian",
        "simplified": true,
        "simplification_tolerance_degrees": 1.5e-05
      }
    },
    {
      "type": "Feature",
      "geometry": {
        "type": "LineString",
        "coordinates": [
          [
            116.3016464,
            39.990854
          ],
          [
            116.3013225,
            39.9908505
          ]
        ]
      },
      "properties": {
        "kind": "osm",
        "layer": "roads",
        "osm_type": "way",
        "osm_id": 1192032411,
        "name": "",
        "source": "OpenStreetMap via Overpass API",
        "geometry_type": "LineString",
        "highway": "footway",
        "simplified": true,
        "simplification_tolerance_degrees": 1.5e-05
      }
    },
    {
      "type": "Feature",
      "geometry": {
        "type": "LineString",
        "coordinates": [
          [
            116.3016639,
            39.9903817
          ],
          [
            116.3013371,
            39.9903728
          ]
        ]
      },
      "properties": {
        "kind": "osm",
        "layer": "roads",
        "osm_type": "way",
        "osm_id": 1192032412,
        "name": "",
        "source": "OpenStreetMap via Overpass API",
        "geometry_type": "LineString",
        "highway": "footway",
        "simplified": true,
        "simplification_tolerance_degrees": 1.5e-05
      }
    },
    {
      "type": "Feature",
      "geometry": {
        "type": "LineString",
        "coordinates": [
          [
            116.3016821,
            39.9898933
          ],
          [
            116.3013519,
            39.9898915
          ]
        ]
      },
      "properties": {
        "kind": "osm",
        "layer": "roads",
        "osm_type": "way",
        "osm_id": 1192032413,
        "name": "",
        "source": "OpenStreetMap via Overpass API",
        "geometry_type": "LineString",
        "highway": "footway",
        "simplified": true,
        "simplification_tolerance_degrees": 1.5e-05
      }
    },
    {
      "type": "Feature",
      "geometry": {
        "type": "LineString",
        "coordinates": [
          [
            116.3024817,
            39.9899111
          ],
          [
            116.3028292,
            39.9899128
          ]
        ]
      },
      "properties": {
        "kind": "osm",
        "layer": "roads",
        "osm_type": "way",
        "osm_id": 1192032414,
        "name": "",
        "source": "OpenStreetMap via Overpass API",
        "geometry_type": "LineString",
        "highway": "footway",
        "simplified": true,
        "simplification_tolerance_degrees": 1.5e-05
      }
    },
    {
      "type": "Feature",
      "geometry": {
        "type": "LineString",
        "coordinates": [
          [
            116.3024666,
            39.9903888
          ],
          [
            116.3028151,
            39.9903888
          ]
        ]
      },
      "properties": {
        "kind": "osm",
        "layer": "roads",
        "osm_type": "way",
        "osm_id": 1192032415,
        "name": "",
        "source": "OpenStreetMap via Overpass API",
        "geometry_type": "LineString",
        "highway": "footway",
        "simplified": true,
        "simplification_tolerance_degrees": 1.5e-05
      }
    },
    {
      "type": "Feature",
      "geometry": {
        "type": "LineString",
        "coordinates": [
          [
            116.3024513,
            39.9908752
          ],
          [
            116.3028006,
            39.9908752
          ]
        ]
      },
      "properties": {
        "kind": "osm",
        "layer": "roads",
        "osm_type": "way",
        "osm_id": 1192032416,
        "name": "",
        "source": "OpenStreetMap via Overpass API",
        "geometry_type": "LineString",
        "highway": "footway",
        "simplified": true,
        "simplification_tolerance_degrees": 1.5e-05
      }
    },
    {
      "type": "Feature",
      "geometry": {
        "type": "LineString",
        "coordinates": [
          [
            116.3020321,
            39.9896352
          ],
          [
            116.3020285,
            39.9898065
          ]
        ]
      },
      "properties": {
        "kind": "osm",
        "layer": "roads",
        "osm_type": "way",
        "osm_id": 1192032417,
        "name": "",
        "source": "OpenStreetMap via Overpass API",
        "geometry_type": "LineString",
        "highway": "footway",
        "simplified": true,
        "simplification_tolerance_degrees": 1.5e-05
      }
    },
    {
      "type": "Feature",
      "geometry": {
        "type": "LineString",
        "coordinates": [
          [
            116.3024498,
            39.9887038
          ],
          [
            116.3032769,
            39.988702
          ]
        ]
      },
      "properties": {
        "kind": "osm",
        "layer": "roads",
        "osm_type": "way",
        "osm_id": 1192032418,
        "name": "",
        "source": "OpenStreetMap via Overpass API",
        "geometry_type": "LineString",
        "highway": "footway",
        "simplified": true,
        "simplification_tolerance_degrees": 1.5e-05
      }
    },
    {
      "type": "Feature",
      "geometry": {
        "type": "LineString",
        "coordinates": [
          [
            116.3032737,
            39.9889833
          ],
          [
            116.3034887,
            39.9889884
          ]
        ]
      },
      "properties": {
        "kind": "osm",
        "layer": "roads",
        "osm_type": "way",
        "osm_id": 1192032419,
        "name": "",
        "source": "OpenStreetMap via Overpass API",
        "geometry_type": "LineString",
        "highway": "footway",
        "simplified": true,
        "simplification_tolerance_degrees": 1.5e-05
      }
    },
    {
      "type": "Feature",
      "geometry": {
        "type": "LineString",
        "coordinates": [
          [
            116.3077765,
            39.9887266
          ],
          [
            116.3077611,
            39.9889572
          ]
        ]
      },
      "properties": {
        "kind": "osm",
        "layer": "roads",
        "osm_type": "way",
        "osm_id": 1192032425,
        "name": "",
        "source": "OpenStreetMap via Overpass API",
        "geometry_type": "LineString",
        "highway": "footway",
        "simplified": true,
        "simplification_tolerance_degrees": 1.5e-05
      }
    },
    {
      "type": "Feature",
      "geometry": {
        "type": "LineString",
        "coordinates": [
          [
            116.3077493,
            39.9891333
          ],
          [
            116.3077395,
            39.9892774
          ]
        ]
      },
      "properties": {
        "kind": "osm",
        "layer": "roads",
        "osm_type": "way",
        "osm_id": 1192032426,
        "name": "",
        "source": "OpenStreetMap via Overpass API",
        "geometry_type": "LineString",
        "highway": "footway",
        "simplified": true,
        "simplification_tolerance_degrees": 1.5e-05
      }
    },
    {
      "type": "Feature",
      "geometry": {
        "type": "LineString",
        "coordinates": [
          [
            116.3120239,
            39.9906519
          ],
          [
            116.3120966,
            39.9890293
          ]
        ]
      },
      "properties": {
        "kind": "osm",
        "layer": "roads",
        "osm_type": "way",
        "osm_id": 1206332672,
        "name": "",
        "source": "OpenStreetMap via Overpass API",
        "geometry_type": "LineString",
        "highway": "residential",
        "simplified": true,
        "simplification_tolerance_degrees": 1.5e-05
      }
    },
    {
      "type": "Feature",
      "geometry": {
        "type": "LineString",
        "coordinates": [
          [
            116.3131475,
            39.9883574
          ],
          [
            116.3131902,
            39.9877687
          ],
          [
            116.3121853,
            39.9877198
          ],
          [
            116.3121516,
            39.9880889
          ]
        ]
      },
      "properties": {
        "kind": "osm",
        "layer": "roads",
        "osm_type": "way",
        "osm_id": 1206332673,
        "name": "",
        "source": "OpenStreetMap via Overpass API",
        "geometry_type": "LineString",
        "highway": "residential",
        "simplified": true,
        "simplification_tolerance_degrees": 1.5e-05
      }
    },
    {
      "type": "Feature",
      "geometry": {
        "type": "LineString",
        "coordinates": [
          [
            116.3121748,
            39.9878339
          ],
          [
            116.3111764,
            39.9877848
          ]
        ]
      },
      "properties": {
        "kind": "osm",
        "layer": "roads",
        "osm_type": "way",
        "osm_id": 1206332674,
        "name": "",
        "source": "OpenStreetMap via Overpass API",
        "geometry_type": "LineString",
        "highway": "residential",
        "simplified": true,
        "simplification_tolerance_degrees": 1.5e-05
      }
    },
    {
      "type": "Feature",
      "geometry": {
        "type": "LineString",
        "coordinates": [
          [
            116.3112511,
            39.9877883
          ],
          [
            116.3111674,
            39.9887165
          ]
        ]
      },
      "properties": {
        "kind": "osm",
        "layer": "roads",
        "osm_type": "way",
        "osm_id": 1206332675,
        "name": "",
        "source": "OpenStreetMap via Overpass API",
        "geometry_type": "LineString",
        "highway": "unclassified",
        "simplified": true,
        "simplification_tolerance_degrees": 1.5e-05
      }
    },
    {
      "type": "Feature",
      "geometry": {
        "type": "LineString",
        "coordinates": [
          [
            116.3120449,
            39.9886259
          ],
          [
            116.3111788,
            39.9885897
          ]
        ]
      },
      "properties": {
        "kind": "osm",
        "layer": "roads",
        "osm_type": "way",
        "osm_id": 1206332676,
        "name": "",
        "source": "OpenStreetMap via Overpass API",
        "geometry_type": "LineString",
        "highway": "unclassified",
        "simplified": true,
        "simplification_tolerance_degrees": 1.5e-05
      }
    },
    {
      "type": "Feature",
      "geometry": {
        "type": "LineString",
        "coordinates": [
          [
            116.3127171,
            39.9887251
          ],
          [
            116.3127409,
            39.9883039
          ]
        ]
      },
      "properties": {
        "kind": "osm",
        "layer": "roads",
        "osm_type": "way",
        "osm_id": 1206332677,
        "name": "",
        "source": "OpenStreetMap via Overpass API",
        "geometry_type": "LineString",
        "highway": "footway",
        "simplified": true,
        "simplification_tolerance_degrees": 1.5e-05
      }
    },
    {
      "type": "Feature",
      "geometry": {
        "type": "LineString",
        "coordinates": [
          [
            116.3122497,
            39.9880041
          ],
          [
            116.3120716,
            39.9879973
          ]
        ]
      },
      "properties": {
        "kind": "osm",
        "layer": "roads",
        "osm_type": "way",
        "osm_id": 1206332678,
        "name": "",
        "source": "OpenStreetMap via Overpass API",
        "geometry_type": "LineString",
        "highway": "footway",
        "simplified": true,
        "simplification_tolerance_degrees": 1.5e-05
      }
    },
    {
      "type": "Feature",
      "geometry": {
        "type": "LineString",
        "coordinates": [
          [
            116.3111481,
            39.9889313
          ],
          [
            116.3137212,
            39.9890298
          ]
        ]
      },
      "properties": {
        "kind": "osm",
        "layer": "roads",
        "osm_type": "way",
        "osm_id": 1206332679,
        "name": "",
        "source": "OpenStreetMap via Overpass API",
        "geometry_type": "LineString",
        "highway": "footway",
        "simplified": true,
        "simplification_tolerance_degrees": 1.5e-05
      }
    },
    {
      "type": "Feature",
      "geometry": {
        "type": "LineString",
        "coordinates": [
          [
            116.3134389,
            39.9890212
          ],
          [
            116.313456,
            39.9887047
          ],
          [
            116.312115,
            39.9886715
          ]
        ]
      },
      "properties": {
        "kind": "osm",
        "layer": "roads",
        "osm_type": "way",
        "osm_id": 1206332680,
        "name": "",
        "source": "OpenStreetMap via Overpass API",
        "geometry_type": "LineString",
        "highway": "footway",
        "simplified": true,
        "simplification_tolerance_degrees": 1.5e-05
      }
    },
    {
      "type": "Feature",
      "geometry": {
        "type": "LineString",
        "coordinates": [
          [
            116.3121731,
            39.9886729
          ],
          [
            116.3121604,
            39.9889747
          ]
        ]
      },
      "properties": {
        "kind": "osm",
        "layer": "roads",
        "osm_type": "way",
        "osm_id": 1206332681,
        "name": "",
        "source": "OpenStreetMap via Overpass API",
        "geometry_type": "LineString",
        "highway": "footway",
        "simplified": true,
        "simplification_tolerance_degrees": 1.5e-05
      }
    },
    {
      "type": "Feature",
      "geometry": {
        "type": "LineString",
        "coordinates": [
          [
            116.3121731,
            39.9886729
          ],
          [
            116.3122098,
            39.9881038
          ]
        ]
      },
      "properties": {
        "kind": "osm",
        "layer": "roads",
        "osm_type": "way",
        "osm_id": 1206332682,
        "name": "",
        "source": "OpenStreetMap via Overpass API",
        "geometry_type": "LineString",
        "highway": "footway",
        "simplified": true,
        "simplification_tolerance_degrees": 1.5e-05
      }
    },
    {
      "type": "Feature",
      "geometry": {
        "type": "LineString",
        "coordinates": [
          [
            116.3137404,
            39.9887111
          ],
          [
            116.313456,
            39.9887047
          ]
        ]
      },
      "properties": {
        "kind": "osm",
        "layer": "roads",
        "osm_type": "way",
        "osm_id": 1206332683,
        "name": "",
        "source": "OpenStreetMap via Overpass API",
        "geometry_type": "LineString",
        "highway": "footway",
        "simplified": true,
        "simplification_tolerance_degrees": 1.5e-05
      }
    },
    {
      "type": "Feature",
      "geometry": {
        "type": "LineString",
        "coordinates": [
          [
            116.3136729,
            39.9890283
          ],
          [
            116.3136923,
            39.9887096
          ]
        ]
      },
      "properties": {
        "kind": "osm",
        "layer": "roads",
        "osm_type": "way",
        "osm_id": 1206332684,
        "name": "",
        "source": "OpenStreetMap via Overpass API",
        "geometry_type": "LineString",
        "highway": "footway",
        "simplified": true,
        "simplification_tolerance_degrees": 1.5e-05
      }
    },
    {
      "type": "Feature",
      "geometry": {
        "type": "LineString",
        "coordinates": [
          [
            116.3137404,
            39.9887111
          ],
          [
            116.3145499,
            39.9887302
          ]
        ]
      },
      "properties": {
        "kind": "osm",
        "layer": "roads",
        "osm_type": "way",
        "osm_id": 1206332686,
        "name": "",
        "source": "OpenStreetMap via Overpass API",
        "geometry_type": "LineString",
        "highway": "footway",
        "simplified": true,
        "simplification_tolerance_degrees": 1.5e-05
      }
    },
    {
      "type": "Feature",
      "geometry": {
        "type": "LineString",
        "coordinates": [
          [
            116.3122068,
            39.9881511
          ],
          [
            116.3123177,
            39.9881845
          ],
          [
            116.3125737,
            39.9883539
          ],
          [
            116.3128184,
            39.9884203
          ],
          [
            116.3129484,
            39.9884252
          ],
          [
            116.3134216,
            39.9883651
          ],
          [
            116.3137096,
            39.9883777
          ],
          [
            116.3136923,
            39.9887096
          ]
        ]
      },
      "properties": {
        "kind": "osm",
        "layer": "roads",
        "osm_type": "way",
        "osm_id": 1206332687,
        "name": "",
        "source": "OpenStreetMap via Overpass API",
        "geometry_type": "LineString",
        "highway": "footway",
        "simplified": true,
        "simplification_tolerance_degrees": 1.5e-05
      }
    },
    {
      "type": "Feature",
      "geometry": {
        "type": "LineString",
        "coordinates": [
          [
            116.3137245,
            39.9889744
          ],
          [
            116.3145318,
            39.9889954
          ]
        ]
      },
      "properties": {
        "kind": "osm",
        "layer": "roads",
        "osm_type": "way",
        "osm_id": 1206332688,
        "name": "",
        "source": "OpenStreetMap via Overpass API",
        "geometry_type": "LineString",
        "highway": "footway",
        "simplified": true,
        "simplification_tolerance_degrees": 1.5e-05
      }
    },
    {
      "type": "Feature",
      "geometry": {
        "type": "LineString",
        "coordinates": [
          [
            116.3137736,
            39.9890313
          ],
          [
            116.3137885,
            39.9887122
          ]
        ]
      },
      "properties": {
        "kind": "osm",
        "layer": "roads",
        "osm_type": "way",
        "osm_id": 1206332689,
        "name": "",
        "source": "OpenStreetMap via Overpass API",
        "geometry_type": "LineString",
        "highway": "footway",
        "simplified": true,
        "simplification_tolerance_degrees": 1.5e-05
      }
    },
    {
      "type": "Feature",
      "geometry": {
        "type": "LineString",
        "coordinates": [
          [
            116.3144892,
            39.9890515
          ],
          [
            116.314507,
            39.9887292
          ]
        ]
      },
      "properties": {
        "kind": "osm",
        "layer": "roads",
        "osm_type": "way",
        "osm_id": 1206332690,
        "name": "",
        "source": "OpenStreetMap via Overpass API",
        "geometry_type": "LineString",
        "highway": "footway",
        "simplified": true,
        "simplification_tolerance_degrees": 1.5e-05
      }
    },
    {
      "type": "Feature",
      "geometry": {
        "type": "LineString",
        "coordinates": [
          [
            116.3111674,
            39.9887165
          ],
          [
            116.3111433,
            39.9889853
          ]
        ]
      },
      "properties": {
        "kind": "osm",
        "layer": "roads",
        "osm_type": "way",
        "osm_id": 1211158505,
        "name": "",
        "source": "OpenStreetMap via Overpass API",
        "geometry_type": "LineString",
        "highway": "residential",
        "simplified": true,
        "simplification_tolerance_degrees": 1.5e-05
      }
    },
    {
      "type": "Feature",
      "geometry": {
        "type": "LineString",
        "coordinates": [
          [
            116.3117514,
            39.9883432
          ],
          [
            116.3116791,
            39.9883433
          ]
        ]
      },
      "properties": {
        "kind": "osm",
        "layer": "roads",
        "osm_type": "way",
        "osm_id": 1216377971,
        "name": "",
        "source": "OpenStreetMap via Overpass API",
        "geometry_type": "LineString",
        "highway": "footway",
        "simplified": true,
        "simplification_tolerance_degrees": 1.5e-05
      }
    },
    {
      "type": "Feature",
      "geometry": {
        "type": "LineString",
        "coordinates": [
          [
            116.3113851,
            39.9883344
          ],
          [
            116.3112026,
            39.9883255
          ]
        ]
      },
      "properties": {
        "kind": "osm",
        "layer": "roads",
        "osm_type": "way",
        "osm_id": 1216377972,
        "name": "",
        "source": "OpenStreetMap via Overpass API",
        "geometry_type": "LineString",
        "highway": "footway",
        "simplified": true,
        "simplification_tolerance_degrees": 1.5e-05
      }
    },
    {
      "type": "Feature",
      "geometry": {
        "type": "LineString",
        "coordinates": [
          [
            116.3101118,
            39.9906584
          ],
          [
            116.3100076,
            39.9905456
          ],
          [
            116.3100392,
            39.989726
          ],
          [
            116.3100262,
            39.9895647
          ],
          [
            116.3101,
            39.9895793
          ],
          [
            116.310136,
            39.9890719
          ],
          [
            116.3100662,
            39.9890512
          ],
          [
            116.3100805,
            39.9889379
          ]
        ]
      },
      "properties": {
        "kind": "osm",
        "layer": "roads",
        "osm_type": "way",
        "osm_id": 1251476910,
        "name": "",
        "source": "OpenStreetMap via Overpass API",
        "geometry_type": "LineString",
        "highway": "footway",
        "footway": "sidewalk",
        "simplified": true,
        "simplification_tolerance_degrees": 1.5e-05
      }
    },
    {
      "type": "Feature",
      "geometry": {
        "type": "LineString",
        "coordinates": [
          [
            116.3100805,
            39.9889379
          ],
          [
            116.3102647,
            39.9864912
          ]
        ]
      },
      "properties": {
        "kind": "osm",
        "layer": "roads",
        "osm_type": "way",
        "osm_id": 1251476911,
        "name": "",
        "source": "OpenStreetMap via Overpass API",
        "geometry_type": "LineString",
        "highway": "footway",
        "footway": "sidewalk",
        "simplified": true,
        "simplification_tolerance_degrees": 1.5e-05
      }
    },
    {
      "type": "Feature",
      "geometry": {
        "type": "LineString",
        "coordinates": [
          [
            116.3107664,
            39.9889684
          ],
          [
            116.3107455,
            39.9892212
          ],
          [
            116.3111816,
            39.9892323
          ]
        ]
      },
      "properties": {
        "kind": "osm",
        "layer": "roads",
        "osm_type": "way",
        "osm_id": 1278390416,
        "name": "",
        "source": "OpenStreetMap via Overpass API",
        "geometry_type": "LineString",
        "highway": "service",
        "simplified": true,
        "simplification_tolerance_degrees": 1.5e-05
      }
    },
    {
      "type": "Feature",
      "geometry": {
        "type": "LineString",
        "coordinates": [
          [
            116.3107455,
            39.9892212
          ],
          [
            116.3107026,
            39.9896773
          ]
        ]
      },
      "properties": {
        "kind": "osm",
        "layer": "roads",
        "osm_type": "way",
        "osm_id": 1278390417,
        "name": "",
        "source": "OpenStreetMap via Overpass API",
        "geometry_type": "LineString",
        "highway": "service",
        "simplified": true,
        "simplification_tolerance_degrees": 1.5e-05
      }
    },
    {
      "type": "Feature",
      "geometry": {
        "type": "LineString",
        "coordinates": [
          [
            116.3157044,
            39.9942475
          ],
          [
            116.3158013,
            39.9932048
          ]
        ]
      },
      "properties": {
        "kind": "osm",
        "layer": "roads",
        "osm_type": "way",
        "osm_id": 1337988106,
        "name": "",
        "source": "OpenStreetMap via Overpass API",
        "geometry_type": "LineString",
        "highway": "residential",
        "simplified": true,
        "simplification_tolerance_degrees": 1.5e-05
      }
    },
    {
      "type": "Feature",
      "geometry": {
        "type": "LineString",
        "coordinates": [
          [
            116.308753,
            39.9984773
          ],
          [
            116.3085348,
            39.9984982
          ],
          [
            116.3070975,
            39.9984951
          ],
          [
            116.3051793,
            39.9983981
          ],
          [
            116.3045593,
            39.9983345
          ],
          [
            116.3038578,
            39.9982212
          ],
          [
            116.3034166,
            39.9981176
          ],
          [
            116.3030364,
            39.9979791
          ],
          [
            116.3026726,
            39.9978063
          ],
          [
            116.3023277,
            39.9975911
          ],
          [
            116.3013318,
            39.9965725
          ],
          [
            116.3011201,
            39.9964563
          ],
          [
            116.3009022,
            39.9963666
          ],
          [
            116.3006496,
            39.9963139
          ],
          [
            116.2985249,
            39.99616
          ],
          [
            116.2984109,
            39.9960953
          ],
          [
            116.2983774,
            39.9960164
          ]
        ]
      },
      "properties": {
        "kind": "osm",
        "layer": "roads",
        "osm_type": "way",
        "osm_id": 1340498777,
        "name": "",
        "source": "OpenStreetMap via Overpass API",
        "geometry_type": "LineString",
        "highway": "footway",
        "footway": "sidewalk",
        "simplified": true,
        "simplification_tolerance_degrees": 1.5e-05
      }
    },
    {
      "type": "Feature",
      "geometry": {
        "type": "LineString",
        "coordinates": [
          [
            116.3011648,
            39.9962975
          ],
          [
            116.3013377,
            39.9963932
          ],
          [
            116.3023718,
            39.9973628
          ],
          [
            116.3027189,
            39.9975778
          ],
          [
            116.3028975,
            39.9976619
          ],
          [
            116.3033083,
            39.9977929
          ],
          [
            116.305411,
            39.9982444
          ],
          [
            116.3055717,
            39.998262
          ],
          [
            116.307654,
            39.998348
          ],
          [
            116.3084323,
            39.9983285
          ],
          [
            116.3089783,
            39.9982637
          ]
        ]
      },
      "properties": {
        "kind": "osm",
        "layer": "roads",
        "osm_type": "way",
        "osm_id": 1340498779,
        "name": "海淀三山五园绿道",
        "source": "OpenStreetMap via Overpass API",
        "geometry_type": "LineString",
        "highway": "cycleway",
        "simplified": true,
        "simplification_tolerance_degrees": 1.5e-05
      }
    },
    {
      "type": "Feature",
      "geometry": {
        "type": "LineString",
        "coordinates": [
          [
            116.3011059,
            39.9962773
          ],
          [
            116.3011648,
            39.9962975
          ]
        ]
      },
      "properties": {
        "kind": "osm",
        "layer": "roads",
        "osm_type": "way",
        "osm_id": 1340498780,
        "name": "海淀三山五园绿道",
        "source": "OpenStreetMap via Overpass API",
        "geometry_type": "LineString",
        "highway": "cycleway",
        "simplified": true,
        "simplification_tolerance_degrees": 1.5e-05
      }
    },
    {
      "type": "Feature",
      "geometry": {
        "type": "LineString",
        "coordinates": [
          [
            116.3011201,
            39.9964563
          ],
          [
            116.3012337,
            39.9963324
          ]
        ]
      },
      "properties": {
        "kind": "osm",
        "layer": "roads",
        "osm_type": "way",
        "osm_id": 1340498786,
        "name": "",
        "source": "OpenStreetMap via Overpass API",
        "geometry_type": "LineString",
        "highway": "footway",
        "simplified": true,
        "simplification_tolerance_degrees": 1.5e-05
      }
    },
    {
      "type": "Feature",
      "geometry": {
        "type": "LineString",
        "coordinates": [
          [
            116.3168489,
            39.9935208
          ],
          [
            116.3167761,
            39.9935194
          ],
          [
            116.3166715,
            39.9934693
          ],
          [
            116.3162465,
            39.9934486
          ]
        ]
      },
      "properties": {
        "kind": "osm",
        "layer": "roads",
        "osm_type": "way",
        "osm_id": 1341538886,
        "name": "",
        "source": "OpenStreetMap via Overpass API",
        "geometry_type": "LineString",
        "highway": "footway",
        "simplified": true,
        "simplification_tolerance_degrees": 1.5e-05
      }
    },
    {
      "type": "Feature",
      "geometry": {
        "type": "LineString",
        "coordinates": [
          [
            116.3168296,
            39.9937088
          ],
          [
            116.3164414,
            39.9936906
          ],
          [
            116.3164034,
            39.9939547
          ],
          [
            116.3162261,
            39.9939647
          ]
        ]
      },
      "properties": {
        "kind": "osm",
        "layer": "roads",
        "osm_type": "way",
        "osm_id": 1341538887,
        "name": "",
        "source": "OpenStreetMap via Overpass API",
        "geometry_type": "LineString",
        "highway": "footway",
        "simplified": true,
        "simplification_tolerance_degrees": 1.5e-05
      }
    },
    {
      "type": "Feature",
      "geometry": {
        "type": "LineString",
        "coordinates": [
          [
            116.3170795,
            39.9939691
          ],
          [
            116.3165937,
            39.993984
          ],
          [
            116.3164424,
            39.993979
          ],
          [
            116.3164034,
            39.9939547
          ]
        ]
      },
      "properties": {
        "kind": "osm",
        "layer": "roads",
        "osm_type": "way",
        "osm_id": 1341538888,
        "name": "",
        "source": "OpenStreetMap via Overpass API",
        "geometry_type": "LineString",
        "highway": "footway",
        "simplified": true,
        "simplification_tolerance_degrees": 1.5e-05
      }
    },
    {
      "type": "Feature",
      "geometry": {
        "type": "LineString",
        "coordinates": [
          [
            116.3162569,
            39.9942853
          ],
          [
            116.3162706,
            39.9942434
          ],
          [
            116.3161972,
            39.9941631
          ],
          [
            116.3162261,
            39.9939647
          ]
        ]
      },
      "properties": {
        "kind": "osm",
        "layer": "roads",
        "osm_type": "way",
        "osm_id": 1341538890,
        "name": "",
        "source": "OpenStreetMap via Overpass API",
        "geometry_type": "LineString",
        "highway": "footway",
        "simplified": true,
        "simplification_tolerance_degrees": 1.5e-05
      }
    },
    {
      "type": "Feature",
      "geometry": {
        "type": "LineString",
        "coordinates": [
          [
            116.3162261,
            39.9939647
          ],
          [
            116.3158099,
            39.9939304
          ],
          [
            116.3158442,
            39.9935993
          ],
          [
            116.3162471,
            39.9936252
          ],
          [
            116.3164414,
            39.9936906
          ]
        ]
      },
      "properties": {
        "kind": "osm",
        "layer": "roads",
        "osm_type": "way",
        "osm_id": 1341538891,
        "name": "",
        "source": "OpenStreetMap via Overpass API",
        "geometry_type": "LineString",
        "highway": "footway",
        "simplified": true,
        "simplification_tolerance_degrees": 1.5e-05
      }
    },
    {
      "type": "Feature",
      "geometry": {
        "type": "LineString",
        "coordinates": [
          [
            116.3150736,
            39.9938349
          ],
          [
            116.3157393,
            39.9938723
          ]
        ]
      },
      "properties": {
        "kind": "osm",
        "layer": "roads",
        "osm_type": "way",
        "osm_id": 1344807552,
        "name": "",
        "source": "OpenStreetMap via Overpass API",
        "geometry_type": "LineString",
        "highway": "residential",
        "simplified": true,
        "simplification_tolerance_degrees": 1.5e-05
      }
    },
    {
      "type": "Feature",
      "geometry": {
        "type": "LineString",
        "coordinates": [
          [
            116.3151094,
            39.9934857
          ],
          [
            116.3157712,
            39.9935284
          ]
        ]
      },
      "properties": {
        "kind": "osm",
        "layer": "roads",
        "osm_type": "way",
        "osm_id": 1344807553,
        "name": "",
        "source": "OpenStreetMap via Overpass API",
        "geometry_type": "LineString",
        "highway": "residential",
        "simplified": true,
        "simplification_tolerance_degrees": 1.5e-05
      }
    },
    {
      "type": "Feature",
      "geometry": {
        "type": "LineString",
        "coordinates": [
          [
            116.3172945,
            39.9905109
          ],
          [
            116.316608,
            39.9904864
          ],
          [
            116.3165462,
            39.9905033
          ],
          [
            116.3165252,
            39.990527
          ],
          [
            116.3165053,
            39.9908821
          ],
          [
            116.3164259,
            39.990905
          ],
          [
            116.3164195,
            39.9910401
          ]
        ]
      },
      "properties": {
        "kind": "osm",
        "layer": "roads",
        "osm_type": "way",
        "osm_id": 1433305659,
        "name": "",
        "source": "OpenStreetMap via Overpass API",
        "geometry_type": "LineString",
        "highway": "residential",
        "simplified": true,
        "simplification_tolerance_degrees": 1.5e-05
      }
    },
    {
      "type": "Feature",
      "geometry": {
        "type": "LineString",
        "coordinates": [
          [
            116.3163325,
            39.9892674
          ],
          [
            116.3165911,
            39.9892791
          ],
          [
            116.3166759,
            39.9891374
          ],
          [
            116.3166968,
            39.9889638
          ],
          [
            116.3163728,
            39.9889435
          ],
          [
            116.3163325,
            39.9892674
          ]
        ]
      },
      "properties": {
        "kind": "osm",
        "layer": "roads",
        "osm_type": "way",
        "osm_id": 1433563366,
        "name": "",
        "source": "OpenStreetMap via Overpass API",
        "geometry_type": "LineString",
        "highway": "pedestrian",
        "simplified": true,
        "simplification_tolerance_degrees": 1.5e-05
      }
    }
  ]
}
