{
  "type": "FeatureCollection",
  "features": [
    {
      "type": "Feature",
      "geometry": {
        "type": "Polygon",
        "coordinates": [
          [
            [
              116.3086847,
              39.9869223
            ],
            [
              116.3086624,
              39.987286
            ],
            [
              116.3086333,
              39.9877594
            ],
            [
              116.3090181,
              39.9877733
            ],
            [
              116.309449,
              39.9877888
            ],
            [
              116.3095004,
              39.9869517
            ],
            [
              116.3086847,
              39.9869223
            ]
          ]
        ]
      },
      "properties": {
        "kind": "osm",
        "layer": "buildings",
        "osm_type": "way",
        "osm_id": 33457546,
        "name": "邱德拔体育馆",
        "source": "OpenStreetMap via Overpass API",
        "geometry_type": "Polygon",
        "building": "yes",
        "leisure": "sports_centre"
      }
    },
    {
      "type": "Feature",
      "geometry": {
        "type": "Polygon",
        "coordinates": [
          [
            [
              116.3061858,
              39.9919369
            ],
            [
              116.3061943,
              39.9918015
            ],
            [
              116.3069743,
              39.9918339
            ],
            [
              116.3069686,
              39.9919635
            ],
            [
              116.3065605,
              39.9919507
            ],
            [
              116.3065563,
              39.9920206
            ],
            [
              116.3063574,
              39.9920136
            ],
            [
              116.3063616,
              39.9919434
            ],
            [
              116.3061858,
              39.9919369
            ]
          ]
        ]
      },
      "properties": {
        "kind": "osm",
        "layer": "buildings",
        "osm_type": "way",
        "osm_id": 104345641,
        "name": "遥感楼",
        "source": "OpenStreetMap via Overpass API",
        "geometry_type": "Polygon",
        "building": "university"
      }
    },
    {
      "type": "Feature",
      "geometry": {
        "type": "Polygon",
        "coordinates": [
          [
            [
              116.30814,
              39.9950512
            ],
            [
              116.3083362,
              39.9945969
            ],
            [
              116.3084616,
              39.9946005
            ],
            [
              116.3084644,
              39.9945649
            ],
            [
              116.308441,
              39.994564
            ],
            [
              116.3086736,
              39.9940206
            ],
            [
              116.3082239,
              39.9938991
            ],
            [
              116.3083271,
              39.9938313
            ],
            [
              116.3088316,
              39.9939143
            ],
            [
              116.3087374,
              39.9950809
            ],
            [
              116.30814,
              39.9950512
            ]
          ]
        ]
      },
      "properties": {
        "kind": "osm",
        "layer": "buildings",
        "osm_type": "way",
        "osm_id": 163926083,
        "name": "政府管理学院（廖凯原楼）",
        "source": "OpenStreetMap via Overpass API",
        "geometry_type": "Polygon",
        "building": "yes"
      }
    },
    {
      "type": "Feature",
      "geometry": {
        "type": "Polygon",
        "coordinates": [
          [
            [
              116.3040621,
              39.9882529
            ],
            [
              116.304261,
              39.9882609
            ],
            [
              116.3042643,
              39.9882138
            ],
            [
              116.3044171,
              39.9882186
            ],
            [
              116.3044104,
              39.9883428
            ],
            [
              116.3046379,
              39.9885543
            ],
            [
              116.3047745,
              39.9886813
            ],
            [
              116.3049603,
              39.9886873
            ],
            [
              116.3049845,
              39.9886881
            ],
            [
              116.30497,
              39.9889162
            ],
            [
              116.3049573,
              39.9891165
            ],
            [
              116.3040054,
              39.989078
            ],
            [
              116.3040535,
              39.9883787
            ],
            [
              116.3040621,
              39.9882529
            ]
          ]
        ]
      },
      "properties": {
        "kind": "osm",
        "layer": "buildings",
        "osm_type": "way",
        "osm_id": 188711087,
        "name": "百周年纪念讲堂",
        "source": "OpenStreetMap via Overpass API",
        "geometry_type": "Polygon",
        "building": "public"
      }
    },
    {
      "type": "Feature",
      "geometry": {
        "type": "Polygon",
        "coordinates": [
          [
            [
              116.300605,
              39.9873148
            ],
            [
              116.3006066,
              39.9872043
            ],
            [
              116.3007306,
              39.9872053
            ],
            [
              116.3007356,
              39.9868518
            ],
            [
              116.3009944,
              39.9868539
            ],
            [
              116.3009914,
              39.9870623
            ],
            [
              116.3009895,
              39.9871978
            ],
            [
              116.3007436,
              39.9871958
            ],
            [
              116.3007419,
              39.987316
            ],
            [
              116.300605,
              39.9873148
            ]
          ]
        ]
      },
      "properties": {
        "kind": "osm",
        "layer": "buildings",
        "osm_type": "way",
        "osm_id": 188712163,
        "name": "艺园餐厅",
        "source": "OpenStreetMap via Overpass API",
        "geometry_type": "Polygon",
        "building": "yes",
        "amenity": "restaurant"
      }
    },
    {
      "type": "Feature",
      "geometry": {
        "type": "Polygon",
        "coordinates": [
          [
            [
              116.3127975,
              39.9971954
            ],
            [
              116.3128379,
              39.9968233
            ],
            [
              116.3133016,
              39.9968529
            ],
            [
              116.3132612,
              39.997225
            ],
            [
              116.3127975,
              39.9971954
            ]
          ]
        ]
      },
      "properties": {
        "kind": "osm",
        "layer": "buildings",
        "osm_type": "way",
        "osm_id": 226625472,
        "name": "寓园教工食堂",
        "source": "OpenStreetMap via Overpass API",
        "geometry_type": "Polygon",
        "building": "yes",
        "amenity": "restaurant"
      }
    },
    {
      "type": "Feature",
      "geometry": {
        "type": "Polygon",
        "coordinates": [
          [
            [
              116.31085,
              39.9969801
            ],
            [
              116.3108399,
              39.9970887
            ],
            [
              116.3102459,
              39.9970564
            ],
            [
              116.310256,
              39.9969478
            ],
            [
              116.31085,
              39.9969801
            ]
          ]
        ]
      },
      "properties": {
        "kind": "osm",
        "layer": "buildings",
        "osm_type": "way",
        "osm_id": 226668635,
        "name": "西44楼",
        "source": "OpenStreetMap via Overpass API",
        "geometry_type": "Polygon",
        "building": "residential"
      }
    },
    {
      "type": "Feature",
      "geometry": {
        "type": "Polygon",
        "coordinates": [
          [
            [
              116.3116927,
              39.9969436
            ],
            [
              116.3116857,
              39.9970369
            ],
            [
              116.3110136,
              39.9970071
            ],
            [
              116.3110207,
              39.9969138
            ],
            [
              116.3116927,
              39.9969436
            ]
          ]
        ]
      },
      "properties": {
        "kind": "osm",
        "layer": "buildings",
        "osm_type": "way",
        "osm_id": 226668637,
        "name": "19公寓",
        "source": "OpenStreetMap via Overpass API",
        "geometry_type": "Polygon",
        "building": "residential"
      }
    },
    {
      "type": "Feature",
      "geometry": {
        "type": "Polygon",
        "coordinates": [
          [
            [
              116.3125128,
              39.9970667
            ],
            [
              116.3125192,
              39.9969813
            ],
            [
              116.3118467,
              39.9969516
            ],
            [
              116.3118403,
              39.9970369
            ],
            [
              116.3125128,
              39.9970667
            ]
          ]
        ]
      },
      "properties": {
        "kind": "osm",
        "layer": "buildings",
        "osm_type": "way",
        "osm_id": 226668642,
        "name": "西8楼",
        "source": "OpenStreetMap via Overpass API",
        "geometry_type": "Polygon",
        "building": "residential"
      }
    },
    {
      "type": "Feature",
      "geometry": {
        "type": "Polygon",
        "coordinates": [
          [
            [
              116.3110822,
              39.9966244
            ],
            [
              116.3110715,
              39.9967486
            ],
            [
              116.3103983,
              39.9967144
            ],
            [
              116.3104091,
              39.9965901
            ],
            [
              116.3110822,
              39.9966244
            ]
          ]
        ]
      },
      "properties": {
        "kind": "osm",
        "layer": "buildings",
        "osm_type": "way",
        "osm_id": 226668643,
        "name": "",
        "source": "OpenStreetMap via Overpass API",
        "geometry_type": "Polygon",
        "building": "yes"
      }
    },
    {
      "type": "Feature",
      "geometry": {
        "type": "Polygon",
        "coordinates": [
          [
            [
              116.3128656,
              39.9966299
            ],
            [
              116.3128549,
              39.9967541
            ],
            [
              116.3121817,
              39.99672
            ],
            [
              116.3121924,
              39.9965956
            ],
            [
              116.3128656,
              39.9966299
            ]
          ]
        ]
      },
      "properties": {
        "kind": "osm",
        "layer": "buildings",
        "osm_type": "way",
        "osm_id": 226668652,
        "name": "",
        "source": "OpenStreetMap via Overpass API",
        "geometry_type": "Polygon",
        "building": "yes"
      }
    },
    {
      "type": "Feature",
      "geometry": {
        "type": "Polygon",
        "coordinates": [
          [
            [
              116.3129041,
              39.9963644
            ],
            [
              116.3128934,
              39.9964886
            ],
            [
              116.3122202,
              39.9964545
            ],
            [
              116.3122309,
              39.9963301
            ],
            [
              116.3129041,
              39.9963644
            ]
          ]
        ]
      },
      "properties": {
        "kind": "osm",
        "layer": "buildings",
        "osm_type": "way",
        "osm_id": 226668653,
        "name": "",
        "source": "OpenStreetMap via Overpass API",
        "geometry_type": "Polygon",
        "building": "yes"
      }
    },
    {
      "type": "Feature",
      "geometry": {
        "type": "Polygon",
        "coordinates": [
          [
            [
              116.3118861,
              39.9965766
            ],
            [
              116.3118757,
              39.9967008
            ],
            [
              116.3111326,
              39.9966645
            ],
            [
              116.311143,
              39.9965402
            ],
            [
              116.3112458,
              39.9965452
            ],
            [
              116.3118861,
              39.9965766
            ]
          ]
        ]
      },
      "properties": {
        "kind": "osm",
        "layer": "buildings",
        "osm_type": "way",
        "osm_id": 226668654,
        "name": "",
        "source": "OpenStreetMap via Overpass API",
        "geometry_type": "Polygon",
        "building": "yes"
      }
    },
    {
      "type": "Feature",
      "geometry": {
        "type": "Polygon",
        "coordinates": [
          [
            [
              116.3144622,
              39.9962
            ],
            [
              116.3144548,
              39.9963322
            ],
            [
              116.3137915,
              39.9963103
            ],
            [
              116.3137989,
              39.9961781
            ],
            [
              116.3144622,
              39.9962
            ]
          ]
        ]
      },
      "properties": {
        "kind": "osm",
        "layer": "buildings",
        "osm_type": "way",
        "osm_id": 226668695,
        "name": "8公寓",
        "source": "OpenStreetMap via Overpass API",
        "geometry_type": "Polygon",
        "building": "residential"
      }
    },
    {
      "type": "Feature",
      "geometry": {
        "type": "Polygon",
        "coordinates": [
          [
            [
              116.3144135,
              39.9968664
            ],
            [
              116.3144031,
              39.997009
            ],
            [
              116.3137331,
              39.9969801
            ],
            [
              116.3137436,
              39.9968376
            ],
            [
              116.3144135,
              39.9968664
            ]
          ]
        ]
      },
      "properties": {
        "kind": "osm",
        "layer": "buildings",
        "osm_type": "way",
        "osm_id": 226668696,
        "name": "4公寓",
        "source": "OpenStreetMap via Overpass API",
        "geometry_type": "Polygon",
        "building": "residential"
      }
    },
    {
      "type": "Feature",
      "geometry": {
        "type": "Polygon",
        "coordinates": [
          [
            [
              116.3157589,
              39.9962704
            ],
            [
              116.315749,
              39.9964077
            ],
            [
              116.315079,
              39.9963793
            ],
            [
              116.3150889,
              39.9962421
            ],
            [
              116.3157589,
              39.9962704
            ]
          ]
        ]
      },
      "properties": {
        "kind": "osm",
        "layer": "buildings",
        "osm_type": "way",
        "osm_id": 226668697,
        "name": "7公寓",
        "source": "OpenStreetMap via Overpass API",
        "geometry_type": "Polygon",
        "building": "residential"
      }
    },
    {
      "type": "Feature",
      "geometry": {
        "type": "Polygon",
        "coordinates": [
          [
            [
              116.3157183,
              39.9969274
            ],
            [
              116.3157069,
              39.9970801
            ],
            [
              116.3150356,
              39.9970508
            ],
            [
              116.3150469,
              39.9968981
            ],
            [
              116.3157183,
              39.9969274
            ]
          ]
        ]
      },
      "properties": {
        "kind": "osm",
        "layer": "buildings",
        "osm_type": "way",
        "osm_id": 226668698,
        "name": "3公寓",
        "source": "OpenStreetMap via Overpass API",
        "geometry_type": "Polygon",
        "building": "residential"
      }
    },
    {
      "type": "Feature",
      "geometry": {
        "type": "Polygon",
        "coordinates": [
          [
            [
              116.315732,
              39.9965982
            ],
            [
              116.3157207,
              39.9967501
            ],
            [
              116.3150736,
              39.9967218
            ],
            [
              116.3150849,
              39.99657
            ],
            [
              116.315732,
              39.9965982
            ]
          ]
        ]
      },
      "properties": {
        "kind": "osm",
        "layer": "buildings",
        "osm_type": "way",
        "osm_id": 226668699,
        "name": "5公寓",
        "source": "OpenStreetMap via Overpass API",
        "geometry_type": "Polygon",
        "building": "residential"
      }
    },
    {
      "type": "Feature",
      "geometry": {
        "type": "Polygon",
        "coordinates": [
          [
            [
              116.3144358,
              39.9965323
            ],
            [
              116.3144265,
              39.9966799
            ],
            [
              116.3137591,
              39.9966552
            ],
            [
              116.3137684,
              39.9965076
            ],
            [
              116.3144358,
              39.9965323
            ]
          ]
        ]
      },
      "properties": {
        "kind": "osm",
        "layer": "buildings",
        "osm_type": "way",
        "osm_id": 226668700,
        "name": "6公寓",
        "source": "OpenStreetMap via Overpass API",
        "geometry_type": "Polygon",
        "building": "residential"
      }
    },
    {
      "type": "Feature",
      "geometry": {
        "type": "Polygon",
        "coordinates": [
          [
            [
              116.3157965,
              39.9957643
            ],
            [
              116.3158049,
              39.9956663
            ],
            [
              116.3150528,
              39.9956283
            ],
            [
              116.3150444,
              39.9957263
            ],
            [
              116.3157965,
              39.9957643
            ]
          ]
        ]
      },
      "properties": {
        "kind": "osm",
        "layer": "buildings",
        "osm_type": "way",
        "osm_id": 226668703,
        "name": "西南19",
        "source": "OpenStreetMap via Overpass API",
        "geometry_type": "Polygon",
        "building": "residential"
      }
    },
    {
      "type": "Feature",
      "geometry": {
        "type": "Polygon",
        "coordinates": [
          [
            [
              116.3158418,
              39.9950247
            ],
            [
              116.3158327,
              39.9951387
            ],
            [
              116.3150631,
              39.995103
            ],
            [
              116.3150721,
              39.994989
            ],
            [
              116.3158418,
              39.9950247
            ]
          ]
        ]
      },
      "properties": {
        "kind": "osm",
        "layer": "buildings",
        "osm_type": "way",
        "osm_id": 226668704,
        "name": "西南17",
        "source": "OpenStreetMap via Overpass API",
        "geometry_type": "Polygon",
        "building": "residential"
      }
    },
    {
      "type": "Feature",
      "geometry": {
        "type": "Polygon",
        "coordinates": [
          [
            [
              116.3158276,
              39.9953538
            ],
            [
              116.3158191,
              39.9954551
            ],
            [
              116.3150347,
              39.9954164
            ],
            [
              116.3150432,
              39.9953151
            ],
            [
              116.3158276,
              39.9953538
            ]
          ]
        ]
      },
      "properties": {
        "kind": "osm",
        "layer": "buildings",
        "osm_type": "way",
        "osm_id": 226668705,
        "name": "西南18",
        "source": "OpenStreetMap via Overpass API",
        "geometry_type": "Polygon",
        "building": "residential"
      }
    },
    {
      "type": "Feature",
      "geometry": {
        "type": "Polygon",
        "coordinates": [
          [
            [
              116.3148362,
              39.9950109
            ],
            [
              116.3148264,
              39.9950952
            ],
            [
              116.3144141,
              39.995067
            ],
            [
              116.3144239,
              39.9949827
            ],
            [
              116.3148362,
              39.9950109
            ]
          ]
        ]
      },
      "properties": {
        "kind": "osm",
        "layer": "buildings",
        "osm_type": "way",
        "osm_id": 226668706,
        "name": "11公寓",
        "source": "OpenStreetMap via Overpass API",
        "geometry_type": "Polygon",
        "building": "residential"
      }
    },
    {
      "type": "Feature",
      "geometry": {
        "type": "Polygon",
        "coordinates": [
          [
            [
              116.3158557,
              39.9946987
            ],
            [
              116.3158473,
              39.994806
            ],
            [
              116.3151128,
              39.9947722
            ],
            [
              116.3151212,
              39.9946649
            ],
            [
              116.3158557,
              39.9946987
            ]
          ]
        ]
      },
      "properties": {
        "kind": "osm",
        "layer": "buildings",
        "osm_type": "way",
        "osm_id": 226668707,
        "name": "西南16",
        "source": "OpenStreetMap via Overpass API",
        "geometry_type": "Polygon",
        "building": "residential"
      }
    },
    {
      "type": "Feature",
      "geometry": {
        "type": "Polygon",
        "coordinates": [
          [
            [
              116.3148434,
              39.9947715
            ],
            [
              116.3148347,
              39.9948563
            ],
            [
              116.3144389,
              39.9948324
            ],
            [
              116.3144476,
              39.9947476
            ],
            [
              116.3148434,
              39.9947715
            ]
          ]
        ]
      },
      "properties": {
        "kind": "osm",
        "layer": "buildings",
        "osm_type": "way",
        "osm_id": 226668708,
        "name": "12公寓",
        "source": "OpenStreetMap via Overpass API",
        "geometry_type": "Polygon",
        "building": "residential"
      }
    },
    {
      "type": "Feature",
      "geometry": {
        "type": "Polygon",
        "coordinates": [
          [
            [
              116.314794,
              39.9952596
            ],
            [
              116.3147843,
              39.9953418
            ],
            [
              116.314392,
              39.9953146
            ],
            [
              116.3144017,
              39.9952325
            ],
            [
              116.314794,
              39.9952596
            ]
          ]
        ]
      },
      "properties": {
        "kind": "osm",
        "layer": "buildings",
        "osm_type": "way",
        "osm_id": 226668709,
        "name": "10公寓",
        "source": "OpenStreetMap via Overpass API",
        "geometry_type": "Polygon",
        "building": "residential"
      }
    },
    {
      "type": "Feature",
      "geometry": {
        "type": "Polygon",
        "coordinates": [
          [
            [
              116.3159164,
              39.994372
            ],
            [
              116.3159072,
              39.9944747
            ],
            [
              116.3151525,
              39.9944351
            ],
            [
              116.3151617,
              39.9943323
            ],
            [
              116.3159164,
              39.994372
            ]
          ]
        ]
      },
      "properties": {
        "kind": "osm",
        "layer": "buildings",
        "osm_type": "way",
        "osm_id": 226668710,
        "name": "西南15",
        "source": "OpenStreetMap via Overpass API",
        "geometry_type": "Polygon",
        "building": "residential"
      }
    },
    {
      "type": "Feature",
      "geometry": {
        "type": "Polygon",
        "coordinates": [
          [
            [
              116.3158101,
              39.9959725
            ],
            [
              116.3158022,
              39.9960816
            ],
            [
              116.3152248,
              39.9960569
            ],
            [
              116.3152328,
              39.9959477
            ],
            [
              116.3158101,
              39.9959725
            ]
          ]
        ]
      },
      "properties": {
        "kind": "osm",
        "layer": "buildings",
        "osm_type": "way",
        "osm_id": 226668711,
        "name": "西南20",
        "source": "OpenStreetMap via Overpass API",
        "geometry_type": "Polygon",
        "building": "residential"
      }
    },
    {
      "type": "Feature",
      "geometry": {
        "type": "Polygon",
        "coordinates": [
          [
            [
              116.3151175,
              39.9925105
            ],
            [
              116.3151092,
              39.9926228
            ],
            [
              116.3147975,
              39.9926092
            ],
            [
              116.3148058,
              39.9924969
            ],
            [
              116.3151175,
              39.9925105
            ]
          ]
        ]
      },
      "properties": {
        "kind": "osm",
        "layer": "buildings",
        "osm_type": "way",
        "osm_id": 226669348,
        "name": "西南3",
        "source": "OpenStreetMap via Overpass API",
        "geometry_type": "Polygon",
        "building": "residential"
      }
    },
    {
      "type": "Feature",
      "geometry": {
        "type": "Polygon",
        "coordinates": [
          [
            [
              116.3150096,
              39.9931436
            ],
            [
              116.3150013,
              39.9932558
            ],
            [
              116.3146895,
              39.9932423
            ],
            [
              116.3146978,
              39.99313
            ],
            [
              116.3150096,
              39.9931436
            ]
          ]
        ]
      },
      "properties": {
        "kind": "osm",
        "layer": "buildings",
        "osm_type": "way",
        "osm_id": 226669349,
        "name": "西南5",
        "source": "OpenStreetMap via Overpass API",
        "geometry_type": "Polygon",
        "building": "residential"
      }
    },
    {
      "type": "Feature",
      "geometry": {
        "type": "Polygon",
        "coordinates": [
          [
            [
              116.3149638,
              39.9934616
            ],
            [
              116.3149555,
              39.9935739
            ],
            [
              116.3146437,
              39.9935602
            ],
            [
              116.314652,
              39.993448
            ],
            [
              116.3149638,
              39.9934616
            ]
          ]
        ]
      },
      "properties": {
        "kind": "osm",
        "layer": "buildings",
        "osm_type": "way",
        "osm_id": 226669350,
        "name": "西南6",
        "source": "OpenStreetMap via Overpass API",
        "geometry_type": "Polygon",
        "building": "residential"
      }
    },
    {
      "type": "Feature",
      "geometry": {
        "type": "Polygon",
        "coordinates": [
          [
            [
              116.3150561,
              39.9928203
            ],
            [
              116.3150477,
              39.9929326
            ],
            [
              116.3147359,
              39.992919
            ],
            [
              116.3147443,
              39.9928067
            ],
            [
              116.3150561,
              39.9928203
            ]
          ]
        ]
      },
      "properties": {
        "kind": "osm",
        "layer": "buildings",
        "osm_type": "way",
        "osm_id": 226669351,
        "name": "西南4",
        "source": "OpenStreetMap via Overpass API",
        "geometry_type": "Polygon",
        "building": "residential"
      }
    },
    {
      "type": "Feature",
      "geometry": {
        "type": "Polygon",
        "coordinates": [
          [
            [
              116.3162958,
              39.9927121
            ],
            [
              116.3162788,
              39.9928259
            ],
            [
              116.3153367,
              39.9927732
            ],
            [
              116.3153502,
              39.9926458
            ],
            [
              116.3162958,
              39.9927121
            ]
          ]
        ]
      },
      "properties": {
        "kind": "osm",
        "layer": "buildings",
        "osm_type": "way",
        "osm_id": 226669354,
        "name": "西南7",
        "source": "OpenStreetMap via Overpass API",
        "geometry_type": "Polygon",
        "building": "residential"
      }
    },
    {
      "type": "Feature",
      "geometry": {
        "type": "Polygon",
        "coordinates": [
          [
            [
              116.3157479,
              39.993371
            ],
            [
              116.315742,
              39.9934678
            ],
            [
              116.3152775,
              39.9934511
            ],
            [
              116.3152834,
              39.9933544
            ],
            [
              116.3157479,
              39.993371
            ]
          ]
        ]
      },
      "properties": {
        "kind": "osm",
        "layer": "buildings",
        "osm_type": "way",
        "osm_id": 226669356,
        "name": "西南9",
        "source": "OpenStreetMap via Overpass API",
        "geometry_type": "Polygon",
        "building": "residential"
      }
    },
    {
      "type": "Feature",
      "geometry": {
        "type": "Polygon",
        "coordinates": [
          [
            [
              116.317373,
              39.9927825
            ],
            [
              116.3173618,
              39.9928908
            ],
            [
              116.3164237,
              39.9928338
            ],
            [
              116.3164349,
              39.9927254
            ],
            [
              116.317373,
              39.9927825
            ]
          ]
        ]
      },
      "properties": {
        "kind": "osm",
        "layer": "buildings",
        "osm_type": "way",
        "osm_id": 226669358,
        "name": "西南13",
        "source": "OpenStreetMap via Overpass API",
        "geometry_type": "Polygon",
        "building": "residential"
      }
    },
    {
      "type": "Feature",
      "geometry": {
        "type": "Polygon",
        "coordinates": [
          [
            [
              116.3157175,
              39.9936861
            ],
            [
              116.3157083,
              39.9937954
            ],
            [
              116.3152385,
              39.9937724
            ],
            [
              116.3152476,
              39.9936631
            ],
            [
              116.3157175,
              39.9936861
            ]
          ]
        ]
      },
      "properties": {
        "kind": "osm",
        "layer": "buildings",
        "osm_type": "way",
        "osm_id": 226669359,
        "name": "西南10",
        "source": "OpenStreetMap via Overpass API",
        "geometry_type": "Polygon",
        "building": "residential"
      }
    },
    {
      "type": "Feature",
      "geometry": {
        "type": "Polygon",
        "coordinates": [
          [
            [
              116.3157148,
              39.9940274
            ],
            [
              116.3157023,
              39.9941363
            ],
            [
              116.3152015,
              39.9941026
            ],
            [
              116.315214,
              39.9939937
            ],
            [
              116.3157148,
              39.9940274
            ]
          ]
        ]
      },
      "properties": {
        "kind": "osm",
        "layer": "buildings",
        "osm_type": "way",
        "osm_id": 226669361,
        "name": "西南11",
        "source": "OpenStreetMap via Overpass API",
        "geometry_type": "Polygon",
        "building": "residential"
      }
    },
    {
      "type": "Feature",
      "geometry": {
        "type": "Polygon",
        "coordinates": [
          [
            [
              116.3173492,
              39.9931029
            ],
            [
              116.3173322,
              39.9932167
            ],
            [
              116.3163901,
              39.9931641
            ],
            [
              116.3164036,
              39.9930366
            ],
            [
              116.3173492,
              39.9931029
            ]
          ]
        ]
      },
      "properties": {
        "kind": "osm",
        "layer": "buildings",
        "osm_type": "way",
        "osm_id": 226669362,
        "name": "西南14",
        "source": "OpenStreetMap via Overpass API",
        "geometry_type": "Polygon",
        "building": "residential"
      }
    },
    {
      "type": "Feature",
      "geometry": {
        "type": "Polygon",
        "coordinates": [
          [
            [
              116.3162801,
              39.9930401
            ],
            [
              116.3162631,
              39.9931539
            ],
            [
              116.315321,
              39.9931013
            ],
            [
              116.3153345,
              39.9929738
            ],
            [
              116.3162801,
              39.9930401
            ]
          ]
        ]
      },
      "properties": {
        "kind": "osm",
        "layer": "buildings",
        "osm_type": "way",
        "osm_id": 226669363,
        "name": "西南8",
        "source": "OpenStreetMap via Overpass API",
        "geometry_type": "Polygon",
        "building": "residential"
      }
    },
    {
      "type": "Feature",
      "geometry": {
        "type": "Polygon",
        "coordinates": [
          [
            [
              116.3039768,
              39.9916165
            ],
            [
              116.3039912,
              39.9914438
            ],
            [
              116.304341,
              39.9914609
            ],
            [
              116.3046992,
              39.9914784
            ],
            [
              116.3046936,
              39.9915619
            ],
            [
              116.3046849,
              39.991651
            ],
            [
              116.3039768,
              39.9916165
            ]
          ]
        ]
      },
      "properties": {
        "kind": "osm",
        "layer": "buildings",
        "osm_type": "way",
        "osm_id": 226702307,
        "name": "第一教学楼",
        "source": "OpenStreetMap via Overpass API",
        "geometry_type": "Polygon",
        "building": "university"
      }
    },
    {
      "type": "Feature",
      "geometry": {
        "type": "Polygon",
        "coordinates": [
          [
            [
              116.3018112,
              39.9895903
            ],
            [
              116.3018147,
              39.989358
            ],
            [
              116.3024039,
              39.9893633
            ],
            [
              116.3024004,
              39.9895955
            ],
            [
              116.3018112,
              39.9895903
            ]
          ]
        ]
      },
      "properties": {
        "kind": "osm",
        "layer": "buildings",
        "osm_type": "way",
        "osm_id": 226703041,
        "name": "第二体育馆",
        "source": "OpenStreetMap via Overpass API",
        "geometry_type": "Polygon",
        "building": "university"
      }
    },
    {
      "type": "Feature",
      "geometry": {
        "type": "Polygon",
        "coordinates": [
          [
            [
              116.3002973,
              39.9927555
            ],
            [
              116.3002987,
              39.9924372
            ],
            [
              116.3005221,
              39.9924378
            ],
            [
              116.3005208,
              39.9927561
            ],
            [
              116.3002973,
              39.9927555
            ]
          ]
        ]
      },
      "properties": {
        "kind": "osm",
        "layer": "buildings",
        "osm_type": "way",
        "osm_id": 226704412,
        "name": "档案馆",
        "source": "OpenStreetMap via Overpass API",
        "geometry_type": "Polygon",
        "building": "public"
      }
    },
    {
      "type": "Feature",
      "geometry": {
        "type": "Polygon",
        "coordinates": [
          [
            [
              116.3113638,
              39.9886543
            ],
            [
              116.3113851,
              39.9883344
            ],
            [
              116.3114048,
              39.9880373
            ],
            [
              116.3117016,
              39.9880503
            ],
            [
              116.3116791,
              39.9883433
            ],
            [
              116.3116543,
              39.9886664
            ],
            [
              116.3113638,
              39.9886543
            ]
          ]
        ]
      },
      "properties": {
        "kind": "osm",
        "layer": "buildings",
        "osm_type": "way",
        "osm_id": 233328966,
        "name": "",
        "source": "OpenStreetMap via Overpass API",
        "geometry_type": "Polygon",
        "building": "apartments"
      }
    },
    {
      "type": "Feature",
      "geometry": {
        "type": "Polygon",
        "coordinates": [
          [
            [
              116.3126291,
              39.9902863
            ],
            [
              116.3126364,
              39.9901823
            ],
            [
              116.3134554,
              39.9902158
            ],
            [
              116.3134482,
              39.9903198
            ],
            [
              116.3126291,
              39.9902863
            ]
          ]
        ]
      },
      "properties": {
        "kind": "osm",
        "layer": "buildings",
        "osm_type": "way",
        "osm_id": 233328967,
        "name": "42",
        "source": "OpenStreetMap via Overpass API",
        "geometry_type": "Polygon",
        "building": "dormitory"
      }
    },
    {
      "type": "Feature",
      "geometry": {
        "type": "Polygon",
        "coordinates": [
          [
            [
              116.3135981,
              39.9896557
            ],
            [
              116.3136064,
              39.9895475
            ],
            [
              116.3144167,
              39.9895843
            ],
            [
              116.3144084,
              39.9896924
            ],
            [
              116.3135981,
              39.9896557
            ]
          ]
        ]
      },
      "properties": {
        "kind": "osm",
        "layer": "buildings",
        "osm_type": "way",
        "osm_id": 233328968,
        "name": "48",
        "source": "OpenStreetMap via Overpass API",
        "geometry_type": "Polygon",
        "building": "dormitory"
      }
    },
    {
      "type": "Feature",
      "geometry": {
        "type": "Polygon",
        "coordinates": [
          [
            [
              116.3126809,
              39.9892983
            ],
            [
              116.3126869,
              39.9892051
            ],
            [
              116.3134902,
              39.9892354
            ],
            [
              116.3134842,
              39.9893286
            ],
            [
              116.3126809,
              39.9892983
            ]
          ]
        ]
      },
      "properties": {
        "kind": "osm",
        "layer": "buildings",
        "osm_type": "way",
        "osm_id": 233328969,
        "name": "45",
        "source": "OpenStreetMap via Overpass API",
        "geometry_type": "Polygon",
        "building": "dormitory"
      }
    },
    {
      "type": "Feature",
      "geometry": {
        "type": "Polygon",
        "coordinates": [
          [
            [
              116.3112606,
              39.9880306
            ],
            [
              116.3112786,
              39.9878197
            ],
            [
              116.3120838,
              39.9878547
            ],
            [
              116.3120716,
              39.9879973
            ],
            [
              116.3120659,
              39.9880648
            ],
            [
              116.3117016,
              39.9880503
            ],
            [
              116.3114048,
              39.9880373
            ],
            [
              116.3112606,
              39.9880306
            ]
          ]
        ]
      },
      "properties": {
        "kind": "osm",
        "layer": "buildings",
        "osm_type": "way",
        "osm_id": 233328970,
        "name": "",
        "source": "OpenStreetMap via Overpass API",
        "geometry_type": "Polygon",
        "building": "apartments"
      }
    },
    {
      "type": "Feature",
      "geometry": {
        "type": "Polygon",
        "coordinates": [
          [
            [
              116.3136164,
              39.9893464
            ],
            [
              116.313622,
              39.9892416
            ],
            [
              116.3144334,
              39.9892671
            ],
            [
              116.3144278,
              39.9893719
            ],
            [
              116.3136164,
              39.9893464
            ]
          ]
        ]
      },
      "properties": {
        "kind": "osm",
        "layer": "buildings",
        "osm_type": "way",
        "osm_id": 233328971,
        "name": "49",
        "source": "OpenStreetMap via Overpass API",
        "geometry_type": "Polygon",
        "building": "dormitory"
      }
    },
    {
      "type": "Feature",
      "geometry": {
        "type": "Polygon",
        "coordinates": [
          [
            [
              116.3135718,
              39.9903298
            ],
            [
              116.3135758,
              39.9902353
            ],
            [
              116.3142342,
              39.9902517
            ],
            [
              116.3142302,
              39.9903463
            ],
            [
              116.3135718,
              39.9903298
            ]
          ]
        ]
      },
      "properties": {
        "kind": "osm",
        "layer": "buildings",
        "osm_type": "way",
        "osm_id": 233328972,
        "name": "46",
        "source": "OpenStreetMap via Overpass API",
        "geometry_type": "Polygon",
        "building": "dormitory"
      }
    },
    {
      "type": "Feature",
      "geometry": {
        "type": "Polygon",
        "coordinates": [
          [
            [
              116.3126683,
              39.9896208
            ],
            [
              116.3126766,
              39.9895222
            ],
            [
              116.31348,
              39.9895621
            ],
            [
              116.3134717,
              39.9896606
            ],
            [
              116.3126683,
              39.9896208
            ]
          ]
        ]
      },
      "properties": {
        "kind": "osm",
        "layer": "buildings",
        "osm_type": "way",
        "osm_id": 233328973,
        "name": "44",
        "source": "OpenStreetMap via Overpass API",
        "geometry_type": "Polygon",
        "building": "dormitory"
      }
    },
    {
      "type": "Feature",
      "geometry": {
        "type": "Polygon",
        "coordinates": [
          [
            [
              116.3135903,
              39.9900085
            ],
            [
              116.3135979,
              39.9898955
            ],
            [
              116.314412,
              39.9899277
            ],
            [
              116.3144044,
              39.9900407
            ],
            [
              116.3135903,
              39.9900085
            ]
          ]
        ]
      },
      "properties": {
        "kind": "osm",
        "layer": "buildings",
        "osm_type": "way",
        "osm_id": 233328974,
        "name": "47",
        "source": "OpenStreetMap via Overpass API",
        "geometry_type": "Polygon",
        "building": "dormitory"
      }
    },
    {
      "type": "Feature",
      "geometry": {
        "type": "Polygon",
        "coordinates": [
          [
            [
              116.312601,
              39.9906166
            ],
            [
              116.3126066,
              39.9905137
            ],
            [
              116.3134272,
              39.9905402
            ],
            [
              116.3134216,
              39.9906431
            ],
            [
              116.312601,
              39.9906166
            ]
          ]
        ]
      },
      "properties": {
        "kind": "osm",
        "layer": "buildings",
        "osm_type": "way",
        "osm_id": 233328975,
        "name": "41",
        "source": "OpenStreetMap via Overpass API",
        "geometry_type": "Polygon",
        "building": "dormitory"
      }
    },
    {
      "type": "Feature",
      "geometry": {
        "type": "Polygon",
        "coordinates": [
          [
            [
              116.3122553,
              39.9879322
            ],
            [
              116.3125275,
              39.9879421
            ],
            [
              116.3130195,
              39.9879651
            ],
            [
              116.313002,
              39.9883369
            ],
            [
              116.3128525,
              39.9883329
            ],
            [
              116.3127409,
              39.9883039
            ],
            [
              116.3127078,
              39.9882801
            ],
            [
              116.3126646,
              39.9882406
            ],
            [
              116.3126028,
              39.9881789
            ],
            [
              116.3125206,
              39.9881266
            ],
            [
              116.3123817,
              39.9880846
            ],
            [
              116.3122443,
              39.9880668
            ],
            [
              116.3122497,
              39.9880041
            ],
            [
              116.3122553,
              39.9879322
            ]
          ]
        ]
      },
      "properties": {
        "kind": "osm",
        "layer": "buildings",
        "osm_type": "way",
        "osm_id": 233328976,
        "name": "",
        "source": "OpenStreetMap via Overpass API",
        "geometry_type": "Polygon",
        "building": "yes"
      }
    },
    {
      "type": "Feature",
      "geometry": {
        "type": "Polygon",
        "coordinates": [
          [
            [
              116.312668,
              39.9899785
            ],
            [
              116.3126745,
              39.9898657
            ],
            [
              116.3134927,
              39.9898935
            ],
            [
              116.3134861,
              39.9900063
            ],
            [
              116.312668,
              39.9899785
            ]
          ]
        ]
      },
      "properties": {
        "kind": "osm",
        "layer": "buildings",
        "osm_type": "way",
        "osm_id": 233328977,
        "name": "43",
        "source": "OpenStreetMap via Overpass API",
        "geometry_type": "Polygon",
        "building": "dormitory"
      }
    },
    {
      "type": "Feature",
      "geometry": {
        "type": "Polygon",
        "coordinates": [
          [
            [
              116.3081747,
              39.9879038
            ],
            [
              116.3080891,
              39.9879009
            ],
            [
              116.3079718,
              39.9878969
            ],
            [
              116.3079552,
              39.9881879
            ],
            [
              116.308158,
              39.9881948
            ],
            [
              116.3081747,
              39.9879038
            ]
          ]
        ]
      },
      "properties": {
        "kind": "osm",
        "layer": "buildings",
        "osm_type": "way",
        "osm_id": 240825555,
        "name": "第四教学楼",
        "source": "OpenStreetMap via Overpass API",
        "geometry_type": "Polygon",
        "building": "university"
      }
    },
    {
      "type": "Feature",
      "geometry": {
        "type": "Polygon",
        "coordinates": [
          [
            [
              116.3074735,
              39.9876419
            ],
            [
              116.30751,
              39.9876436
            ],
            [
              116.3080713,
              39.9876699
            ],
            [
              116.3081075,
              39.9876716
            ],
            [
              116.3080891,
              39.9879009
            ],
            [
              116.3079718,
              39.9878969
            ],
            [
              116.3074549,
              39.9878758
            ],
            [
              116.3074735,
              39.9876419
            ]
          ]
        ]
      },
      "properties": {
        "kind": "osm",
        "layer": "buildings",
        "osm_type": "way",
        "osm_id": 240825556,
        "name": "第三教学楼（刘卿楼）",
        "source": "OpenStreetMap via Overpass API",
        "geometry_type": "Polygon",
        "building": "school"
      }
    },
    {
      "type": "Feature",
      "geometry": {
        "type": "Polygon",
        "coordinates": [
          [
            [
              116.3072537,
              39.9877754
            ],
            [
              116.3068513,
              39.9877606
            ],
            [
              116.3068267,
              39.9881546
            ],
            [
              116.3068005,
              39.988575
            ],
            [
              116.3071634,
              39.9885883
            ],
            [
              116.3072732,
              39.9885922
            ],
            [
              116.307836,
              39.9886129
            ],
            [
              116.3080238,
              39.9886198
            ],
            [
              116.3080386,
              39.9883817
            ],
            [
              116.3072178,
              39.9883517
            ],
            [
              116.3072291,
              39.9881701
            ],
            [
              116.3072537,
              39.9877754
            ]
          ]
        ]
      },
      "properties": {
        "kind": "osm",
        "layer": "buildings",
        "osm_type": "way",
        "osm_id": 240825557,
        "name": "第二教学楼（李兆基楼）",
        "source": "OpenStreetMap via Overpass API",
        "geometry_type": "Polygon",
        "building": "school"
      }
    },
    {
      "type": "Feature",
      "geometry": {
        "type": "Polygon",
        "coordinates": [
          [
            [
              116.3057627,
              39.9925905
            ],
            [
              116.3058144,
              39.9925915
            ],
            [
              116.3058529,
              39.9926256
            ],
            [
              116.3058518,
              39.9926621
            ],
            [
              116.3058136,
              39.9926955
            ],
            [
              116.3057532,
              39.992693
            ],
            [
              116.3057166,
              39.9926626
            ],
            [
              116.3057189,
              39.9926198
            ],
            [
              116.3057627,
              39.9925905
            ]
          ]
        ]
      },
      "properties": {
        "kind": "osm",
        "layer": "buildings",
        "osm_type": "way",
        "osm_id": 240825562,
        "name": "博雅塔",
        "source": "OpenStreetMap via Overpass API",
        "geometry_type": "Polygon",
        "building": "yes"
      }
    },
    {
      "type": "Feature",
      "geometry": {
        "type": "Polygon",
        "coordinates": [
          [
            [
              116.3076342,
              39.9944011
            ],
            [
              116.3077586,
              39.993893
            ],
            [
              116.3078305,
              39.9939142
            ],
            [
              116.3080125,
              39.9939214
            ],
            [
              116.3078882,
              39.9944376
            ],
            [
              116.3076342,
              39.9944011
            ]
          ]
        ]
      },
      "properties": {
        "kind": "osm",
        "layer": "buildings",
        "osm_type": "way",
        "osm_id": 240825566,
        "name": "法学院（陈明楼）",
        "source": "OpenStreetMap via Overpass API",
        "geometry_type": "Polygon",
        "building": "yes"
      }
    },
    {
      "type": "Feature",
      "geometry": {
        "type": "Polygon",
        "coordinates": [
          [
            [
              116.3069068,
              39.9948014
            ],
            [
              116.3069368,
              39.9946685
            ],
            [
              116.3069201,
              39.9946338
            ],
            [
              116.3069169,
              39.9946011
            ],
            [
              116.3069239,
              39.9945709
            ],
            [
              116.3069399,
              39.9945432
            ],
            [
              116.3069621,
              39.9945207
            ],
            [
              116.3070014,
              39.9944973
            ],
            [
              116.3070629,
              39.9942953
            ],
            [
              116.3070287,
              39.9942894
            ],
            [
              116.3070699,
              39.9941531
            ],
            [
              116.3071053,
              39.9941577
            ],
            [
              116.3071127,
              39.9941337
            ],
            [
              116.307078,
              39.9941264
            ],
            [
              116.3071185,
              39.9939929
            ],
            [
              116.3071537,
              39.9940007
            ],
            [
              116.3071612,
              39.9939762
            ],
            [
              116.3071251,
              39.9939712
            ],
            [
              116.307166,
              39.9938363
            ],
            [
              116.3072025,
              39.9938424
            ],
            [
              116.3072255,
              39.9937679
            ],
            [
              116.3071894,
              39.9937591
            ],
            [
              116.3072171,
              39.9936676
            ],
            [
              116.3072543,
              39.9936742
            ],
            [
              116.307257,
              39.9936656
            ],
            [
              116.3074678,
              39.9937038
            ],
            [
              116.3074213,
              39.9938544
            ],
            [
              116.3074733,
              39.9938637
            ],
            [
              116.3073306,
              39.9943269
            ],
            [
              116.3072141,
              39.994307
            ],
            [
              116.3072097,
              39.9943203
            ],
            [
              116.3073694,
              39.9943475
            ],
            [
              116.3073358,
              39.9944626
            ],
            [
              116.3072913,
              39.9944543
            ],
            [
              116.3072823,
              39.9944836
            ],
            [
              116.3072644,
              39.9944794
            ],
            [
              116.3072371,
              39.9945645
            ],
            [
              116.3072469,
              39.9946006
            ],
            [
              116.3072428,
              39.994637
            ],
            [
              116.3072269,
              39.9946688
            ],
            [
              116.3071997,
              39.9946968
            ],
            [
              116.3071936,
              39.9947166
            ],
            [
              116.3072631,
              39.994727
            ],
            [
              116.3072508,
              39.9947733
            ],
            [
              116.3072375,
              39.9947722
            ],
            [
              116.3072158,
              39.9948471
            ],
            [
              116.3071728,
              39.9948393
            ],
            [
              116.3071698,
              39.9948489
            ],
            [
              116.3069068,
              39.9948014
            ]
          ]
        ]
      },
      "properties": {
        "kind": "osm",
        "layer": "buildings",
        "osm_type": "way",
        "osm_id": 240825567,
        "name": "光华管理学院",
        "source": "OpenStreetMap via Overpass API",
        "geometry_type": "Polygon",
        "building": "yes"
      }
    },
    {
      "type": "Feature",
      "geometry": {
        "type": "Polygon",
        "coordinates": [
          [
            [
              116.3075249,
              39.9949302
            ],
            [
              116.3075288,
              39.9949169
            ],
            [
              116.3074902,
              39.9949103
            ],
            [
              116.3075289,
              39.9947785
            ],
            [
              116.3075693,
              39.9947855
            ],
            [
              116.3076422,
              39.9945372
            ],
            [
              116.3077311,
              39.9945525
            ],
            [
              116.3077464,
              39.9945004
            ],
            [
              116.3078396,
              39.9945165
            ],
            [
              116.307825,
              39.9945659
            ],
            [
              116.3078591,
              39.9945718
            ],
            [
              116.307784,
              39.9948271
            ],
            [
              116.3079761,
              39.9948603
            ],
            [
              116.307933,
              39.9950118
            ],
            [
              116.3075932,
              39.994997
            ],
            [
              116.307609,
              39.9949448
            ],
            [
              116.3075249,
              39.9949302
            ]
          ]
        ]
      },
      "properties": {
        "kind": "osm",
        "layer": "buildings",
        "osm_type": "way",
        "osm_id": 240825568,
        "name": "光华管理学院2号楼",
        "source": "OpenStreetMap via Overpass API",
        "geometry_type": "Polygon",
        "building": "yes"
      }
    },
    {
      "type": "Feature",
      "geometry": {
        "type": "Polygon",
        "coordinates": [
          [
            [
              116.3072839,
              39.9934766
            ],
            [
              116.3073088,
              39.9928881
            ],
            [
              116.3077406,
              39.9928989
            ],
            [
              116.3076315,
              39.9935094
            ],
            [
              116.3072839,
              39.9934766
            ]
          ]
        ]
      },
      "properties": {
        "kind": "osm",
        "layer": "buildings",
        "osm_type": "way",
        "osm_id": 240825569,
        "name": "法学院（凯原楼）",
        "source": "OpenStreetMap via Overpass API",
        "geometry_type": "Polygon",
        "building": "yes"
      }
    },
    {
      "type": "Feature",
      "geometry": {
        "type": "Polygon",
        "coordinates": [
          [
            [
              116.3002969,
              39.993639
            ],
            [
              116.3003001,
              39.9934841
            ],
            [
              116.3002466,
              39.9934834
            ],
            [
              116.3002537,
              39.9931457
            ],
            [
              116.3003072,
              39.9931464
            ],
            [
              116.3003101,
              39.9930047
            ],
            [
              116.3005344,
              39.9930074
            ],
            [
              116.3005314,
              39.9931491
            ],
            [
              116.3005896,
              39.9931498
            ],
            [
              116.3005826,
              39.9934873
            ],
            [
              116.3005256,
              39.9934866
            ],
            [
              116.3005223,
              39.9936418
            ],
            [
              116.3002969,
              39.993639
            ]
          ]
        ]
      },
      "properties": {
        "kind": "osm",
        "layer": "buildings",
        "osm_type": "way",
        "osm_id": 240832216,
        "name": "办公楼（贝公楼）",
        "source": "OpenStreetMap via Overpass API",
        "geometry_type": "Polygon",
        "building": "university"
      }
    },
    {
      "type": "Feature",
      "geometry": {
        "type": "Polygon",
        "coordinates": [
          [
            [
              116.3002949,
              39.9938715
            ],
            [
              116.300503,
              39.9938734
            ],
            [
              116.3004978,
              39.9942175
            ],
            [
              116.3002897,
              39.9942156
            ],
            [
              116.3002949,
              39.9938715
            ]
          ]
        ]
      },
      "properties": {
        "kind": "osm",
        "layer": "buildings",
        "osm_type": "way",
        "osm_id": 240832218,
        "name": "民主楼",
        "source": "OpenStreetMap via Overpass API",
        "geometry_type": "Polygon",
        "building": "university"
      }
    },
    {
      "type": "Feature",
      "geometry": {
        "type": "Polygon",
        "coordinates": [
          [
            [
              116.3008367,
              39.9943341
            ],
            [
              116.3008419,
              39.9938546
            ],
            [
              116.3010506,
              39.9938559
            ],
            [
              116.3010466,
              39.994232
            ],
            [
              116.3010455,
              39.9943354
            ],
            [
              116.3008367,
              39.9943341
            ]
          ]
        ]
      },
      "properties": {
        "kind": "osm",
        "layer": "buildings",
        "osm_type": "way",
        "osm_id": 240832219,
        "name": "德斋",
        "source": "OpenStreetMap via Overpass API",
        "geometry_type": "Polygon",
        "building": "university"
      }
    },
    {
      "type": "Feature",
      "geometry": {
        "type": "Polygon",
        "coordinates": [
          [
            [
              116.3015236,
              39.9938638
            ],
            [
              116.3017171,
              39.9938667
            ],
            [
              116.3017047,
              39.9943464
            ],
            [
              116.3015086,
              39.9943434
            ],
            [
              116.3015101,
              39.9942356
            ],
            [
              116.3015236,
              39.9938638
            ]
          ]
        ]
      },
      "properties": {
        "kind": "osm",
        "layer": "buildings",
        "osm_type": "way",
        "osm_id": 240832220,
        "name": "才斋",
        "source": "OpenStreetMap via Overpass API",
        "geometry_type": "Polygon",
        "building": "university"
      }
    },
    {
      "type": "Feature",
      "geometry": {
        "type": "Polygon",
        "coordinates": [
          [
            [
              116.3010466,
              39.994232
            ],
            [
              116.3015101,
              39.9942356
            ],
            [
              116.3015086,
              39.9943434
            ],
            [
              116.301508,
              39.9943872
            ],
            [
              116.3010464,
              39.9943835
            ],
            [
              116.3010455,
              39.9943354
            ],
            [
              116.3010466,
              39.994232
            ]
          ]
        ]
      },
      "properties": {
        "kind": "osm",
        "layer": "buildings",
        "osm_type": "way",
        "osm_id": 240832221,
        "name": "审计室",
        "source": "OpenStreetMap via Overpass API",
        "geometry_type": "Polygon",
        "building": "university"
      }
    },
    {
      "type": "Feature",
      "geometry": {
        "type": "Polygon",
        "coordinates": [
          [
            [
              116.3021011,
              39.9943698
            ],
            [
              116.3021097,
              39.9939126
            ],
            [
              116.3023422,
              39.9939151
            ],
            [
              116.3023379,
              39.9942618
            ],
            [
              116.302337,
              39.9943724
            ],
            [
              116.3021011,
              39.9943698
            ]
          ]
        ]
      },
      "properties": {
        "kind": "osm",
        "layer": "buildings",
        "osm_type": "way",
        "osm_id": 240832222,
        "name": "均斋",
        "source": "OpenStreetMap via Overpass API",
        "geometry_type": "Polygon",
        "building": "university"
      }
    },
    {
      "type": "Feature",
      "geometry": {
        "type": "Polygon",
        "coordinates": [
          [
            [
              116.3027845,
              39.9943826
            ],
            [
              116.3027855,
              39.994264
            ],
            [
              116.3027901,
              39.9939165
            ],
            [
              116.303013,
              39.9939177
            ],
            [
              116.303009,
              39.9943837
            ],
            [
              116.3027845,
              39.9943826
            ]
          ]
        ]
      },
      "properties": {
        "kind": "osm",
        "layer": "buildings",
        "osm_type": "way",
        "osm_id": 240832223,
        "name": "备斋",
        "source": "OpenStreetMap via Overpass API",
        "geometry_type": "Polygon",
        "building": "university"
      }
    },
    {
      "type": "Feature",
      "geometry": {
        "type": "Polygon",
        "coordinates": [
          [
            [
              116.3023379,
              39.9942618
            ],
            [
              116.3027855,
              39.994264
            ],
            [
              116.3027845,
              39.9943826
            ],
            [
              116.3027843,
              39.9944093
            ],
            [
              116.3023367,
              39.9944071
            ],
            [
              116.302337,
              39.9943724
            ],
            [
              116.3023379,
              39.9942618
            ]
          ]
        ]
      },
      "properties": {
        "kind": "osm",
        "layer": "buildings",
        "osm_type": "way",
        "osm_id": 240832224,
        "name": "人事部",
        "source": "OpenStreetMap via Overpass API",
        "geometry_type": "Polygon",
        "building": "university"
      }
    },
    {
      "type": "Feature",
      "geometry": {
        "type": "Polygon",
        "coordinates": [
          [
            [
              116.3054779,
              39.9936927
            ],
            [
              116.3056356,
              39.9937266
            ],
            [
              116.3054289,
              39.9942916
            ],
            [
              116.305271,
              39.9942577
            ],
            [
              116.3054779,
              39.9936927
            ]
          ]
        ]
      },
      "properties": {
        "kind": "osm",
        "layer": "buildings",
        "osm_type": "way",
        "osm_id": 240832226,
        "name": "第一体育馆",
        "source": "OpenStreetMap via Overpass API",
        "geometry_type": "Polygon",
        "building": "university"
      }
    },
    {
      "type": "Feature",
      "geometry": {
        "type": "Polygon",
        "coordinates": [
          [
            [
              116.3004768,
              39.990942
            ],
            [
              116.3004819,
              39.990771
            ],
            [
              116.3004444,
              39.9907704
            ],
            [
              116.3004556,
              39.9903954
            ],
            [
              116.3004963,
              39.9903961
            ],
            [
              116.3004994,
              39.9902942
            ],
            [
              116.3004797,
              39.9902938
            ],
            [
              116.3004881,
              39.9900097
            ],
            [
              116.3005092,
              39.9900101
            ],
            [
              116.3005113,
              39.9899365
            ],
            [
              116.3005527,
              39.9899372
            ],
            [
              116.3005534,
              39.9899124
            ],
            [
              116.3009919,
              39.9899199
            ],
            [
              116.3009803,
              39.9903207
            ],
            [
              116.3009455,
              39.9903201
            ],
            [
              116.3009449,
              39.9903401
            ],
            [
              116.3005591,
              39.9903334
            ],
            [
              116.3005572,
              39.9904004
            ],
            [
              116.3006169,
              39.9904014
            ],
            [
              116.3006059,
              39.9907737
            ],
            [
              116.3005283,
              39.9907724
            ],
            [
              116.3005271,
              39.9908125
            ],
            [
              116.3005376,
              39.9908127
            ],
            [
              116.3009404,
              39.9908198
            ],
            [
              116.3009355,
              39.990985
            ],
            [
              116.3005329,
              39.9909779
            ],
            [
              116.300534,
              39.990943
            ],
            [
              116.3004768,
              39.990942
            ]
          ]
        ]
      },
      "properties": {
        "kind": "osm",
        "layer": "buildings",
        "osm_type": "way",
        "osm_id": 240832232,
        "name": "北京大学国际关系学院",
        "source": "OpenStreetMap via Overpass API",
        "geometry_type": "Polygon",
        "building": "university"
      }
    },
    {
      "type": "Feature",
      "geometry": {
        "type": "Polygon",
        "coordinates": [
          [
            [
              116.3010603,
              39.9877908
            ],
            [
              116.3010702,
              39.9875004
            ],
            [
              116.3005819,
              39.9874906
            ],
            [
              116.300572,
              39.9877811
            ],
            [
              116.3010603,
              39.9877908
            ]
          ]
        ]
      },
      "properties": {
        "kind": "osm",
        "layer": "buildings",
        "osm_type": "way",
        "osm_id": 240832243,
        "name": "学五食堂",
        "source": "OpenStreetMap via Overpass API",
        "geometry_type": "Polygon",
        "building": "yes",
        "amenity": "restaurant"
      }
    },
    {
      "type": "Feature",
      "geometry": {
        "type": "Polygon",
        "coordinates": [
          [
            [
              116.3024027,
              39.987408
            ],
            [
              116.3024104,
              39.9872457
            ],
            [
              116.3023911,
              39.9872451
            ],
            [
              116.3024088,
              39.9868755
            ],
            [
              116.3024265,
              39.986876
            ],
            [
              116.3024342,
              39.986713
            ],
            [
              116.3028072,
              39.9867234
            ],
            [
              116.3027992,
              39.986892
            ],
            [
              116.3026472,
              39.9868878
            ],
            [
              116.3026384,
              39.987072
            ],
            [
              116.3026303,
              39.9872424
            ],
            [
              116.3027852,
              39.9872468
            ],
            [
              116.3027771,
              39.9874185
            ],
            [
              116.3024027,
              39.987408
            ]
          ]
        ]
      },
      "properties": {
        "kind": "osm",
        "layer": "buildings",
        "osm_type": "way",
        "osm_id": 240832244,
        "name": "31楼",
        "source": "OpenStreetMap via Overpass API",
        "geometry_type": "Polygon",
        "building": "apartments"
      }
    },
    {
      "type": "Feature",
      "geometry": {
        "type": "Polygon",
        "coordinates": [
          [
            [
              116.3029086,
              39.9874248
            ],
            [
              116.3029171,
              39.9872496
            ],
            [
              116.303241,
              39.9872589
            ],
            [
              116.3036841,
              39.9872716
            ],
            [
              116.3036755,
              39.9874469
            ],
            [
              116.3029086,
              39.9874248
            ]
          ]
        ]
      },
      "properties": {
        "kind": "osm",
        "layer": "buildings",
        "osm_type": "way",
        "osm_id": 240832245,
        "name": "29楼",
        "source": "OpenStreetMap via Overpass API",
        "geometry_type": "Polygon",
        "building": "apartments"
      }
    },
    {
      "type": "Feature",
      "geometry": {
        "type": "Polygon",
        "coordinates": [
          [
            [
              116.3038352,
              39.9874534
            ],
            [
              116.3038427,
              39.98728
            ],
            [
              116.3040074,
              39.9872842
            ],
            [
              116.3040228,
              39.9869302
            ],
            [
              116.3038589,
              39.986926
            ],
            [
              116.303866,
              39.9867633
            ],
            [
              116.3042329,
              39.9867726
            ],
            [
              116.3042256,
              39.9869413
            ],
            [
              116.3042387,
              39.9869416
            ],
            [
              116.3042328,
              39.9870771
            ],
            [
              116.3042232,
              39.9872952
            ],
            [
              116.3042105,
              39.9872949
            ],
            [
              116.3042032,
              39.9874628
            ],
            [
              116.3038352,
              39.9874534
            ]
          ]
        ]
      },
      "properties": {
        "kind": "osm",
        "layer": "buildings",
        "osm_type": "way",
        "osm_id": 240832247,
        "name": "28楼",
        "source": "OpenStreetMap via Overpass API",
        "geometry_type": "Polygon",
        "building": "apartments"
      }
    },
    {
      "type": "Feature",
      "geometry": {
        "type": "Polygon",
        "coordinates": [
          [
            [
              116.3058566,
              39.9879558
            ],
            [
              116.3058929,
              39.98733
            ],
            [
              116.3060868,
              39.9873366
            ],
            [
              116.3061028,
              39.9870611
            ],
            [
              116.3064651,
              39.9870734
            ],
            [
              116.3064129,
              39.9879747
            ],
            [
              116.3058566,
              39.9879558
            ]
          ]
        ]
      },
      "properties": {
        "kind": "osm",
        "layer": "buildings",
        "osm_type": "way",
        "osm_id": 240832248,
        "name": "农园餐厅",
        "source": "OpenStreetMap via Overpass API",
        "geometry_type": "Polygon",
        "building": "yes",
        "amenity": "restaurant"
      }
    },
    {
      "type": "Feature",
      "geometry": {
        "type": "Polygon",
        "coordinates": [
          [
            [
              116.3054293,
              39.9879776
            ],
            [
              116.3054733,
              39.9873451
            ],
            [
              116.3057543,
              39.9873566
            ],
            [
              116.3057104,
              39.9879891
            ],
            [
              116.3054293,
              39.9879776
            ]
          ]
        ]
      },
      "properties": {
        "kind": "osm",
        "layer": "buildings",
        "osm_type": "way",
        "osm_id": 240832249,
        "name": "教育学院",
        "source": "OpenStreetMap via Overpass API",
        "geometry_type": "Polygon",
        "building": "university"
      }
    },
    {
      "type": "Feature",
      "geometry": {
        "type": "Polygon",
        "coordinates": [
          [
            [
              116.3055527,
              39.9864891
            ],
            [
              116.305563,
              39.9863493
            ],
            [
              116.3058521,
              39.9863619
            ],
            [
              116.3058475,
              39.9864233
            ],
            [
              116.30588,
              39.9864247
            ],
            [
              116.3058428,
              39.9869271
            ],
            [
              116.3058012,
              39.9869253
            ],
            [
              116.3057954,
              39.987003
            ],
            [
              116.3055122,
              39.9869906
            ],
            [
              116.3055227,
              39.9868489
            ],
            [
              116.3055804,
              39.9868514
            ],
            [
              116.3055964,
              39.9866362
            ],
            [
              116.3056072,
              39.9864915
            ],
            [
              116.3055527,
              39.9864891
            ]
          ]
        ]
      },
      "properties": {
        "kind": "osm",
        "layer": "buildings",
        "osm_type": "way",
        "osm_id": 240832250,
        "name": "对外汉语教育学院及信息管理系（方李邦琴楼）",
        "source": "OpenStreetMap via Overpass API",
        "geometry_type": "Polygon",
        "building": "university"
      }
    },
    {
      "type": "Feature",
      "geometry": {
        "type": "Polygon",
        "coordinates": [
          [
            [
              116.3111862,
              39.9888705
            ],
            [
              116.3112102,
              39.988648
            ],
            [
              116.3113638,
              39.9886543
            ],
            [
              116.3116543,
              39.9886664
            ],
            [
              116.3120528,
              39.9886829
            ],
            [
              116.3120312,
              39.9889091
            ],
            [
              116.3111862,
              39.9888705
            ]
          ]
        ]
      },
      "properties": {
        "kind": "osm",
        "layer": "buildings",
        "osm_type": "way",
        "osm_id": 264247406,
        "name": "",
        "source": "OpenStreetMap via Overpass API",
        "geometry_type": "Polygon",
        "building": "apartments"
      }
    },
    {
      "type": "Feature",
      "geometry": {
        "type": "Polygon",
        "coordinates": [
          [
            [
              116.3122929,
              39.988833
            ],
            [
              116.3122953,
              39.9887171
            ],
            [
              116.3127171,
              39.9887251
            ],
            [
              116.3133172,
              39.988744
            ],
            [
              116.3133136,
              39.988857
            ],
            [
              116.3133075,
              39.9889648
            ],
            [
              116.312434,
              39.9889363
            ],
            [
              116.3123967,
              39.9888602
            ],
            [
              116.3122929,
              39.988833
            ]
          ]
        ]
      },
      "properties": {
        "kind": "osm",
        "layer": "buildings",
        "osm_type": "way",
        "osm_id": 264247411,
        "name": "",
        "source": "OpenStreetMap via Overpass API",
        "geometry_type": "Polygon",
        "building": "apartments"
      }
    },
    {
      "type": "Feature",
      "geometry": {
        "type": "Polygon",
        "coordinates": [
          [
            [
              116.3138131,
              39.988936
            ],
            [
              116.3138153,
              39.988867
            ],
            [
              116.3138206,
              39.9887746
            ],
            [
              116.3144802,
              39.9887888
            ],
            [
              116.3144729,
              39.9889486
            ],
            [
              116.3138131,
              39.988936
            ]
          ]
        ]
      },
      "properties": {
        "kind": "osm",
        "layer": "buildings",
        "osm_type": "way",
        "osm_id": 264247412,
        "name": "",
        "source": "OpenStreetMap via Overpass API",
        "geometry_type": "Polygon",
        "building": "apartments"
      }
    },
    {
      "type": "Feature",
      "geometry": {
        "type": "Polygon",
        "coordinates": [
          [
            [
              116.3102366,
              39.9884771
            ],
            [
              116.3104311,
              39.9884854
            ],
            [
              116.310468,
              39.987978
            ],
            [
              116.3102735,
              39.9879697
            ],
            [
              116.3102366,
              39.9884771
            ]
          ]
        ]
      },
      "properties": {
        "kind": "osm",
        "layer": "buildings",
        "osm_type": "way",
        "osm_id": 270313345,
        "name": "",
        "source": "OpenStreetMap via Overpass API",
        "geometry_type": "Polygon",
        "building": "yes"
      }
    },
    {
      "type": "Feature",
      "geometry": {
        "type": "Polygon",
        "coordinates": [
          [
            [
              116.3103316,
              39.9870361
            ],
            [
              116.3104468,
              39.9870449
            ],
            [
              116.3105123,
              39.9865432
            ],
            [
              116.3103972,
              39.9865344
            ],
            [
              116.3103316,
              39.9870361
            ]
          ]
        ]
      },
      "properties": {
        "kind": "osm",
        "layer": "buildings",
        "osm_type": "way",
        "osm_id": 270313346,
        "name": "",
        "source": "OpenStreetMap via Overpass API",
        "geometry_type": "Polygon",
        "building": "yes"
      }
    },
    {
      "type": "Feature",
      "geometry": {
        "type": "Polygon",
        "coordinates": [
          [
            [
              116.3103072,
              39.9873024
            ],
            [
              116.3104287,
              39.9873111
            ],
            [
              116.3104472,
              39.9871603
            ],
            [
              116.3103256,
              39.9871515
            ],
            [
              116.3103072,
              39.9873024
            ]
          ]
        ]
      },
      "properties": {
        "kind": "osm",
        "layer": "buildings",
        "osm_type": "way",
        "osm_id": 270313347,
        "name": "",
        "source": "OpenStreetMap via Overpass API",
        "geometry_type": "Polygon",
        "building": "yes"
      }
    },
    {
      "type": "Feature",
      "geometry": {
        "type": "Polygon",
        "coordinates": [
          [
            [
              116.3104388,
              39.9873689
            ],
            [
              116.3109959,
              39.9874074
            ],
            [
              116.3110069,
              39.987314
            ],
            [
              116.3104497,
              39.9872755
            ],
            [
              116.3104388,
              39.9873689
            ]
          ]
        ]
      },
      "properties": {
        "kind": "osm",
        "layer": "buildings",
        "osm_type": "way",
        "osm_id": 270313348,
        "name": "",
        "source": "OpenStreetMap via Overpass API",
        "geometry_type": "Polygon",
        "building": "yes"
      }
    },
    {
      "type": "Feature",
      "geometry": {
        "type": "Polygon",
        "coordinates": [
          [
            [
              116.3102616,
              39.9876178
            ],
            [
              116.3103882,
              39.987623
            ],
            [
              116.3104091,
              39.9873236
            ],
            [
              116.3102825,
              39.9873184
            ],
            [
              116.3102616,
              39.9876178
            ]
          ]
        ]
      },
      "properties": {
        "kind": "osm",
        "layer": "buildings",
        "osm_type": "way",
        "osm_id": 270313349,
        "name": "",
        "source": "OpenStreetMap via Overpass API",
        "geometry_type": "Polygon",
        "building": "yes"
      }
    },
    {
      "type": "Feature",
      "geometry": {
        "type": "Polygon",
        "coordinates": [
          [
            [
              116.3104232,
              39.9876283
            ],
            [
              116.3110732,
              39.9876543
            ],
            [
              116.3110656,
              39.9877664
            ],
            [
              116.3104156,
              39.9877404
            ],
            [
              116.3104232,
              39.9876283
            ]
          ]
        ]
      },
      "properties": {
        "kind": "osm",
        "layer": "buildings",
        "osm_type": "way",
        "osm_id": 270313350,
        "name": "",
        "source": "OpenStreetMap via Overpass API",
        "geometry_type": "Polygon",
        "building": "yes"
      }
    },
    {
      "type": "Feature",
      "geometry": {
        "type": "Polygon",
        "coordinates": [
          [
            [
              116.3102594,
              39.987922
            ],
            [
              116.3103919,
              39.9879285
            ],
            [
              116.3104148,
              39.9876532
            ],
            [
              116.3102823,
              39.9876467
            ],
            [
              116.3102594,
              39.987922
            ]
          ]
        ]
      },
      "properties": {
        "kind": "osm",
        "layer": "buildings",
        "osm_type": "way",
        "osm_id": 270313351,
        "name": "",
        "source": "OpenStreetMap via Overpass API",
        "geometry_type": "Polygon",
        "building": "yes"
      }
    },
    {
      "type": "Feature",
      "geometry": {
        "type": "Polygon",
        "coordinates": [
          [
            [
              116.310467,
              39.988101
            ],
            [
              116.3110354,
              39.988126
            ],
            [
              116.3110434,
              39.9880178
            ],
            [
              116.3104751,
              39.9879929
            ],
            [
              116.310467,
              39.988101
            ]
          ]
        ]
      },
      "properties": {
        "kind": "osm",
        "layer": "buildings",
        "osm_type": "way",
        "osm_id": 270313352,
        "name": "",
        "source": "OpenStreetMap via Overpass API",
        "geometry_type": "Polygon",
        "building": "yes"
      }
    },
    {
      "type": "Feature",
      "geometry": {
        "type": "Polygon",
        "coordinates": [
          [
            [
              116.3104554,
              39.9883716
            ],
            [
              116.3110268,
              39.98839
            ],
            [
              116.3110209,
              39.9884982
            ],
            [
              116.3104495,
              39.9884798
            ],
            [
              116.3104554,
              39.9883716
            ]
          ]
        ]
      },
      "properties": {
        "kind": "osm",
        "layer": "buildings",
        "osm_type": "way",
        "osm_id": 270313353,
        "name": "",
        "source": "OpenStreetMap via Overpass API",
        "geometry_type": "Polygon",
        "building": "yes"
      }
    },
    {
      "type": "Feature",
      "geometry": {
        "type": "Polygon",
        "coordinates": [
          [
            [
              116.3101951,
              39.9888228
            ],
            [
              116.3103192,
              39.9888296
            ],
            [
              116.3103449,
              39.9885554
            ],
            [
              116.3102207,
              39.9885486
            ],
            [
              116.3101951,
              39.9888228
            ]
          ]
        ]
      },
      "properties": {
        "kind": "osm",
        "layer": "buildings",
        "osm_type": "way",
        "osm_id": 270313354,
        "name": "",
        "source": "OpenStreetMap via Overpass API",
        "geometry_type": "Polygon",
        "building": "yes"
      }
    },
    {
      "type": "Feature",
      "geometry": {
        "type": "Polygon",
        "coordinates": [
          [
            [
              116.31033,
              39.988827
            ],
            [
              116.3109788,
              39.9888592
            ],
            [
              116.3109874,
              39.9887579
            ],
            [
              116.3103386,
              39.9887257
            ],
            [
              116.31033,
              39.988827
            ]
          ]
        ]
      },
      "properties": {
        "kind": "osm",
        "layer": "buildings",
        "osm_type": "way",
        "osm_id": 270313355,
        "name": "",
        "source": "OpenStreetMap via Overpass API",
        "geometry_type": "Polygon",
        "building": "yes"
      }
    },
    {
      "type": "Feature",
      "geometry": {
        "type": "Polygon",
        "coordinates": [
          [
            [
              116.3106632,
              39.9904822
            ],
            [
              116.3107051,
              39.9900835
            ],
            [
              116.3105217,
              39.9900713
            ],
            [
              116.3105735,
              39.9894023
            ],
            [
              116.3106851,
              39.9894053
            ],
            [
              116.3107051,
              39.989196
            ],
            [
              116.3106612,
              39.9891426
            ],
            [
              116.3105974,
              39.9891044
            ],
            [
              116.310416,
              39.9890952
            ],
            [
              116.3103642,
              39.9891258
            ],
            [
              116.3103103,
              39.9891731
            ],
            [
              116.3103043,
              39.9892449
            ],
            [
              116.3102685,
              39.9892495
            ],
            [
              116.3101951,
              39.9903652
            ],
            [
              116.310252,
              39.9903698
            ],
            [
              116.3103008,
              39.9904383
            ],
            [
              116.3103902,
              39.9905053
            ],
            [
              116.3104594,
              39.9905349
            ],
            [
              116.3104634,
              39.99051
            ],
            [
              116.3105264,
              39.9905038
            ],
            [
              116.3105203,
              39.9905598
            ],
            [
              116.3106159,
              39.9905552
            ],
            [
              116.3106586,
              39.9905365
            ],
            [
              116.3106632,
              39.9904822
            ]
          ]
        ]
      },
      "properties": {
        "kind": "osm",
        "layer": "buildings",
        "osm_type": "way",
        "osm_id": 270313356,
        "name": "方正大厦",
        "source": "OpenStreetMap via Overpass API",
        "geometry_type": "Polygon",
        "building": "office"
      }
    },
    {
      "type": "Feature",
      "geometry": {
        "type": "Polygon",
        "coordinates": [
          [
            [
              116.3034908,
              39.993452
            ],
            [
              116.303553,
              39.9934532
            ],
            [
              116.303597,
              39.9934187
            ],
            [
              116.3035983,
              39.9933742
            ],
            [
              116.3035563,
              39.9933416
            ],
            [
              116.3034957,
              39.9933404
            ],
            [
              116.3034515,
              39.9933705
            ],
            [
              116.3034488,
              39.9934158
            ],
            [
              116.3034908,
              39.993452
            ]
          ]
        ]
      },
      "properties": {
        "kind": "osm",
        "layer": "buildings",
        "osm_type": "way",
        "osm_id": 272349096,
        "name": "岛厅",
        "source": "OpenStreetMap via Overpass API",
        "geometry_type": "Polygon",
        "building": "yes"
      }
    },
    {
      "type": "Feature",
      "geometry": {
        "type": "Polygon",
        "coordinates": [
          [
            [
              116.3013275,
              39.9918602
            ],
            [
              116.3013319,
              39.9916933
            ],
            [
              116.3015456,
              39.9916966
            ],
            [
              116.3015411,
              39.9918635
            ],
            [
              116.3013275,
              39.9918602
            ]
          ]
        ]
      },
      "properties": {
        "kind": "osm",
        "layer": "buildings",
        "osm_type": "way",
        "osm_id": 272353673,
        "name": "北阁",
        "source": "OpenStreetMap via Overpass API",
        "geometry_type": "Polygon",
        "building": "university"
      }
    },
    {
      "type": "Feature",
      "geometry": {
        "type": "Polygon",
        "coordinates": [
          [
            [
              116.3013387,
              39.9915287
            ],
            [
              116.3013415,
              39.9913622
            ],
            [
              116.3015608,
              39.9913644
            ],
            [
              116.301558,
              39.9915308
            ],
            [
              116.3013387,
              39.9915287
            ]
          ]
        ]
      },
      "properties": {
        "kind": "osm",
        "layer": "buildings",
        "osm_type": "way",
        "osm_id": 272353674,
        "name": "南阁",
        "source": "OpenStreetMap via Overpass API",
        "geometry_type": "Polygon",
        "building": "university"
      }
    },
    {
      "type": "Feature",
      "geometry": {
        "type": "Polygon",
        "coordinates": [
          [
            [
              116.3027965,
              39.9923352
            ],
            [
              116.3028033,
              39.9921832
            ],
            [
              116.3028594,
              39.9921846
            ],
            [
              116.3028553,
              39.9922762
            ],
            [
              116.3030629,
              39.9922817
            ],
            [
              116.3030674,
              39.9921808
            ],
            [
              116.3031912,
              39.9921841
            ],
            [
              116.3031868,
              39.9922838
            ],
            [
              116.3032933,
              39.9922866
            ],
            [
              116.3032906,
              39.9923481
            ],
            [
              116.3027965,
              39.9923352
            ]
          ]
        ]
      },
      "properties": {
        "kind": "osm",
        "layer": "buildings",
        "osm_type": "way",
        "osm_id": 272353675,
        "name": "临湖轩",
        "source": "OpenStreetMap via Overpass API",
        "geometry_type": "Polygon",
        "building": "yes"
      }
    },
    {
      "type": "Feature",
      "geometry": {
        "type": "Polygon",
        "coordinates": [
          [
            [
              116.3024885,
              39.99181
            ],
            [
              116.3025006,
              39.9914067
            ],
            [
              116.3027471,
              39.991411
            ],
            [
              116.302735,
              39.9918144
            ],
            [
              116.3024885,
              39.99181
            ]
          ]
        ]
      },
      "properties": {
        "kind": "osm",
        "layer": "buildings",
        "osm_type": "way",
        "osm_id": 272361848,
        "name": "俄文楼",
        "source": "OpenStreetMap via Overpass API",
        "geometry_type": "Polygon",
        "building": "university"
      }
    },
    {
      "type": "Feature",
      "geometry": {
        "type": "Polygon",
        "coordinates": [
          [
            [
              116.3048798,
              39.9897415
            ],
            [
              116.3048892,
              39.9895419
            ],
            [
              116.3041571,
              39.9895215
            ],
            [
              116.3041532,
              39.9896044
            ],
            [
              116.3040473,
              39.9896015
            ],
            [
              116.3039813,
              39.9895997
            ],
            [
              116.3039826,
              39.9895727
            ],
            [
              116.3037055,
              39.9895649
            ],
            [
              116.3036986,
              39.9897091
            ],
            [
              116.3039713,
              39.9897168
            ],
            [
              116.3039731,
              39.9896772
            ],
            [
              116.3040444,
              39.9896792
            ],
            [
              116.3041471,
              39.9896821
            ],
            [
              116.3041452,
              39.989721
            ],
            [
              116.3044842,
              39.9897305
            ],
            [
              116.3048798,
              39.9897415
            ]
          ]
        ]
      },
      "properties": {
        "kind": "osm",
        "layer": "buildings",
        "osm_type": "way",
        "osm_id": 272362583,
        "name": "哲学楼",
        "source": "OpenStreetMap via Overpass API",
        "geometry_type": "Polygon",
        "building": "university"
      }
    },
    {
      "type": "Feature",
      "geometry": {
        "type": "Polygon",
        "coordinates": [
          [
            [
              116.3011849,
              39.9910038
            ],
            [
              116.3013177,
              39.9910059
            ],
            [
              116.3016317,
              39.991011
            ],
            [
              116.301634,
              39.9909276
            ],
            [
              116.3013202,
              39.9909243
            ],
            [
              116.3013225,
              39.9908505
            ],
            [
              116.3013254,
              39.9907549
            ],
            [
              116.3016387,
              39.990758
            ],
            [
              116.3016408,
              39.9906813
            ],
            [
              116.301194,
              39.9906739
            ],
            [
              116.3011849,
              39.9910038
            ]
          ]
        ]
      },
      "properties": {
        "kind": "osm",
        "layer": "buildings",
        "osm_type": "way",
        "osm_id": 272364819,
        "name": "一院",
        "source": "OpenStreetMap via Overpass API",
        "geometry_type": "Polygon",
        "building": "university"
      }
    },
    {
      "type": "Feature",
      "geometry": {
        "type": "Polygon",
        "coordinates": [
          [
            [
              116.301198,
              39.9905306
            ],
            [
              116.3016448,
              39.9905353
            ],
            [
              116.3016469,
              39.9904577
            ],
            [
              116.3013346,
              39.9904543
            ],
            [
              116.3013371,
              39.9903728
            ],
            [
              116.3013398,
              39.9902839
            ],
            [
              116.3016516,
              39.9902872
            ],
            [
              116.3016538,
              39.9902057
            ],
            [
              116.3012071,
              39.990201
            ],
            [
              116.301198,
              39.9905306
            ]
          ]
        ]
      },
      "properties": {
        "kind": "osm",
        "layer": "buildings",
        "osm_type": "way",
        "osm_id": 272364820,
        "name": "二院",
        "source": "OpenStreetMap via Overpass API",
        "geometry_type": "Polygon",
        "building": "university"
      }
    },
    {
      "type": "Feature",
      "geometry": {
        "type": "Polygon",
        "coordinates": [
          [
            [
              116.3012107,
              39.9900705
            ],
            [
              116.3016574,
              39.990075
            ],
            [
              116.3016599,
              39.9899835
            ],
            [
              116.3013492,
              39.9899802
            ],
            [
              116.3013519,
              39.9898915
            ],
            [
              116.3013543,
              39.9898142
            ],
            [
              116.3016645,
              39.9898174
            ],
            [
              116.3016665,
              39.9897414
            ],
            [
              116.3013567,
              39.9897364
            ],
            [
              116.30122,
              39.9897342
            ],
            [
              116.3012107,
              39.9900705
            ]
          ]
        ]
      },
      "properties": {
        "kind": "osm",
        "layer": "buildings",
        "osm_type": "way",
        "osm_id": 272364821,
        "name": "三院",
        "source": "OpenStreetMap via Overpass API",
        "geometry_type": "Polygon",
        "building": "university"
      }
    },
    {
      "type": "Feature",
      "geometry": {
        "type": "Polygon",
        "coordinates": [
          [
            [
              116.302964,
              39.9900749
            ],
            [
              116.3025342,
              39.9900679
            ],
            [
              116.3025366,
              39.9899818
            ],
            [
              116.3028271,
              39.9899866
            ],
            [
              116.3028292,
              39.9899128
            ],
            [
              116.3028311,
              39.9898464
            ],
            [
              116.3025375,
              39.9898415
            ],
            [
              116.3025398,
              39.9897584
            ],
            [
              116.3029727,
              39.9897655
            ],
            [
              116.302964,
              39.9900749
            ]
          ]
        ]
      },
      "properties": {
        "kind": "osm",
        "layer": "buildings",
        "osm_type": "way",
        "osm_id": 272364822,
        "name": "四院",
        "source": "OpenStreetMap via Overpass API",
        "geometry_type": "Polygon",
        "building": "university"
      }
    },
    {
      "type": "Feature",
      "geometry": {
        "type": "Polygon",
        "coordinates": [
          [
            [
              116.3025229,
              39.9905615
            ],
            [
              116.3029565,
              39.990566
            ],
            [
              116.3029628,
              39.9902144
            ],
            [
              116.3025303,
              39.9902099
            ],
            [
              116.3025286,
              39.9903051
            ],
            [
              116.3028166,
              39.9903082
            ],
            [
              116.3028151,
              39.9903888
            ],
            [
              116.3028137,
              39.9904685
            ],
            [
              116.3025247,
              39.9904654
            ],
            [
              116.3025229,
              39.9905615
            ]
          ]
        ]
      },
      "properties": {
        "kind": "osm",
        "layer": "buildings",
        "osm_type": "way",
        "osm_id": 272364823,
        "name": "五院",
        "source": "OpenStreetMap via Overpass API",
        "geometry_type": "Polygon",
        "building": "university"
      }
    },
    {
      "type": "Feature",
      "geometry": {
        "type": "Polygon",
        "coordinates": [
          [
            [
              116.302512,
              39.9910275
            ],
            [
              116.3029457,
              39.9910336
            ],
            [
              116.3029535,
              39.9907023
            ],
            [
              116.3025201,
              39.9906963
            ],
            [
              116.3025182,
              39.9907791
            ],
            [
              116.3028028,
              39.9907831
            ],
            [
              116.3028006,
              39.9908752
            ],
            [
              116.3027989,
              39.9909481
            ],
            [
              116.302514,
              39.9909441
            ],
            [
              116.302512,
              39.9910275
            ]
          ]
        ]
      },
      "properties": {
        "kind": "osm",
        "layer": "buildings",
        "osm_type": "way",
        "osm_id": 272364824,
        "name": "六院",
        "source": "OpenStreetMap via Overpass API",
        "geometry_type": "Polygon",
        "building": "university"
      }
    },
    {
      "type": "Feature",
      "geometry": {
        "type": "Polygon",
        "coordinates": [
          [
            [
              116.3116114,
              39.9896877
            ],
            [
              116.3116331,
              39.9893996
            ],
            [
              116.3112389,
              39.9893822
            ],
            [
              116.3112544,
              39.9891759
            ],
            [
              116.3119149,
              39.989205
            ],
            [
              116.3118777,
              39.9896994
            ],
            [
              116.3116114,
              39.9896877
            ]
          ]
        ]
      },
      "properties": {
        "kind": "osm",
        "layer": "buildings",
        "osm_type": "way",
        "osm_id": 295071478,
        "name": "北京大学化学学院A区",
        "source": "OpenStreetMap via Overpass API",
        "geometry_type": "Polygon",
        "building": "school"
      }
    },
    {
      "type": "Feature",
      "geometry": {
        "type": "Polygon",
        "coordinates": [
          [
            [
              116.3106464,
              39.9899089
            ],
            [
              116.3106517,
              39.9896869
            ],
            [
              116.3120089,
              39.989765
            ],
            [
              116.3119821,
              39.9899623
            ],
            [
              116.3106464,
              39.9899089
            ]
          ]
        ]
      },
      "properties": {
        "kind": "osm",
        "layer": "buildings",
        "osm_type": "way",
        "osm_id": 295071692,
        "name": "北京大学化学学院B区",
        "source": "OpenStreetMap via Overpass API",
        "geometry_type": "Polygon",
        "building": "school"
      }
    },
    {
      "type": "Feature",
      "geometry": {
        "type": "Polygon",
        "coordinates": [
          [
            [
              116.3115318,
              39.9903201
            ],
            [
              116.3115561,
              39.9899713
            ],
            [
              116.3118984,
              39.9899807
            ],
            [
              116.3118668,
              39.99033
            ],
            [
              116.3115318,
              39.9903201
            ]
          ]
        ]
      },
      "properties": {
        "kind": "osm",
        "layer": "buildings",
        "osm_type": "way",
        "osm_id": 295072178,
        "name": "北京大学化学学院C区",
        "source": "OpenStreetMap via Overpass API",
        "geometry_type": "Polygon",
        "building": "school"
      }
    },
    {
      "type": "Feature",
      "geometry": {
        "type": "Polygon",
        "coordinates": [
          [
            [
              116.3109864,
              39.9905252
            ],
            [
              116.3109998,
              39.9903465
            ],
            [
              116.3118635,
              39.9903753
            ],
            [
              116.3118527,
              39.9905479
            ],
            [
              116.3109864,
              39.9905252
            ]
          ]
        ]
      },
      "properties": {
        "kind": "osm",
        "layer": "buildings",
        "osm_type": "way",
        "osm_id": 295073722,
        "name": "北京大学化学学院D区",
        "source": "OpenStreetMap via Overpass API",
        "geometry_type": "Polygon",
        "building": "school"
      }
    },
    {
      "type": "Feature",
      "geometry": {
        "type": "Polygon",
        "coordinates": [
          [
            [
              116.3144858,
              39.9900583
            ],
            [
              116.315065,
              39.9900822
            ],
            [
              116.3151249,
              39.9892308
            ],
            [
              116.31454,
              39.9892067
            ],
            [
              116.3145328,
              39.9893087
            ],
            [
              116.3149881,
              39.9893275
            ],
            [
              116.3149663,
              39.9896376
            ],
            [
              116.3148824,
              39.9896342
            ],
            [
              116.3148849,
              39.9895992
            ],
            [
              116.3147676,
              39.9895943
            ],
            [
              116.3147652,
              39.9896294
            ],
            [
              116.3146927,
              39.9896265
            ],
            [
              116.31471,
              39.9893812
            ],
            [
              116.3145638,
              39.9893752
            ],
            [
              116.3145278,
              39.9898871
            ],
            [
              116.3146675,
              39.9898929
            ],
            [
              116.3146802,
              39.9897132
            ],
            [
              116.3149608,
              39.9897248
            ],
            [
              116.3149439,
              39.9899648
            ],
            [
              116.3144937,
              39.9899462
            ],
            [
              116.3144858,
              39.9900583
            ]
          ]
        ]
      },
      "properties": {
        "kind": "osm",
        "layer": "buildings",
        "osm_type": "way",
        "osm_id": 369333779,
        "name": "9",
        "source": "OpenStreetMap via Overpass API",
        "geometry_type": "Polygon",
        "building": "commercial"
      }
    },
    {
      "type": "Feature",
      "geometry": {
        "type": "Polygon",
        "coordinates": [
          [
            [
              116.3135476,
              39.9906671
            ],
            [
              116.3142333,
              39.9907047
            ],
            [
              116.3142419,
              39.9906127
            ],
            [
              116.3135562,
              39.9905751
            ],
            [
              116.3135476,
              39.9906671
            ]
          ]
        ]
      },
      "properties": {
        "kind": "osm",
        "layer": "buildings",
        "osm_type": "way",
        "osm_id": 369333981,
        "name": "",
        "source": "OpenStreetMap via Overpass API",
        "geometry_type": "Polygon",
        "building": "apartments"
      }
    },
    {
      "type": "Feature",
      "geometry": {
        "type": "Polygon",
        "coordinates": [
          [
            [
              116.3145902,
              39.9889784
            ],
            [
              116.3151052,
              39.9889887
            ],
            [
              116.3151508,
              39.988366
            ],
            [
              116.3146278,
              39.9883495
            ],
            [
              116.3146117,
              39.9885242
            ],
            [
              116.3148987,
              39.9885386
            ],
            [
              116.3148853,
              39.9888058
            ],
            [
              116.3145983,
              39.9888017
            ],
            [
              116.3145902,
              39.9889784
            ]
          ]
        ]
      },
      "properties": {
        "kind": "osm",
        "layer": "buildings",
        "osm_type": "way",
        "osm_id": 369334111,
        "name": "",
        "source": "OpenStreetMap via Overpass API",
        "geometry_type": "Polygon",
        "building": "apartments"
      }
    },
    {
      "type": "Feature",
      "geometry": {
        "type": "Polygon",
        "coordinates": [
          [
            [
              116.31208,
              39.9892864
            ],
            [
              116.312553,
              39.9893087
            ],
            [
              116.3125615,
              39.9892025
            ],
            [
              116.3120885,
              39.9891802
            ],
            [
              116.31208,
              39.9892864
            ]
          ]
        ]
      },
      "properties": {
        "kind": "osm",
        "layer": "buildings",
        "osm_type": "way",
        "osm_id": 369334306,
        "name": "",
        "source": "OpenStreetMap via Overpass API",
        "geometry_type": "Polygon",
        "building": "apartments"
      }
    },
    {
      "type": "Feature",
      "geometry": {
        "type": "Polygon",
        "coordinates": [
          [
            [
              116.3120548,
              39.9896387
            ],
            [
              116.3125387,
              39.9896489
            ],
            [
              116.3125428,
              39.9895338
            ],
            [
              116.3120589,
              39.9895236
            ],
            [
              116.3120548,
              39.9896387
            ]
          ]
        ]
      },
      "properties": {
        "kind": "osm",
        "layer": "buildings",
        "osm_type": "way",
        "osm_id": 369334307,
        "name": "",
        "source": "OpenStreetMap via Overpass API",
        "geometry_type": "Polygon",
        "building": "apartments"
      }
    },
    {
      "type": "Feature",
      "geometry": {
        "type": "Polygon",
        "coordinates": [
          [
            [
              116.3120585,
              39.9899906
            ],
            [
              116.3125425,
              39.9900104
            ],
            [
              116.3125514,
              39.9898821
            ],
            [
              116.3120675,
              39.9898622
            ],
            [
              116.3120585,
              39.9899906
            ]
          ]
        ]
      },
      "properties": {
        "kind": "osm",
        "layer": "buildings",
        "osm_type": "way",
        "osm_id": 369334308,
        "name": "",
        "source": "OpenStreetMap via Overpass API",
        "geometry_type": "Polygon",
        "building": "apartments"
      }
    },
    {
      "type": "Feature",
      "geometry": {
        "type": "Polygon",
        "coordinates": [
          [
            [
              116.3053429,
              39.9909673
            ],
            [
              116.3053551,
              39.9907907
            ],
            [
              116.3057181,
              39.9908054
            ],
            [
              116.3061312,
              39.9908222
            ],
            [
              116.306119,
              39.9909988
            ],
            [
              116.3057003,
              39.9909818
            ],
            [
              116.3053429,
              39.9909673
            ]
          ]
        ]
      },
      "properties": {
        "kind": "osm",
        "layer": "buildings",
        "osm_type": "way",
        "osm_id": 372944573,
        "name": "文史楼",
        "source": "OpenStreetMap via Overpass API",
        "geometry_type": "Polygon",
        "building": "university"
      }
    },
    {
      "type": "Feature",
      "geometry": {
        "type": "Polygon",
        "coordinates": [
          [
            [
              116.31127,
              39.9922501
            ],
            [
              116.3112789,
              39.9920831
            ],
            [
              116.3120069,
              39.9921059
            ],
            [
              116.311998,
              39.9922729
            ],
            [
              116.31127,
              39.9922501
            ]
          ]
        ]
      },
      "properties": {
        "kind": "osm",
        "layer": "buildings",
        "osm_type": "way",
        "osm_id": 392552186,
        "name": "",
        "source": "OpenStreetMap via Overpass API",
        "geometry_type": "Polygon",
        "building": "school"
      }
    },
    {
      "type": "Feature",
      "geometry": {
        "type": "Polygon",
        "coordinates": [
          [
            [
              116.3100745,
              39.992375
            ],
            [
              116.3100906,
              39.9920847
            ],
            [
              116.3101886,
              39.9920878
            ],
            [
              116.3101845,
              39.9921632
            ],
            [
              116.3107103,
              39.9921802
            ],
            [
              116.3106984,
              39.9923953
            ],
            [
              116.3100745,
              39.992375
            ]
          ]
        ]
      },
      "properties": {
        "kind": "osm",
        "layer": "buildings",
        "osm_type": "way",
        "osm_id": 392552187,
        "name": "",
        "source": "OpenStreetMap via Overpass API",
        "geometry_type": "Polygon",
        "building": "school"
      }
    },
    {
      "type": "Feature",
      "geometry": {
        "type": "Polygon",
        "coordinates": [
          [
            [
              116.3116623,
              39.9923432
            ],
            [
              116.3120348,
              39.9923537
            ],
            [
              116.312027,
              39.9925156
            ],
            [
              116.3116545,
              39.9925051
            ],
            [
              116.3116623,
              39.9923432
            ]
          ]
        ]
      },
      "properties": {
        "kind": "osm",
        "layer": "buildings",
        "osm_type": "way",
        "osm_id": 392552188,
        "name": "",
        "source": "OpenStreetMap via Overpass API",
        "geometry_type": "Polygon",
        "building": "school"
      }
    },
    {
      "type": "Feature",
      "geometry": {
        "type": "Polygon",
        "coordinates": [
          [
            [
              116.3123348,
              39.9913716
            ],
            [
              116.3123427,
              39.991223
            ],
            [
              116.3133192,
              39.9912532
            ],
            [
              116.3133113,
              39.9914019
            ],
            [
              116.3123348,
              39.9913716
            ]
          ]
        ]
      },
      "properties": {
        "kind": "osm",
        "layer": "buildings",
        "osm_type": "way",
        "osm_id": 392552189,
        "name": "北京大学出版社",
        "source": "OpenStreetMap via Overpass API",
        "geometry_type": "Polygon",
        "building": "school"
      }
    },
    {
      "type": "Feature",
      "geometry": {
        "type": "Polygon",
        "coordinates": [
          [
            [
              116.3124684,
              39.991838
            ],
            [
              116.3124764,
              39.9917429
            ],
            [
              116.3131553,
              39.9917765
            ],
            [
              116.3131708,
              39.9915923
            ],
            [
              116.3123353,
              39.991551
            ],
            [
              116.3122888,
              39.9921039
            ],
            [
              116.313136,
              39.9921457
            ],
            [
              116.313159,
              39.9918721
            ],
            [
              116.3124684,
              39.991838
            ]
          ]
        ]
      },
      "properties": {
        "kind": "osm",
        "layer": "buildings",
        "osm_type": "way",
        "osm_id": 392552191,
        "name": "北大青鸟总部食堂",
        "source": "OpenStreetMap via Overpass API",
        "geometry_type": "Polygon",
        "building": "yes",
        "amenity": "restaurant"
      }
    },
    {
      "type": "Feature",
      "geometry": {
        "type": "Polygon",
        "coordinates": [
          [
            [
              116.3124434,
              39.9924358
            ],
            [
              116.3131897,
              39.9924755
            ],
            [
              116.3131766,
              39.9926193
            ],
            [
              116.3134718,
              39.9926351
            ],
            [
              116.3135054,
              39.9922658
            ],
            [
              116.3124639,
              39.9922102
            ],
            [
              116.3124434,
              39.9924358
            ]
          ]
        ]
      },
      "properties": {
        "kind": "osm",
        "layer": "buildings",
        "osm_type": "way",
        "osm_id": 392552192,
        "name": "动力中心",
        "source": "OpenStreetMap via Overpass API",
        "geometry_type": "Polygon",
        "building": "yes"
      }
    },
    {
      "type": "Feature",
      "geometry": {
        "type": "Polygon",
        "coordinates": [
          [
            [
              116.3138414,
              39.9916101
            ],
            [
              116.3138528,
              39.9914276
            ],
            [
              116.3141014,
              39.9914367
            ],
            [
              116.3140885,
              39.9916178
            ],
            [
              116.3138414,
              39.9916101
            ]
          ]
        ]
      },
      "properties": {
        "kind": "osm",
        "layer": "buildings",
        "osm_type": "way",
        "osm_id": 392552194,
        "name": "",
        "source": "OpenStreetMap via Overpass API",
        "geometry_type": "Polygon",
        "building": "school"
      }
    },
    {
      "type": "Feature",
      "geometry": {
        "type": "Polygon",
        "coordinates": [
          [
            [
              116.3140885,
              39.9916178
            ],
            [
              116.3140691,
              39.9918851
            ],
            [
              116.3144822,
              39.9919027
            ],
            [
              116.314514,
              39.9914631
            ],
            [
              116.3146243,
              39.9914678
            ],
            [
              116.3146132,
              39.9916221
            ],
            [
              116.3148278,
              39.9916312
            ],
            [
              116.3148504,
              39.991318
            ],
            [
              116.3142422,
              39.9912923
            ],
            [
              116.3142303,
              39.9914574
            ],
            [
              116.3143187,
              39.9914611
            ],
            [
              116.3143091,
              39.991595
            ],
            [
              116.314432,
              39.9916002
            ],
            [
              116.3144297,
              39.9916324
            ],
            [
              116.3140885,
              39.9916178
            ]
          ]
        ]
      },
      "properties": {
        "kind": "osm",
        "layer": "buildings",
        "osm_type": "way",
        "osm_id": 392552195,
        "name": "北京大学-加速器楼",
        "source": "OpenStreetMap via Overpass API",
        "geometry_type": "Polygon",
        "building": "school"
      }
    },
    {
      "type": "Feature",
      "geometry": {
        "type": "Polygon",
        "coordinates": [
          [
            [
              116.310388,
              39.9951641
            ],
            [
              116.3103973,
              39.9950476
            ],
            [
              116.3111396,
              39.9950822
            ],
            [
              116.3111304,
              39.9951988
            ],
            [
              116.310388,
              39.9951641
            ]
          ]
        ]
      },
      "properties": {
        "kind": "osm",
        "layer": "buildings",
        "osm_type": "way",
        "osm_id": 392563281,
        "name": "",
        "source": "OpenStreetMap via Overpass API",
        "geometry_type": "Polygon",
        "building": "apartments"
      }
    },
    {
      "type": "Feature",
      "geometry": {
        "type": "Polygon",
        "coordinates": [
          [
            [
              116.3112431,
              39.9951864
            ],
            [
              116.311255,
              39.9950628
            ],
            [
              116.3119568,
              39.9951026
            ],
            [
              116.3119448,
              39.9952263
            ],
            [
              116.3112431,
              39.9951864
            ]
          ]
        ]
      },
      "properties": {
        "kind": "osm",
        "layer": "buildings",
        "osm_type": "way",
        "osm_id": 392563284,
        "name": "",
        "source": "OpenStreetMap via Overpass API",
        "geometry_type": "Polygon",
        "building": "apartments"
      }
    },
    {
      "type": "Feature",
      "geometry": {
        "type": "Polygon",
        "coordinates": [
          [
            [
              116.3121395,
              39.9952966
            ],
            [
              116.3121649,
              39.9951115
            ],
            [
              116.3123344,
              39.9951251
            ],
            [
              116.312309,
              39.9953102
            ],
            [
              116.3121395,
              39.9952966
            ]
          ]
        ]
      },
      "properties": {
        "kind": "osm",
        "layer": "buildings",
        "osm_type": "way",
        "osm_id": 392563287,
        "name": "",
        "source": "OpenStreetMap via Overpass API",
        "geometry_type": "Polygon",
        "building": "yes"
      }
    },
    {
      "type": "Feature",
      "geometry": {
        "type": "Polygon",
        "coordinates": [
          [
            [
              116.3124834,
              39.9952833
            ],
            [
              116.3125061,
              39.9951266
            ],
            [
              116.312649,
              39.9951387
            ],
            [
              116.3126263,
              39.9952955
            ],
            [
              116.3124834,
              39.9952833
            ]
          ]
        ]
      },
      "properties": {
        "kind": "osm",
        "layer": "buildings",
        "osm_type": "way",
        "osm_id": 392563288,
        "name": "",
        "source": "OpenStreetMap via Overpass API",
        "geometry_type": "Polygon",
        "building": "yes"
      }
    },
    {
      "type": "Feature",
      "geometry": {
        "type": "Polygon",
        "coordinates": [
          [
            [
              116.312827,
              39.9952953
            ],
            [
              116.3128409,
              39.9951609
            ],
            [
              116.3130107,
              39.9951711
            ],
            [
              116.3129968,
              39.9953055
            ],
            [
              116.312827,
              39.9952953
            ]
          ]
        ]
      },
      "properties": {
        "kind": "osm",
        "layer": "buildings",
        "osm_type": "way",
        "osm_id": 392563289,
        "name": "",
        "source": "OpenStreetMap via Overpass API",
        "geometry_type": "Polygon",
        "building": "yes"
      }
    },
    {
      "type": "Feature",
      "geometry": {
        "type": "Polygon",
        "coordinates": [
          [
            [
              116.3131793,
              39.9953036
            ],
            [
              116.3131996,
              39.9951636
            ],
            [
              116.3133437,
              39.9951758
            ],
            [
              116.3133234,
              39.9953159
            ],
            [
              116.3131793,
              39.9953036
            ]
          ]
        ]
      },
      "properties": {
        "kind": "osm",
        "layer": "buildings",
        "osm_type": "way",
        "osm_id": 392563290,
        "name": "",
        "source": "OpenStreetMap via Overpass API",
        "geometry_type": "Polygon",
        "building": "yes"
      }
    },
    {
      "type": "Feature",
      "geometry": {
        "type": "Polygon",
        "coordinates": [
          [
            [
              116.3135058,
              39.9953275
            ],
            [
              116.3135315,
              39.9951708
            ],
            [
              116.3136698,
              39.9951841
            ],
            [
              116.3136441,
              39.9953408
            ],
            [
              116.3135058,
              39.9953275
            ]
          ]
        ]
      },
      "properties": {
        "kind": "osm",
        "layer": "buildings",
        "osm_type": "way",
        "osm_id": 392563291,
        "name": "",
        "source": "OpenStreetMap via Overpass API",
        "geometry_type": "Polygon",
        "building": "yes"
      }
    },
    {
      "type": "Feature",
      "geometry": {
        "type": "Polygon",
        "coordinates": [
          [
            [
              116.31285,
              39.9955599
            ],
            [
              116.3128575,
              39.9954648
            ],
            [
              116.3132342,
              39.9954822
            ],
            [
              116.3132267,
              39.9955774
            ],
            [
              116.31285,
              39.9955599
            ]
          ]
        ]
      },
      "properties": {
        "kind": "osm",
        "layer": "buildings",
        "osm_type": "way",
        "osm_id": 392563292,
        "name": "",
        "source": "OpenStreetMap via Overpass API",
        "geometry_type": "Polygon",
        "building": "apartments"
      }
    },
    {
      "type": "Feature",
      "geometry": {
        "type": "Polygon",
        "coordinates": [
          [
            [
              116.3128473,
              39.9957871
            ],
            [
              116.3128387,
              39.9958762
            ],
            [
              116.3131792,
              39.9958955
            ],
            [
              116.3131871,
              39.9958134
            ],
            [
              116.3133115,
              39.9958205
            ],
            [
              116.3133264,
              39.9956669
            ],
            [
              116.3132,
              39.9956597
            ],
            [
              116.3131859,
              39.9958063
            ],
            [
              116.3128473,
              39.9957871
            ]
          ]
        ]
      },
      "properties": {
        "kind": "osm",
        "layer": "buildings",
        "osm_type": "way",
        "osm_id": 392563293,
        "name": "",
        "source": "OpenStreetMap via Overpass API",
        "geometry_type": "Polygon",
        "building": "apartments"
      }
    },
    {
      "type": "Feature",
      "geometry": {
        "type": "Polygon",
        "coordinates": [
          [
            [
              116.3133101,
              39.9955925
            ],
            [
              116.3133159,
              39.9954954
            ],
            [
              116.3136844,
              39.9955082
            ],
            [
              116.3136787,
              39.9956054
            ],
            [
              116.3133101,
              39.9955925
            ]
          ]
        ]
      },
      "properties": {
        "kind": "osm",
        "layer": "buildings",
        "osm_type": "way",
        "osm_id": 392563294,
        "name": "",
        "source": "OpenStreetMap via Overpass API",
        "geometry_type": "Polygon",
        "building": "apartments"
      }
    },
    {
      "type": "Feature",
      "geometry": {
        "type": "Polygon",
        "coordinates": [
          [
            [
              116.3135347,
              39.9958124
            ],
            [
              116.313537,
              39.9957321
            ],
            [
              116.3136963,
              39.9957347
            ],
            [
              116.313694,
              39.995815
            ],
            [
              116.3135347,
              39.9958124
            ]
          ]
        ]
      },
      "properties": {
        "kind": "osm",
        "layer": "buildings",
        "osm_type": "way",
        "osm_id": 392563295,
        "name": "",
        "source": "OpenStreetMap via Overpass API",
        "geometry_type": "Polygon",
        "building": "yes"
      }
    },
    {
      "type": "Feature",
      "geometry": {
        "type": "Polygon",
        "coordinates": [
          [
            [
              116.3100089,
              39.995816
            ],
            [
              116.3100213,
              39.9956814
            ],
            [
              116.3101156,
              39.9956865
            ],
            [
              116.3101032,
              39.9958211
            ],
            [
              116.3100089,
              39.995816
            ]
          ]
        ]
      },
      "properties": {
        "kind": "osm",
        "layer": "buildings",
        "osm_type": "way",
        "osm_id": 392563296,
        "name": "",
        "source": "OpenStreetMap via Overpass API",
        "geometry_type": "Polygon",
        "building": "yes"
      }
    },
    {
      "type": "Feature",
      "geometry": {
        "type": "Polygon",
        "coordinates": [
          [
            [
              116.3101892,
              39.994953
            ],
            [
              116.3102073,
              39.9947651
            ],
            [
              116.3103572,
              39.9947651
            ],
            [
              116.3103345,
              39.9949565
            ],
            [
              116.3101892,
              39.994953
            ]
          ]
        ]
      },
      "properties": {
        "kind": "osm",
        "layer": "buildings",
        "osm_type": "way",
        "osm_id": 392563299,
        "name": "",
        "source": "OpenStreetMap via Overpass API",
        "geometry_type": "Polygon",
        "building": "yes"
      }
    },
    {
      "type": "Feature",
      "geometry": {
        "type": "Polygon",
        "coordinates": [
          [
            [
              116.3105435,
              39.9949321
            ],
            [
              116.3105526,
              39.9947825
            ],
            [
              116.3107025,
              39.9947825
            ],
            [
              116.3107025,
              39.9949321
            ],
            [
              116.3105435,
              39.9949321
            ]
          ]
        ]
      },
      "properties": {
        "kind": "osm",
        "layer": "buildings",
        "osm_type": "way",
        "osm_id": 392563300,
        "name": "",
        "source": "OpenStreetMap via Overpass API",
        "geometry_type": "Polygon",
        "building": "yes"
      }
    },
    {
      "type": "Feature",
      "geometry": {
        "type": "Polygon",
        "coordinates": [
          [
            [
              116.310952,
              39.9949686
            ],
            [
              116.3109586,
              39.994835
            ],
            [
              116.3110845,
              39.9948386
            ],
            [
              116.311078,
              39.9949722
            ],
            [
              116.310952,
              39.9949686
            ]
          ]
        ]
      },
      "properties": {
        "kind": "osm",
        "layer": "buildings",
        "osm_type": "way",
        "osm_id": 392563301,
        "name": "",
        "source": "OpenStreetMap via Overpass API",
        "geometry_type": "Polygon",
        "building": "yes"
      }
    },
    {
      "type": "Feature",
      "geometry": {
        "type": "Polygon",
        "coordinates": [
          [
            [
              116.3112021,
              39.9949391
            ],
            [
              116.3112248,
              39.9947825
            ],
            [
              116.3112839,
              39.9947755
            ],
            [
              116.3112612,
              39.994953
            ],
            [
              116.3112021,
              39.9949391
            ]
          ]
        ]
      },
      "properties": {
        "kind": "osm",
        "layer": "buildings",
        "osm_type": "way",
        "osm_id": 392563302,
        "name": "",
        "source": "OpenStreetMap via Overpass API",
        "geometry_type": "Polygon",
        "building": "yes"
      }
    },
    {
      "type": "Feature",
      "geometry": {
        "type": "Polygon",
        "coordinates": [
          [
            [
              116.3114247,
              39.9949982
            ],
            [
              116.3114247,
              39.9948764
            ],
            [
              116.3115246,
              39.9948764
            ],
            [
              116.3115291,
              39.9950052
            ],
            [
              116.3114247,
              39.9949982
            ]
          ]
        ]
      },
      "properties": {
        "kind": "osm",
        "layer": "buildings",
        "osm_type": "way",
        "osm_id": 392563303,
        "name": "",
        "source": "OpenStreetMap via Overpass API",
        "geometry_type": "Polygon",
        "building": "yes"
      }
    },
    {
      "type": "Feature",
      "geometry": {
        "type": "Polygon",
        "coordinates": [
          [
            [
              116.3116972,
              39.9948068
            ],
            [
              116.3116972,
              39.9946572
            ],
            [
              116.3118426,
              39.9946642
            ],
            [
              116.311838,
              39.9948242
            ],
            [
              116.3116972,
              39.9948068
            ]
          ]
        ]
      },
      "properties": {
        "kind": "osm",
        "layer": "buildings",
        "osm_type": "way",
        "osm_id": 392563305,
        "name": "",
        "source": "OpenStreetMap via Overpass API",
        "geometry_type": "Polygon",
        "building": "yes"
      }
    },
    {
      "type": "Feature",
      "geometry": {
        "type": "Polygon",
        "coordinates": [
          [
            [
              116.3122605,
              39.9946642
            ],
            [
              116.3124149,
              39.9946711
            ],
            [
              116.3124013,
              39.9948173
            ],
            [
              116.3123422,
              39.9948347
            ],
            [
              116.3123241,
              39.9949356
            ],
            [
              116.3122332,
              39.9949495
            ],
            [
              116.3122605,
              39.9946642
            ]
          ]
        ]
      },
      "properties": {
        "kind": "osm",
        "layer": "buildings",
        "osm_type": "way",
        "osm_id": 392563307,
        "name": "北京大学燕东园30号楼",
        "source": "OpenStreetMap via Overpass API",
        "geometry_type": "Polygon",
        "building": "yes"
      }
    },
    {
      "type": "Feature",
      "geometry": {
        "type": "Polygon",
        "coordinates": [
          [
            [
              116.3123876,
              39.9948486
            ],
            [
              116.312374,
              39.9949286
            ],
            [
              116.3127147,
              39.994953
            ],
            [
              116.3127419,
              39.9949008
            ],
            [
              116.3128282,
              39.9949043
            ],
            [
              116.3128464,
              39.9949878
            ],
            [
              116.3137231,
              39.9950052
            ],
            [
              116.3137367,
              39.9948347
            ],
            [
              116.3130099,
              39.9948312
            ],
            [
              116.3129872,
              39.9948625
            ],
            [
              116.3123876,
              39.9948486
            ]
          ]
        ]
      },
      "properties": {
        "kind": "osm",
        "layer": "buildings",
        "osm_type": "way",
        "osm_id": 392563308,
        "name": "",
        "source": "OpenStreetMap via Overpass API",
        "geometry_type": "Polygon",
        "building": "yes"
      }
    },
    {
      "type": "Feature",
      "geometry": {
        "type": "Polygon",
        "coordinates": [
          [
            [
              116.313287,
              39.9947581
            ],
            [
              116.3133006,
              39.9946676
            ],
            [
              116.3130508,
              39.9946676
            ],
            [
              116.3130644,
              39.9945667
            ],
            [
              116.3132507,
              39.9945841
            ],
            [
              116.3133097,
              39.9945772
            ],
            [
              116.3133324,
              39.994438
            ],
            [
              116.3135278,
              39.9944484
            ],
            [
              116.313496,
              39.9945772
            ],
            [
              116.3134187,
              39.9945876
            ],
            [
              116.3134097,
              39.9947442
            ],
            [
              116.313287,
              39.9947581
            ]
          ]
        ]
      },
      "properties": {
        "kind": "osm",
        "layer": "buildings",
        "osm_type": "way",
        "osm_id": 392563309,
        "name": "",
        "source": "OpenStreetMap via Overpass API",
        "geometry_type": "Polygon",
        "building": "yes"
      }
    },
    {
      "type": "Feature",
      "geometry": {
        "type": "Polygon",
        "coordinates": [
          [
            [
              116.3135505,
              39.994692
            ],
            [
              116.3135596,
              39.9946294
            ],
            [
              116.3136865,
              39.994634
            ],
            [
              116.3137503,
              39.9946363
            ],
            [
              116.3137367,
              39.9947129
            ],
            [
              116.3135505,
              39.994692
            ]
          ]
        ]
      },
      "properties": {
        "kind": "osm",
        "layer": "buildings",
        "osm_type": "way",
        "osm_id": 392563310,
        "name": "",
        "source": "OpenStreetMap via Overpass API",
        "geometry_type": "Polygon",
        "building": "yes"
      }
    },
    {
      "type": "Feature",
      "geometry": {
        "type": "Polygon",
        "coordinates": [
          [
            [
              116.3128065,
              39.9945166
            ],
            [
              116.31281,
              39.9943925
            ],
            [
              116.3129856,
              39.9943954
            ],
            [
              116.3129822,
              39.9945195
            ],
            [
              116.3128065,
              39.9945166
            ]
          ]
        ]
      },
      "properties": {
        "kind": "osm",
        "layer": "buildings",
        "osm_type": "way",
        "osm_id": 392563313,
        "name": "",
        "source": "OpenStreetMap via Overpass API",
        "geometry_type": "Polygon",
        "building": "school"
      }
    },
    {
      "type": "Feature",
      "geometry": {
        "type": "Polygon",
        "coordinates": [
          [
            [
              116.3114893,
              39.9944379
            ],
            [
              116.3114919,
              39.9943038
            ],
            [
              116.3116121,
              39.9943052
            ],
            [
              116.3116095,
              39.9944392
            ],
            [
              116.3114893,
              39.9944379
            ]
          ]
        ]
      },
      "properties": {
        "kind": "osm",
        "layer": "buildings",
        "osm_type": "way",
        "osm_id": 392563315,
        "name": "",
        "source": "OpenStreetMap via Overpass API",
        "geometry_type": "Polygon",
        "building": "school"
      }
    },
    {
      "type": "Feature",
      "geometry": {
        "type": "Polygon",
        "coordinates": [
          [
            [
              116.3115028,
              39.994141
            ],
            [
              116.3115028,
              39.9939914
            ],
            [
              116.311621,
              39.9939914
            ],
            [
              116.311621,
              39.994141
            ],
            [
              116.3115028,
              39.994141
            ]
          ]
        ]
      },
      "properties": {
        "kind": "osm",
        "layer": "buildings",
        "osm_type": "way",
        "osm_id": 392563316,
        "name": "",
        "source": "OpenStreetMap via Overpass API",
        "geometry_type": "Polygon",
        "building": "school"
      }
    },
    {
      "type": "Feature",
      "geometry": {
        "type": "Polygon",
        "coordinates": [
          [
            [
              116.3116064,
              39.9945284
            ],
            [
              116.3116881,
              39.9945284
            ],
            [
              116.3116927,
              39.9944971
            ],
            [
              116.3118471,
              39.9944971
            ],
            [
              116.3118517,
              39.9945354
            ],
            [
              116.3120561,
              39.9945284
            ],
            [
              116.3120606,
              39.9944171
            ],
            [
              116.3118653,
              39.994438
            ],
            [
              116.3116095,
              39.9944392
            ],
            [
              116.3116064,
              39.9945284
            ]
          ]
        ]
      },
      "properties": {
        "kind": "osm",
        "layer": "buildings",
        "osm_type": "way",
        "osm_id": 392563317,
        "name": "",
        "source": "OpenStreetMap via Overpass API",
        "geometry_type": "Polygon",
        "building": "school"
      }
    },
    {
      "type": "Feature",
      "geometry": {
        "type": "Polygon",
        "coordinates": [
          [
            [
              116.3121424,
              39.9945006
            ],
            [
              116.312156,
              39.9942814
            ],
            [
              116.3116382,
              39.994257
            ],
            [
              116.3116609,
              39.9940656
            ],
            [
              116.312215,
              39.9940761
            ],
            [
              116.3123195,
              39.99409
            ],
            [
              116.3123967,
              39.9941317
            ],
            [
              116.3124013,
              39.9942118
            ],
            [
              116.3123695,
              39.9942709
            ],
            [
              116.3122923,
              39.9942918
            ],
            [
              116.3122468,
              39.9943057
            ],
            [
              116.3122377,
              39.994525
            ],
            [
              116.3121424,
              39.9945006
            ]
          ]
        ]
      },
      "properties": {
        "kind": "osm",
        "layer": "buildings",
        "osm_type": "way",
        "osm_id": 392563318,
        "name": "",
        "source": "OpenStreetMap via Overpass API",
        "geometry_type": "Polygon",
        "building": "school"
      }
    },
    {
      "type": "Feature",
      "geometry": {
        "type": "Polygon",
        "coordinates": [
          [
            [
              116.3128146,
              39.9942779
            ],
            [
              116.3128282,
              39.9941457
            ],
            [
              116.3127783,
              39.9941491
            ],
            [
              116.3127783,
              39.9941074
            ],
            [
              116.3124967,
              39.9941143
            ],
            [
              116.3124967,
              39.9942674
            ],
            [
              116.3128146,
              39.9942779
            ]
          ]
        ]
      },
      "properties": {
        "kind": "osm",
        "layer": "buildings",
        "osm_type": "way",
        "osm_id": 392563319,
        "name": "",
        "source": "OpenStreetMap via Overpass API",
        "geometry_type": "Polygon",
        "building": "school"
      }
    },
    {
      "type": "Feature",
      "geometry": {
        "type": "Polygon",
        "coordinates": [
          [
            [
              116.3103089,
              39.9945491
            ],
            [
              116.3104373,
              39.9945512
            ],
            [
              116.3104394,
              39.9944795
            ],
            [
              116.3105075,
              39.9944806
            ],
            [
              116.3105094,
              39.9944163
            ],
            [
              116.3102685,
              39.9944123
            ],
            [
              116.3102664,
              39.9944838
            ],
            [
              116.3103107,
              39.9944845
            ],
            [
              116.3103089,
              39.9945491
            ]
          ]
        ]
      },
      "properties": {
        "kind": "osm",
        "layer": "buildings",
        "osm_type": "way",
        "osm_id": 392563325,
        "name": "北京大学燕东园34号楼",
        "source": "OpenStreetMap via Overpass API",
        "geometry_type": "Polygon",
        "building": "yes"
      }
    },
    {
      "type": "Feature",
      "geometry": {
        "type": "Polygon",
        "coordinates": [
          [
            [
              116.3102755,
              39.99417
            ],
            [
              116.3102891,
              39.9940969
            ],
            [
              116.3105298,
              39.9941004
            ],
            [
              116.3105071,
              39.9941979
            ],
            [
              116.3102755,
              39.99417
            ]
          ]
        ]
      },
      "properties": {
        "kind": "osm",
        "layer": "buildings",
        "osm_type": "way",
        "osm_id": 392563326,
        "name": "北京大学-战略研究所",
        "source": "OpenStreetMap via Overpass API",
        "geometry_type": "Polygon",
        "building": "yes"
      }
    },
    {
      "type": "Feature",
      "geometry": {
        "type": "Polygon",
        "coordinates": [
          [
            [
              116.3107252,
              39.9941944
            ],
            [
              116.3107206,
              39.9940761
            ],
            [
              116.3108569,
              39.9940865
            ],
            [
              116.3108433,
              39.9942013
            ],
            [
              116.3107252,
              39.9941944
            ]
          ]
        ]
      },
      "properties": {
        "kind": "osm",
        "layer": "buildings",
        "osm_type": "way",
        "osm_id": 392563327,
        "name": "北京大学-燕东园小楼32号楼",
        "source": "OpenStreetMap via Overpass API",
        "geometry_type": "Polygon",
        "building": "yes"
      }
    },
    {
      "type": "Feature",
      "geometry": {
        "type": "Polygon",
        "coordinates": [
          [
            [
              116.3109432,
              39.9942501
            ],
            [
              116.3109387,
              39.994177
            ],
            [
              116.3110159,
              39.9941735
            ],
            [
              116.3110113,
              39.9942501
            ],
            [
              116.3109432,
              39.9942501
            ]
          ]
        ]
      },
      "properties": {
        "kind": "osm",
        "layer": "buildings",
        "osm_type": "way",
        "osm_id": 392563328,
        "name": "",
        "source": "OpenStreetMap via Overpass API",
        "geometry_type": "Polygon",
        "building": "yes"
      }
    },
    {
      "type": "Feature",
      "geometry": {
        "type": "Polygon",
        "coordinates": [
          [
            [
              116.311025,
              39.9940447
            ],
            [
              116.3111249,
              39.9940482
            ],
            [
              116.3111067,
              39.9940969
            ],
            [
              116.3112066,
              39.9941004
            ],
            [
              116.3112066,
              39.9941561
            ],
            [
              116.311034,
              39.9941561
            ],
            [
              116.311025,
              39.9940447
            ]
          ]
        ]
      },
      "properties": {
        "kind": "osm",
        "layer": "buildings",
        "osm_type": "way",
        "osm_id": 392563329,
        "name": "北京大学-燕东园小楼31号楼",
        "source": "OpenStreetMap via Overpass API",
        "geometry_type": "Polygon",
        "building": "yes"
      }
    },
    {
      "type": "Feature",
      "geometry": {
        "type": "Polygon",
        "coordinates": [
          [
            [
              116.3098792,
              39.993902
            ],
            [
              116.3100347,
              39.9937683
            ],
            [
              116.3099601,
              39.9937174
            ],
            [
              116.3098046,
              39.9938511
            ],
            [
              116.3098792,
              39.993902
            ]
          ]
        ]
      },
      "properties": {
        "kind": "osm",
        "layer": "buildings",
        "osm_type": "way",
        "osm_id": 392563330,
        "name": "",
        "source": "OpenStreetMap via Overpass API",
        "geometry_type": "Polygon",
        "building": "yes"
      }
    },
    {
      "type": "Feature",
      "geometry": {
        "type": "Polygon",
        "coordinates": [
          [
            [
              116.3105616,
              39.9945806
            ],
            [
              116.3105753,
              39.9944623
            ],
            [
              116.3106071,
              39.9944902
            ],
            [
              116.3106389,
              39.994598
            ],
            [
              116.3105616,
              39.9945806
            ]
          ]
        ]
      },
      "properties": {
        "kind": "osm",
        "layer": "buildings",
        "osm_type": "way",
        "osm_id": 392563332,
        "name": "",
        "source": "OpenStreetMap via Overpass API",
        "geometry_type": "Polygon",
        "building": "yes"
      }
    },
    {
      "type": "Feature",
      "geometry": {
        "type": "Polygon",
        "coordinates": [
          [
            [
              116.3106682,
              39.9964177
            ],
            [
              116.3108512,
              39.996426
            ],
            [
              116.3108544,
              39.9963842
            ],
            [
              116.3119235,
              39.9964324
            ],
            [
              116.3119342,
              39.9962933
            ],
            [
              116.3108774,
              39.9962456
            ],
            [
              116.3108726,
              39.9963078
            ],
            [
              116.3106773,
              39.996299
            ],
            [
              116.3106682,
              39.9964177
            ]
          ]
        ]
      },
      "properties": {
        "kind": "osm",
        "layer": "buildings",
        "osm_type": "way",
        "osm_id": 392563346,
        "name": "",
        "source": "OpenStreetMap via Overpass API",
        "geometry_type": "Polygon",
        "building": "yes"
      }
    },
    {
      "type": "Feature",
      "geometry": {
        "type": "Polygon",
        "coordinates": [
          [
            [
              116.3143638,
              39.9945948
            ],
            [
              116.3144545,
              39.9939155
            ],
            [
              116.3149689,
              39.993951
            ],
            [
              116.3148815,
              39.9946174
            ],
            [
              116.3143638,
              39.9945948
            ]
          ]
        ]
      },
      "properties": {
        "kind": "osm",
        "layer": "buildings",
        "osm_type": "way",
        "osm_id": 409376794,
        "name": "十四所",
        "source": "OpenStreetMap via Overpass API",
        "geometry_type": "Polygon",
        "building": "residential"
      }
    },
    {
      "type": "Feature",
      "geometry": {
        "type": "Polygon",
        "coordinates": [
          [
            [
              116.3151999,
              39.992156
            ],
            [
              116.3152042,
              39.9920574
            ],
            [
              116.3155013,
              39.9920649
            ],
            [
              116.315497,
              39.9921635
            ],
            [
              116.3151999,
              39.992156
            ]
          ]
        ]
      },
      "properties": {
        "kind": "osm",
        "layer": "buildings",
        "osm_type": "way",
        "osm_id": 409376796,
        "name": "西南2",
        "source": "OpenStreetMap via Overpass API",
        "geometry_type": "Polygon",
        "building": "residential"
      }
    },
    {
      "type": "Feature",
      "geometry": {
        "type": "Polygon",
        "coordinates": [
          [
            [
              116.3154095,
              39.9919118
            ],
            [
              116.3154133,
              39.9918099
            ],
            [
              116.3157347,
              39.991817
            ],
            [
              116.3157308,
              39.9919188
            ],
            [
              116.3154095,
              39.9919118
            ]
          ]
        ]
      },
      "properties": {
        "kind": "osm",
        "layer": "buildings",
        "osm_type": "way",
        "osm_id": 409376797,
        "name": "西南1",
        "source": "OpenStreetMap via Overpass API",
        "geometry_type": "Polygon",
        "building": "residential"
      }
    },
    {
      "type": "Feature",
      "geometry": {
        "type": "Polygon",
        "coordinates": [
          [
            [
              116.3144126,
              39.9959651
            ],
            [
              116.3144197,
              39.995861
            ],
            [
              116.3151598,
              39.9958904
            ],
            [
              116.3151528,
              39.9959945
            ],
            [
              116.3144126,
              39.9959651
            ]
          ]
        ]
      },
      "properties": {
        "kind": "osm",
        "layer": "buildings",
        "osm_type": "way",
        "osm_id": 409380285,
        "name": "9公寓",
        "source": "OpenStreetMap via Overpass API",
        "geometry_type": "Polygon",
        "building": "residential"
      }
    },
    {
      "type": "Feature",
      "geometry": {
        "type": "Polygon",
        "coordinates": [
          [
            [
              116.3145923,
              39.9973032
            ],
            [
              116.3146111,
              39.9970797
            ],
            [
              116.3145037,
              39.9970744
            ],
            [
              116.3145178,
              39.9969063
            ],
            [
              116.3149343,
              39.9969269
            ],
            [
              116.3149201,
              39.9970941
            ],
            [
              116.3148252,
              39.9970894
            ],
            [
              116.3148063,
              39.9973138
            ],
            [
              116.3145923,
              39.9973032
            ]
          ]
        ]
      },
      "properties": {
        "kind": "osm",
        "layer": "buildings",
        "osm_type": "way",
        "osm_id": 409381512,
        "name": "教工活动中心",
        "source": "OpenStreetMap via Overpass API",
        "geometry_type": "Polygon",
        "building": "pavilion"
      }
    },
    {
      "type": "Feature",
      "geometry": {
        "type": "Polygon",
        "coordinates": [
          [
            [
              116.3013023,
              39.9873798
            ],
            [
              116.3013641,
              39.9873827
            ],
            [
              116.3021577,
              39.9874001
            ],
            [
              116.302166,
              39.9871949
            ],
            [
              116.3021744,
              39.9869881
            ],
            [
              116.3021876,
              39.9866643
            ],
            [
              116.3021088,
              39.9866624
            ],
            [
              116.3017117,
              39.986653
            ],
            [
              116.301332,
              39.9866439
            ],
            [
              116.3013023,
              39.9873798
            ]
          ]
        ]
      },
      "properties": {
        "kind": "osm",
        "layer": "buildings",
        "osm_type": "way",
        "osm_id": 444894329,
        "name": "餐饮综合楼（家园食堂）",
        "source": "OpenStreetMap via Overpass API",
        "geometry_type": "Polygon",
        "building": "yes",
        "amenity": "restaurant"
      }
    },
    {
      "type": "Feature",
      "geometry": {
        "type": "Polygon",
        "coordinates": [
          [
            [
              116.3066893,
              39.990571
            ],
            [
              116.307489,
              39.9905984
            ],
            [
              116.3074995,
              39.9904189
            ],
            [
              116.3074785,
              39.9904182
            ],
            [
              116.3074808,
              39.9903787
            ],
            [
              116.3074831,
              39.9903386
            ],
            [
              116.3075063,
              39.9903394
            ],
            [
              116.3075271,
              39.9899807
            ],
            [
              116.307389,
              39.989976
            ],
            [
              116.3073902,
              39.9899569
            ],
            [
              116.3069829,
              39.9899405
            ],
            [
              116.3067328,
              39.9899306
            ],
            [
              116.3067053,
              39.9903155
            ],
            [
              116.3067278,
              39.9903163
            ],
            [
              116.306726,
              39.9903471
            ],
            [
              116.3067235,
              39.9903895
            ],
            [
              116.3066999,
              39.9903887
            ],
            [
              116.3066893,
              39.990571
            ]
          ]
        ]
      },
      "properties": {
        "kind": "osm",
        "layer": "buildings",
        "osm_type": "way",
        "osm_id": 444991872,
        "name": "理科教学楼（黄廷方楼）",
        "source": "OpenStreetMap via Overpass API",
        "geometry_type": "Polygon",
        "building": "university"
      }
    },
    {
      "type": "Feature",
      "geometry": {
        "type": "Polygon",
        "coordinates": [
          [
            [
              116.307522,
              39.9892682
            ],
            [
              116.3077395,
              39.9892774
            ],
            [
              116.3080421,
              39.9892903
            ],
            [
              116.3080366,
              39.9893659
            ],
            [
              116.3080997,
              39.9893686
            ],
            [
              116.3080829,
              39.9896232
            ],
            [
              116.3077534,
              39.9896074
            ],
            [
              116.3075036,
              39.9895968
            ],
            [
              116.3075191,
              39.9893817
            ],
            [
              116.3074643,
              39.9893794
            ],
            [
              116.3074676,
              39.9893341
            ],
            [
              116.307517,
              39.9893362
            ],
            [
              116.307522,
              39.9892682
            ]
          ]
        ]
      },
      "properties": {
        "kind": "osm",
        "layer": "buildings",
        "osm_type": "way",
        "osm_id": 444991873,
        "name": "英杰交流中心",
        "source": "OpenStreetMap via Overpass API",
        "geometry_type": "Polygon",
        "building": "public"
      }
    },
    {
      "type": "Feature",
      "geometry": {
        "type": "Polygon",
        "coordinates": [
          [
            [
              116.3053681,
              39.9905018
            ],
            [
              116.3053798,
              39.9903394
            ],
            [
              116.3057428,
              39.9903547
            ],
            [
              116.306116,
              39.9903705
            ],
            [
              116.3061043,
              39.9905329
            ],
            [
              116.3057381,
              39.9905174
            ],
            [
              116.3053681,
              39.9905018
            ]
          ]
        ]
      },
      "properties": {
        "kind": "osm",
        "layer": "buildings",
        "osm_type": "way",
        "osm_id": 445012603,
        "name": "地学楼",
        "source": "OpenStreetMap via Overpass API",
        "geometry_type": "Polygon",
        "building": "university"
      }
    },
    {
      "type": "Feature",
      "geometry": {
        "type": "Polygon",
        "coordinates": [
          [
            [
              116.3052225,
              39.9901449
            ],
            [
              116.3052413,
              39.9898243
            ],
            [
              116.3063035,
              39.989851
            ],
            [
              116.306282,
              39.9901778
            ],
            [
              116.3060916,
              39.9901737
            ],
            [
              116.3060969,
              39.9900586
            ],
            [
              116.3057676,
              39.9900473
            ],
            [
              116.3054398,
              39.990036
            ],
            [
              116.3054318,
              39.9901531
            ],
            [
              116.3052225,
              39.9901449
            ]
          ]
        ]
      },
      "properties": {
        "kind": "osm",
        "layer": "buildings",
        "osm_type": "way",
        "osm_id": 445012604,
        "name": "老化学楼",
        "source": "OpenStreetMap via Overpass API",
        "geometry_type": "Polygon",
        "building": "university"
      }
    },
    {
      "type": "Feature",
      "geometry": {
        "type": "Polygon",
        "coordinates": [
          [
            [
              116.3054094,
              39.9888567
            ],
            [
              116.3055853,
              39.9888631
            ],
            [
              116.3055841,
              39.9888831
            ],
            [
              116.3060847,
              39.9889001
            ],
            [
              116.3060859,
              39.988878
            ],
            [
              116.3062638,
              39.9888836
            ],
            [
              116.3062686,
              39.9887952
            ],
            [
              116.3061017,
              39.9887899
            ],
            [
              116.3061031,
              39.9887635
            ],
            [
              116.3056196,
              39.9887489
            ],
            [
              116.3056231,
              39.9886812
            ],
            [
              116.305866,
              39.9886885
            ],
            [
              116.3058651,
              39.9887056
            ],
            [
              116.3059474,
              39.988708
            ],
            [
              116.3059466,
              39.9887246
            ],
            [
              116.3061684,
              39.9887314
            ],
            [
              116.3061823,
              39.9884651
            ],
            [
              116.3058834,
              39.9884559
            ],
            [
              116.3058827,
              39.9884693
            ],
            [
              116.3056698,
              39.988462
            ],
            [
              116.3056726,
              39.9884143
            ],
            [
              116.3056497,
              39.9884135
            ],
            [
              116.3056528,
              39.9883638
            ],
            [
              116.3060499,
              39.9883789
            ],
            [
              116.3060487,
              39.9883962
            ],
            [
              116.30616,
              39.9884007
            ],
            [
              116.3061612,
              39.9883834
            ],
            [
              116.3063365,
              39.9883907
            ],
            [
              116.3063447,
              39.988276
            ],
            [
              116.3061785,
              39.988269
            ],
            [
              116.3061801,
              39.9882472
            ],
            [
              116.3056149,
              39.988223
            ],
            [
              116.3056138,
              39.9882383
            ],
            [
              116.3054476,
              39.9882312
            ],
            [
              116.3054396,
              39.988342
            ],
            [
              116.3055606,
              39.9883471
            ],
            [
              116.3055544,
              39.9884335
            ],
            [
              116.3055397,
              39.9884329
            ],
            [
              116.305522,
              39.9886891
            ],
            [
              116.305537,
              39.9886897
            ],
            [
              116.3055325,
              39.9887605
            ],
            [
              116.3054157,
              39.9887562
            ],
            [
              116.3054094,
              39.9888567
            ]
          ]
        ]
      },
      "properties": {
        "kind": "osm",
        "layer": "buildings",
        "osm_type": "way",
        "osm_id": 445012606,
        "name": "电化教学楼（智华楼）",
        "source": "OpenStreetMap via Overpass API",
        "geometry_type": "Polygon",
        "building": "university"
      }
    },
    {
      "type": "Feature",
      "geometry": {
        "type": "Polygon",
        "coordinates": [
          [
            [
              116.3051429,
              39.9910961
            ],
            [
              116.3053593,
              39.9911026
            ],
            [
              116.3053523,
              39.9912413
            ],
            [
              116.305685,
              39.9912512
            ],
            [
              116.3059866,
              39.9912602
            ],
            [
              116.3059933,
              39.9911275
            ],
            [
              116.3062293,
              39.9911345
            ],
            [
              116.3062137,
              39.9914401
            ],
            [
              116.305127,
              39.9914075
            ],
            [
              116.3051429,
              39.9910961
            ]
          ]
        ]
      },
      "properties": {
        "kind": "osm",
        "layer": "buildings",
        "osm_type": "way",
        "osm_id": 445012607,
        "name": "老生物楼",
        "source": "OpenStreetMap via Overpass API",
        "geometry_type": "Polygon",
        "building": "university"
      }
    },
    {
      "type": "Feature",
      "geometry": {
        "type": "Polygon",
        "coordinates": [
          [
            [
              116.303109,
              39.9943996
            ],
            [
              116.3031251,
              39.9942558
            ],
            [
              116.3033074,
              39.9942681
            ],
            [
              116.3032914,
              39.9944078
            ],
            [
              116.303109,
              39.9943996
            ]
          ]
        ]
      },
      "properties": {
        "kind": "osm",
        "layer": "buildings",
        "osm_type": "way",
        "osm_id": 445014559,
        "name": "体斋",
        "source": "OpenStreetMap via Overpass API",
        "geometry_type": "Polygon",
        "building": "university"
      }
    },
    {
      "type": "Feature",
      "geometry": {
        "type": "Polygon",
        "coordinates": [
          [
            [
              116.3005306,
              39.9898047
            ],
            [
              116.3005361,
              39.9897028
            ],
            [
              116.3009188,
              39.9897028
            ],
            [
              116.3009188,
              39.989809
            ],
            [
              116.3005306,
              39.9898047
            ]
          ]
        ]
      },
      "properties": {
        "kind": "osm",
        "layer": "buildings",
        "osm_type": "way",
        "osm_id": 445016204,
        "name": "佟园餐厅（清真）",
        "source": "OpenStreetMap via Overpass API",
        "geometry_type": "Polygon",
        "building": "yes",
        "amenity": "restaurant"
      }
    },
    {
      "type": "Feature",
      "geometry": {
        "type": "Polygon",
        "coordinates": [
          [
            [
              116.3044659,
              39.9879193
            ],
            [
              116.3045166,
              39.9879215
            ],
            [
              116.3051243,
              39.9879478
            ],
            [
              116.305134,
              39.9878161
            ],
            [
              116.3049052,
              39.9878062
            ],
            [
              116.3049111,
              39.9877263
            ],
            [
              116.304918,
              39.9876322
            ],
            [
              116.3049205,
              39.9875975
            ],
            [
              116.3049327,
              39.9874318
            ],
            [
              116.3050563,
              39.9874371
            ],
            [
              116.3051599,
              39.9874416
            ],
            [
              116.3051693,
              39.9873138
            ],
            [
              116.3049588,
              39.9873048
            ],
            [
              116.3045757,
              39.9872883
            ],
            [
              116.3045725,
              39.9873313
            ],
            [
              116.3045163,
              39.9873289
            ],
            [
              116.3044515,
              39.9873261
            ],
            [
              116.3044127,
              39.9878561
            ],
            [
              116.3044703,
              39.9878586
            ],
            [
              116.3044659,
              39.9879193
            ]
          ]
        ]
      },
      "properties": {
        "kind": "osm",
        "layer": "buildings",
        "osm_type": "way",
        "osm_id": 445016209,
        "name": "新太阳学生中心（16楼-18楼）",
        "source": "OpenStreetMap via Overpass API",
        "geometry_type": "Polygon",
        "building": "university"
      }
    },
    {
      "type": "Feature",
      "geometry": {
        "type": "Polygon",
        "coordinates": [
          [
            [
              116.3039329,
              39.9893167
            ],
            [
              116.303949,
              39.9891153
            ],
            [
              116.3043085,
              39.9891214
            ],
            [
              116.3042987,
              39.9892686
            ],
            [
              116.304295,
              39.9893249
            ],
            [
              116.3040563,
              39.9893195
            ],
            [
              116.3039329,
              39.9893167
            ]
          ]
        ]
      },
      "properties": {
        "kind": "osm",
        "layer": "buildings",
        "osm_type": "way",
        "osm_id": 446944417,
        "name": "燕南食堂",
        "source": "OpenStreetMap via Overpass API",
        "geometry_type": "Polygon",
        "building": "yes",
        "amenity": "restaurant"
      }
    },
    {
      "type": "Feature",
      "geometry": {
        "type": "Polygon",
        "coordinates": [
          [
            [
              116.3118559,
              39.9871114
            ],
            [
              116.3118685,
              39.9870219
            ],
            [
              116.3125904,
              39.9870813
            ],
            [
              116.3125779,
              39.9871708
            ],
            [
              116.3118559,
              39.9871114
            ]
          ]
        ]
      },
      "properties": {
        "kind": "osm",
        "layer": "buildings",
        "osm_type": "way",
        "osm_id": 481765068,
        "name": "",
        "source": "OpenStreetMap via Overpass API",
        "geometry_type": "Polygon",
        "building": "yes"
      }
    },
    {
      "type": "Feature",
      "geometry": {
        "type": "Polygon",
        "coordinates": [
          [
            [
              116.3126664,
              39.9871778
            ],
            [
              116.3126789,
              39.9870883
            ],
            [
              116.3134009,
              39.9871477
            ],
            [
              116.3133884,
              39.9872372
            ],
            [
              116.3126664,
              39.9871778
            ]
          ]
        ]
      },
      "properties": {
        "kind": "osm",
        "layer": "buildings",
        "osm_type": "way",
        "osm_id": 481765069,
        "name": "",
        "source": "OpenStreetMap via Overpass API",
        "geometry_type": "Polygon",
        "building": "yes"
      }
    },
    {
      "type": "Feature",
      "geometry": {
        "type": "Polygon",
        "coordinates": [
          [
            [
              116.3110336,
              39.9873465
            ],
            [
              116.3110449,
              39.9872131
            ],
            [
              116.3114958,
              39.9872379
            ],
            [
              116.3114815,
              39.9873733
            ],
            [
              116.3110336,
              39.9873465
            ]
          ]
        ]
      },
      "properties": {
        "kind": "osm",
        "layer": "buildings",
        "osm_type": "way",
        "osm_id": 481765070,
        "name": "",
        "source": "OpenStreetMap via Overpass API",
        "geometry_type": "Polygon",
        "building": "yes"
      }
    },
    {
      "type": "Feature",
      "geometry": {
        "type": "Polygon",
        "coordinates": [
          [
            [
              116.3114815,
              39.9873733
            ],
            [
              116.3124699,
              39.9874346
            ],
            [
              116.3124842,
              39.9872992
            ],
            [
              116.3114958,
              39.9872379
            ],
            [
              116.3114815,
              39.9873733
            ]
          ]
        ]
      },
      "properties": {
        "kind": "osm",
        "layer": "buildings",
        "osm_type": "way",
        "osm_id": 481765071,
        "name": "",
        "source": "OpenStreetMap via Overpass API",
        "geometry_type": "Polygon",
        "building": "yes"
      }
    },
    {
      "type": "Feature",
      "geometry": {
        "type": "Polygon",
        "coordinates": [
          [
            [
              116.3125771,
              39.9874374
            ],
            [
              116.3134876,
              39.9875027
            ],
            [
              116.3135037,
              39.987371
            ],
            [
              116.3125932,
              39.9873057
            ],
            [
              116.3125771,
              39.9874374
            ]
          ]
        ]
      },
      "properties": {
        "kind": "osm",
        "layer": "buildings",
        "osm_type": "way",
        "osm_id": 481765072,
        "name": "",
        "source": "OpenStreetMap via Overpass API",
        "geometry_type": "Polygon",
        "building": "yes"
      }
    },
    {
      "type": "Feature",
      "geometry": {
        "type": "Polygon",
        "coordinates": [
          [
            [
              116.3042138,
              39.992307
            ],
            [
              116.3045164,
              39.9923223
            ],
            [
              116.3045275,
              39.9921931
            ],
            [
              116.3042249,
              39.9921779
            ],
            [
              116.3042138,
              39.992307
            ]
          ]
        ]
      },
      "properties": {
        "kind": "osm",
        "layer": "buildings",
        "osm_type": "way",
        "osm_id": 568727714,
        "name": "伟利楼",
        "source": "OpenStreetMap via Overpass API",
        "geometry_type": "Polygon",
        "building": "yes"
      }
    },
    {
      "type": "Feature",
      "geometry": {
        "type": "Polygon",
        "coordinates": [
          [
            [
              116.3031314,
              39.9945307
            ],
            [
              116.3031415,
              39.9944538
            ],
            [
              116.303631,
              39.9944913
            ],
            [
              116.3036209,
              39.9945682
            ],
            [
              116.3031314,
              39.9945307
            ]
          ]
        ]
      },
      "properties": {
        "kind": "osm",
        "layer": "buildings",
        "osm_type": "way",
        "osm_id": 568832327,
        "name": "健斋",
        "source": "OpenStreetMap via Overpass API",
        "geometry_type": "Polygon",
        "building": "yes"
      }
    },
    {
      "type": "Feature",
      "geometry": {
        "type": "Polygon",
        "coordinates": [
          [
            [
              116.3048742,
              39.9916364
            ],
            [
              116.3048758,
              39.9915966
            ],
            [
              116.3048808,
              39.9914777
            ],
            [
              116.3051549,
              39.9914845
            ],
            [
              116.3051482,
              39.9916431
            ],
            [
              116.3048742,
              39.9916364
            ]
          ]
        ]
      },
      "properties": {
        "kind": "osm",
        "layer": "buildings",
        "osm_type": "way",
        "osm_id": 628032100,
        "name": "",
        "source": "OpenStreetMap via Overpass API",
        "geometry_type": "Polygon",
        "building": "yes"
      }
    },
    {
      "type": "Feature",
      "geometry": {
        "type": "Polygon",
        "coordinates": [
          [
            [
              116.3030391,
              39.9916258
            ],
            [
              116.3030505,
              39.9914033
            ],
            [
              116.3033687,
              39.9914128
            ],
            [
              116.3037203,
              39.9914234
            ],
            [
              116.3037089,
              39.9916459
            ],
            [
              116.3030391,
              39.9916258
            ]
          ]
        ]
      },
      "properties": {
        "kind": "osm",
        "layer": "buildings",
        "osm_type": "way",
        "osm_id": 628032101,
        "name": "阿卜杜勒·阿齐兹国王公共图书馆北京大学分馆（古籍图书馆）",
        "source": "OpenStreetMap via Overpass API",
        "geometry_type": "Polygon",
        "building": "yes",
        "amenity": "library"
      }
    },
    {
      "type": "Feature",
      "geometry": {
        "type": "Polygon",
        "coordinates": [
          [
            [
              116.3052184,
              39.991701
            ],
            [
              116.3052325,
              39.9914732
            ],
            [
              116.3053845,
              39.9914787
            ],
            [
              116.3053786,
              39.9915734
            ],
            [
              116.306009,
              39.9915963
            ],
            [
              116.3060008,
              39.9917294
            ],
            [
              116.3052184,
              39.991701
            ]
          ]
        ]
      },
      "properties": {
        "kind": "osm",
        "layer": "buildings",
        "osm_type": "way",
        "osm_id": 628032103,
        "name": "生物标本馆",
        "source": "OpenStreetMap via Overpass API",
        "geometry_type": "Polygon",
        "building": "yes"
      }
    },
    {
      "type": "Feature",
      "geometry": {
        "type": "Polygon",
        "coordinates": [
          [
            [
              116.3062558,
              39.9923622
            ],
            [
              116.3062591,
              39.9922311
            ],
            [
              116.3063963,
              39.9922331
            ],
            [
              116.306393,
              39.9923643
            ],
            [
              116.3062558,
              39.9923622
            ]
          ]
        ]
      },
      "properties": {
        "kind": "osm",
        "layer": "buildings",
        "osm_type": "way",
        "osm_id": 656386276,
        "name": "方楼",
        "source": "OpenStreetMap via Overpass API",
        "geometry_type": "Polygon",
        "building": "yes"
      }
    },
    {
      "type": "Feature",
      "geometry": {
        "type": "Polygon",
        "coordinates": [
          [
            [
              116.3065866,
              39.9960253
            ],
            [
              116.3066069,
              39.9959027
            ],
            [
              116.3067094,
              39.9959139
            ],
            [
              116.3067203,
              39.995851
            ],
            [
              116.3066209,
              39.9958406
            ],
            [
              116.3066411,
              39.9957267
            ],
            [
              116.3067427,
              39.9957373
            ],
            [
              116.3067537,
              39.9956769
            ],
            [
              116.3066466,
              39.9956666
            ],
            [
              116.3066661,
              39.9955453
            ],
            [
              116.3067729,
              39.9955547
            ],
            [
              116.3067982,
              39.995427
            ],
            [
              116.3067556,
              39.9954185
            ],
            [
              116.3067077,
              39.9953939
            ],
            [
              116.3066777,
              39.9953527
            ],
            [
              116.3066688,
              39.9953043
            ],
            [
              116.3066828,
              39.9952635
            ],
            [
              116.3067213,
              39.9952261
            ],
            [
              116.3067782,
              39.9952014
            ],
            [
              116.3068354,
              39.9952004
            ],
            [
              116.3068484,
              39.9951077
            ],
            [
              116.3071094,
              39.9951379
            ],
            [
              116.3069643,
              39.9954372
            ],
            [
              116.3069389,
              39.9955815
            ],
            [
              116.3069273,
              39.9955803
            ],
            [
              116.3068473,
              39.9960488
            ],
            [
              116.3065866,
              39.9960253
            ]
          ]
        ]
      },
      "properties": {
        "kind": "osm",
        "layer": "buildings",
        "osm_type": "way",
        "osm_id": 783033431,
        "name": "经济学院（孝义金晖楼）",
        "source": "OpenStreetMap via Overpass API",
        "geometry_type": "Polygon",
        "building": "yes"
      }
    },
    {
      "type": "Feature",
      "geometry": {
        "type": "Polygon",
        "coordinates": [
          [
            [
              116.3004834,
              39.9882528
            ],
            [
              116.3010486,
              39.9882697
            ],
            [
              116.3010649,
              39.9879493
            ],
            [
              116.3010944,
              39.9879502
            ],
            [
              116.3010981,
              39.9878775
            ],
            [
              116.3013583,
              39.9878853
            ],
            [
              116.3013555,
              39.9879402
            ],
            [
              116.30137,
              39.9879406
            ],
            [
              116.3013538,
              39.9882598
            ],
            [
              116.3013092,
              39.9882585
            ],
            [
              116.3013072,
              39.9882969
            ],
            [
              116.3013502,
              39.9882982
            ],
            [
              116.3013404,
              39.9884902
            ],
            [
              116.3004726,
              39.9884642
            ],
            [
              116.3004834,
              39.9882528
            ]
          ]
        ]
      },
      "properties": {
        "kind": "osm",
        "layer": "buildings",
        "osm_type": "way",
        "osm_id": 866277585,
        "name": "综合科研2号楼",
        "source": "OpenStreetMap via Overpass API",
        "geometry_type": "Polygon",
        "building": "school"
      }
    },
    {
      "type": "Feature",
      "geometry": {
        "type": "Polygon",
        "coordinates": [
          [
            [
              116.3014618,
              39.9886429
            ],
            [
              116.3014682,
              39.9885468
            ],
            [
              116.3015512,
              39.98855
            ],
            [
              116.3015635,
              39.988364
            ],
            [
              116.3014809,
              39.9883608
            ],
            [
              116.3014863,
              39.9882793
            ],
            [
              116.3017355,
              39.988289
            ],
            [
              116.3017113,
              39.9886526
            ],
            [
              116.3014618,
              39.9886429
            ]
          ]
        ]
      },
      "properties": {
        "kind": "osm",
        "layer": "buildings",
        "osm_type": "way",
        "osm_id": 866277589,
        "name": "核磁中心",
        "source": "OpenStreetMap via Overpass API",
        "geometry_type": "Polygon",
        "building": "school"
      }
    },
    {
      "type": "Feature",
      "geometry": {
        "type": "Polygon",
        "coordinates": [
          [
            [
              116.3025174,
              39.9891131
            ],
            [
              116.3025208,
              39.9889263
            ],
            [
              116.3027475,
              39.9889287
            ],
            [
              116.3027441,
              39.9891155
            ],
            [
              116.3025174,
              39.9891131
            ]
          ]
        ]
      },
      "properties": {
        "kind": "osm",
        "layer": "buildings",
        "osm_type": "way",
        "osm_id": 866277593,
        "name": "51号楼",
        "source": "OpenStreetMap via Overpass API",
        "geometry_type": "Polygon",
        "building": "school"
      }
    },
    {
      "type": "Feature",
      "geometry": {
        "type": "Polygon",
        "coordinates": [
          [
            [
              116.3028853,
              39.9890827
            ],
            [
              116.3028855,
              39.9890271
            ],
            [
              116.3029353,
              39.9890273
            ],
            [
              116.3029357,
              39.9889162
            ],
            [
              116.3031177,
              39.9889167
            ],
            [
              116.3031173,
              39.989027
            ],
            [
              116.3030241,
              39.9890268
            ],
            [
              116.3030239,
              39.989083
            ],
            [
              116.3028853,
              39.9890827
            ]
          ]
        ]
      },
      "properties": {
        "kind": "osm",
        "layer": "buildings",
        "osm_type": "way",
        "osm_id": 866277594,
        "name": "52号楼",
        "source": "OpenStreetMap via Overpass API",
        "geometry_type": "Polygon",
        "building": "yes"
      }
    },
    {
      "type": "Feature",
      "geometry": {
        "type": "Polygon",
        "coordinates": [
          [
            [
              116.302991,
              39.9885452
            ],
            [
              116.3029911,
              39.9884356
            ],
            [
              116.3031293,
              39.9884357
            ],
            [
              116.3031292,
              39.9885453
            ],
            [
              116.302991,
              39.9885452
            ]
          ]
        ]
      },
      "properties": {
        "kind": "osm",
        "layer": "buildings",
        "osm_type": "way",
        "osm_id": 866277595,
        "name": "60号楼",
        "source": "OpenStreetMap via Overpass API",
        "geometry_type": "Polygon",
        "building": "school"
      }
    },
    {
      "type": "Feature",
      "geometry": {
        "type": "Polygon",
        "coordinates": [
          [
            [
              116.302991,
              39.9885452
            ],
            [
              116.3029368,
              39.9885446
            ],
            [
              116.3029389,
              39.9886559
            ],
            [
              116.3031361,
              39.9886524
            ],
            [
              116.303135,
              39.988616
            ],
            [
              116.3029719,
              39.9886189
            ],
            [
              116.3029706,
              39.9885753
            ],
            [
              116.3029916,
              39.9885759
            ],
            [
              116.302991,
              39.9885452
            ]
          ]
        ]
      },
      "properties": {
        "kind": "osm",
        "layer": "buildings",
        "osm_type": "way",
        "osm_id": 866277596,
        "name": "",
        "source": "OpenStreetMap via Overpass API",
        "geometry_type": "Polygon",
        "building": "school"
      }
    },
    {
      "type": "Feature",
      "geometry": {
        "type": "Polygon",
        "coordinates": [
          [
            [
              116.3029751,
              39.9882511
            ],
            [
              116.3029754,
              39.9882041
            ],
            [
              116.3030654,
              39.9882045
            ],
            [
              116.3030658,
              39.9881575
            ],
            [
              116.3029755,
              39.9881571
            ],
            [
              116.3029767,
              39.9880123
            ],
            [
              116.3030497,
              39.9880126
            ],
            [
              116.3030491,
              39.9880922
            ],
            [
              116.3031599,
              39.9880928
            ],
            [
              116.3031592,
              39.9881707
            ],
            [
              116.3031105,
              39.9881705
            ],
            [
              116.3031102,
              39.9881989
            ],
            [
              116.303166,
              39.9881992
            ],
            [
              116.3031655,
              39.988252
            ],
            [
              116.3029751,
              39.9882511
            ]
          ]
        ]
      },
      "properties": {
        "kind": "osm",
        "layer": "buildings",
        "osm_type": "way",
        "osm_id": 866277597,
        "name": "59号楼",
        "source": "OpenStreetMap via Overpass API",
        "geometry_type": "Polygon",
        "building": "yes"
      }
    },
    {
      "type": "Feature",
      "geometry": {
        "type": "Polygon",
        "coordinates": [
          [
            [
              116.3034915,
              39.9890681
            ],
            [
              116.3034887,
              39.9889884
            ],
            [
              116.3036383,
              39.9889852
            ],
            [
              116.3036412,
              39.9890654
            ],
            [
              116.3036852,
              39.9890644
            ],
            [
              116.303687,
              39.9891156
            ],
            [
              116.3035924,
              39.9891176
            ],
            [
              116.3035905,
              39.989066
            ],
            [
              116.3034915,
              39.9890681
            ]
          ]
        ]
      },
      "properties": {
        "kind": "osm",
        "layer": "buildings",
        "osm_type": "way",
        "osm_id": 866277598,
        "name": "53号楼",
        "source": "OpenStreetMap via Overpass API",
        "geometry_type": "Polygon",
        "building": "yes"
      }
    },
    {
      "type": "Feature",
      "geometry": {
        "type": "Polygon",
        "coordinates": [
          [
            [
              116.3033233,
              39.9888472
            ],
            [
              116.3033257,
              39.9887057
            ],
            [
              116.303384,
              39.9887063
            ],
            [
              116.3033858,
              39.9886029
            ],
            [
              116.3035504,
              39.9886045
            ],
            [
              116.3035492,
              39.9886728
            ],
            [
              116.3036155,
              39.9886735
            ],
            [
              116.3036136,
              39.9887857
            ],
            [
              116.3034016,
              39.9887836
            ],
            [
              116.3034005,
              39.9888479
            ],
            [
              116.3033233,
              39.9888472
            ]
          ]
        ]
      },
      "properties": {
        "kind": "osm",
        "layer": "buildings",
        "osm_type": "way",
        "osm_id": 866277599,
        "name": "54号楼",
        "source": "OpenStreetMap via Overpass API",
        "geometry_type": "Polygon",
        "building": "yes"
      }
    },
    {
      "type": "Feature",
      "geometry": {
        "type": "Polygon",
        "coordinates": [
          [
            [
              116.3033256,
              39.9884288
            ],
            [
              116.3033262,
              39.9882427
            ],
            [
              116.3034152,
              39.9882429
            ],
            [
              116.3034149,
              39.9883123
            ],
            [
              116.3034769,
              39.9883124
            ],
            [
              116.3035029,
              39.9883125
            ],
            [
              116.303503,
              39.9882843
            ],
            [
              116.303561,
              39.9882845
            ],
            [
              116.3035605,
              39.9884293
            ],
            [
              116.3033256,
              39.9884288
            ]
          ]
        ]
      },
      "properties": {
        "kind": "osm",
        "layer": "buildings",
        "osm_type": "way",
        "osm_id": 866277600,
        "name": "56号楼",
        "source": "OpenStreetMap via Overpass API",
        "geometry_type": "Polygon",
        "building": "yes"
      }
    },
    {
      "type": "Feature",
      "geometry": {
        "type": "Polygon",
        "coordinates": [
          [
            [
              116.3025203,
              39.9881482
            ],
            [
              116.302522,
              39.9879554
            ],
            [
              116.3026645,
              39.9879562
            ],
            [
              116.3026627,
              39.988149
            ],
            [
              116.3025203,
              39.9881482
            ]
          ]
        ]
      },
      "properties": {
        "kind": "osm",
        "layer": "buildings",
        "osm_type": "way",
        "osm_id": 866277604,
        "name": "62号楼",
        "source": "OpenStreetMap via Overpass API",
        "geometry_type": "Polygon",
        "building": "yes"
      }
    },
    {
      "type": "Feature",
      "geometry": {
        "type": "Polygon",
        "coordinates": [
          [
            [
              116.3021115,
              39.9881949
            ],
            [
              116.3022929,
              39.9881948
            ],
            [
              116.3022929,
              39.9881056
            ],
            [
              116.3022081,
              39.9881056
            ],
            [
              116.3022081,
              39.9880313
            ],
            [
              116.3023096,
              39.9880313
            ],
            [
              116.3023096,
              39.9879584
            ],
            [
              116.3021113,
              39.9879585
            ],
            [
              116.3021115,
              39.9881949
            ]
          ]
        ]
      },
      "properties": {
        "kind": "osm",
        "layer": "buildings",
        "osm_type": "way",
        "osm_id": 866277605,
        "name": "61号楼",
        "source": "OpenStreetMap via Overpass API",
        "geometry_type": "Polygon",
        "building": "yes"
      }
    },
    {
      "type": "Feature",
      "geometry": {
        "type": "Polygon",
        "coordinates": [
          [
            [
              116.3036449,
              39.9884864
            ],
            [
              116.3038387,
              39.9884861
            ],
            [
              116.3038386,
              39.9884514
            ],
            [
              116.3037272,
              39.9884516
            ],
            [
              116.3037271,
              39.9884094
            ],
            [
              116.3038583,
              39.9884092
            ],
            [
              116.3038579,
              39.9882648
            ],
            [
              116.3037781,
              39.9882649
            ],
            [
              116.3037783,
              39.9883448
            ],
            [
              116.3036301,
              39.988345
            ],
            [
              116.3036303,
              39.9884173
            ],
            [
              116.3036743,
              39.9884173
            ],
            [
              116.3036744,
              39.9884464
            ],
            [
              116.3036448,
              39.9884464
            ],
            [
              116.3036449,
              39.9884864
            ]
          ]
        ]
      },
      "properties": {
        "kind": "osm",
        "layer": "buildings",
        "osm_type": "way",
        "osm_id": 866277606,
        "name": "",
        "source": "OpenStreetMap via Overpass API",
        "geometry_type": "Polygon",
        "building": "yes"
      }
    },
    {
      "type": "Feature",
      "geometry": {
        "type": "Polygon",
        "coordinates": [
          [
            [
              116.3018041,
              39.9889447
            ],
            [
              116.3018049,
              39.9888938
            ],
            [
              116.3016918,
              39.9888928
            ],
            [
              116.3016901,
              39.9889998
            ],
            [
              116.301727,
              39.9890002
            ],
            [
              116.3017265,
              39.9890351
            ],
            [
              116.3019858,
              39.9890375
            ],
            [
              116.301988,
              39.9888903
            ],
            [
              116.3018982,
              39.9888895
            ],
            [
              116.3018974,
              39.9889456
            ],
            [
              116.3018041,
              39.9889447
            ]
          ]
        ]
      },
      "properties": {
        "kind": "osm",
        "layer": "buildings",
        "osm_type": "way",
        "osm_id": 866277607,
        "name": "50号楼",
        "source": "OpenStreetMap via Overpass API",
        "geometry_type": "Polygon",
        "building": "yes"
      }
    },
    {
      "type": "Feature",
      "geometry": {
        "type": "Polygon",
        "coordinates": [
          [
            [
              116.3123062,
              39.9932125
            ],
            [
              116.3123208,
              39.9930411
            ],
            [
              116.3128889,
              39.9930696
            ],
            [
              116.3128743,
              39.993241
            ],
            [
              116.3123062,
              39.9932125
            ]
          ]
        ]
      },
      "properties": {
        "kind": "osm",
        "layer": "buildings",
        "osm_type": "way",
        "osm_id": 866277612,
        "name": "",
        "source": "OpenStreetMap via Overpass API",
        "geometry_type": "Polygon",
        "building": "yes"
      }
    },
    {
      "type": "Feature",
      "geometry": {
        "type": "Polygon",
        "coordinates": [
          [
            [
              116.3121867,
              39.993531
            ],
            [
              116.3121966,
              39.9933949
            ],
            [
              116.3128383,
              39.9934222
            ],
            [
              116.3128284,
              39.9935584
            ],
            [
              116.3121867,
              39.993531
            ]
          ]
        ]
      },
      "properties": {
        "kind": "osm",
        "layer": "buildings",
        "osm_type": "way",
        "osm_id": 866277613,
        "name": "",
        "source": "OpenStreetMap via Overpass API",
        "geometry_type": "Polygon",
        "building": "yes"
      }
    },
    {
      "type": "Feature",
      "geometry": {
        "type": "Polygon",
        "coordinates": [
          [
            [
              116.309712,
              39.9951409
            ],
            [
              116.3097339,
              39.9948552
            ],
            [
              116.3098209,
              39.9948592
            ],
            [
              116.3098317,
              39.9947179
            ],
            [
              116.3097778,
              39.9947154
            ],
            [
              116.3098328,
              39.9940004
            ],
            [
              116.310248,
              39.9940192
            ],
            [
              116.3102211,
              39.994369
            ],
            [
              116.3101072,
              39.9943639
            ],
            [
              116.3100626,
              39.9949435
            ],
            [
              116.3098253,
              39.9949328
            ],
            [
              116.3098149,
              39.9950677
            ],
            [
              116.3100371,
              39.9950777
            ],
            [
              116.3100312,
              39.9951553
            ],
            [
              116.309712,
              39.9951409
            ]
          ]
        ]
      },
      "properties": {
        "kind": "osm",
        "layer": "buildings",
        "osm_type": "way",
        "osm_id": 866277616,
        "name": "北京大学城市与环境学院",
        "source": "OpenStreetMap via Overpass API",
        "geometry_type": "Polygon",
        "building": "university"
      }
    },
    {
      "type": "Feature",
      "geometry": {
        "type": "Polygon",
        "coordinates": [
          [
            [
              116.3123189,
              39.9928783
            ],
            [
              116.3123279,
              39.9927138
            ],
            [
              116.3129005,
              39.9927322
            ],
            [
              116.3128915,
              39.9928968
            ],
            [
              116.3123189,
              39.9928783
            ]
          ]
        ]
      },
      "properties": {
        "kind": "osm",
        "layer": "buildings",
        "osm_type": "way",
        "osm_id": 866277617,
        "name": "",
        "source": "OpenStreetMap via Overpass API",
        "geometry_type": "Polygon",
        "building": "yes"
      }
    },
    {
      "type": "Feature",
      "geometry": {
        "type": "Polygon",
        "coordinates": [
          [
            [
              116.3113113,
              39.9928788
            ],
            [
              116.3113216,
              39.9927533
            ],
            [
              116.311405,
              39.9927573
            ],
            [
              116.3114074,
              39.9927271
            ],
            [
              116.3115097,
              39.9927321
            ],
            [
              116.3115129,
              39.9926934
            ],
            [
              116.3120696,
              39.9927202
            ],
            [
              116.3120595,
              39.9928427
            ],
            [
              116.3115056,
              39.992816
            ],
            [
              116.3114997,
              39.9928878
            ],
            [
              116.3113113,
              39.9928788
            ]
          ]
        ]
      },
      "properties": {
        "kind": "osm",
        "layer": "buildings",
        "osm_type": "way",
        "osm_id": 866277618,
        "name": "",
        "source": "OpenStreetMap via Overpass API",
        "geometry_type": "Polygon",
        "building": "yes"
      }
    },
    {
      "type": "Feature",
      "geometry": {
        "type": "Polygon",
        "coordinates": [
          [
            [
              116.3097699,
              39.9956578
            ],
            [
              116.309771,
              39.9956293
            ],
            [
              116.3097146,
              39.995628
            ],
            [
              116.3097166,
              39.9955768
            ],
            [
              116.3096675,
              39.9955756
            ],
            [
              116.3096736,
              39.9954232
            ],
            [
              116.309733,
              39.9954246
            ],
            [
              116.3097353,
              39.9953677
            ],
            [
              116.3099674,
              39.9953732
            ],
            [
              116.3099615,
              39.9955201
            ],
            [
              116.3100018,
              39.9955211
            ],
            [
              116.3099988,
              39.9955942
            ],
            [
              116.3099461,
              39.9955929
            ],
            [
              116.3099434,
              39.9956618
            ],
            [
              116.3097699,
              39.9956578
            ]
          ]
        ]
      },
      "properties": {
        "kind": "osm",
        "layer": "buildings",
        "osm_type": "way",
        "osm_id": 866277620,
        "name": "北京大学建筑与景观设计学院",
        "source": "OpenStreetMap via Overpass API",
        "geometry_type": "Polygon",
        "building": "university"
      }
    },
    {
      "type": "Feature",
      "geometry": {
        "type": "Polygon",
        "coordinates": [
          [
            [
              116.305566,
              39.9968544
            ],
            [
              116.305587,
              39.9967433
            ],
            [
              116.3060014,
              39.9967894
            ],
            [
              116.3059804,
              39.9969005
            ],
            [
              116.305566,
              39.9968544
            ]
          ]
        ]
      },
      "properties": {
        "kind": "osm",
        "layer": "buildings",
        "osm_type": "way",
        "osm_id": 873446764,
        "name": "朗润园8号楼",
        "source": "OpenStreetMap via Overpass API",
        "geometry_type": "Polygon",
        "building": "yes"
      }
    },
    {
      "type": "Feature",
      "geometry": {
        "type": "Polygon",
        "coordinates": [
          [
            [
              116.314325,
              39.9907102
            ],
            [
              116.3143392,
              39.9905403
            ],
            [
              116.3146126,
              39.9905537
            ],
            [
              116.3146048,
              39.9906511
            ],
            [
              116.3145978,
              39.990724
            ],
            [
              116.314325,
              39.9907102
            ]
          ]
        ]
      },
      "properties": {
        "kind": "osm",
        "layer": "buildings",
        "osm_type": "way",
        "osm_id": 876428130,
        "name": "中关园食堂",
        "source": "OpenStreetMap via Overpass API",
        "geometry_type": "Polygon",
        "building": "yes",
        "amenity": "restaurant"
      }
    },
    {
      "type": "Feature",
      "geometry": {
        "type": "Polygon",
        "coordinates": [
          [
            [
              116.3145978,
              39.990724
            ],
            [
              116.3152792,
              39.9907627
            ],
            [
              116.3152863,
              39.9906896
            ],
            [
              116.3146048,
              39.9906511
            ],
            [
              116.3145978,
              39.990724
            ]
          ]
        ]
      },
      "properties": {
        "kind": "osm",
        "layer": "buildings",
        "osm_type": "way",
        "osm_id": 876428131,
        "name": "",
        "source": "OpenStreetMap via Overpass API",
        "geometry_type": "Polygon",
        "building": "yes"
      }
    },
    {
      "type": "Feature",
      "geometry": {
        "type": "Polygon",
        "coordinates": [
          [
            [
              116.312067,
              39.9955768
            ],
            [
              116.3120789,
              39.9954532
            ],
            [
              116.3127807,
              39.995493
            ],
            [
              116.3127687,
              39.9956167
            ],
            [
              116.312067,
              39.9955768
            ]
          ]
        ]
      },
      "properties": {
        "kind": "osm",
        "layer": "buildings",
        "osm_type": "way",
        "osm_id": 876428137,
        "name": "",
        "source": "OpenStreetMap via Overpass API",
        "geometry_type": "Polygon",
        "building": "apartments"
      }
    },
    {
      "type": "Feature",
      "geometry": {
        "type": "Polygon",
        "coordinates": [
          [
            [
              116.3112262,
              39.9955219
            ],
            [
              116.3112382,
              39.9953983
            ],
            [
              116.3119399,
              39.9954381
            ],
            [
              116.3119279,
              39.9955617
            ],
            [
              116.3112262,
              39.9955219
            ]
          ]
        ]
      },
      "properties": {
        "kind": "osm",
        "layer": "buildings",
        "osm_type": "way",
        "osm_id": 876428138,
        "name": "",
        "source": "OpenStreetMap via Overpass API",
        "geometry_type": "Polygon",
        "building": "apartments"
      }
    },
    {
      "type": "Feature",
      "geometry": {
        "type": "Polygon",
        "coordinates": [
          [
            [
              116.3120598,
              39.9959006
            ],
            [
              116.3120718,
              39.995777
            ],
            [
              116.3127735,
              39.9958168
            ],
            [
              116.3127616,
              39.9959405
            ],
            [
              116.3120598,
              39.9959006
            ]
          ]
        ]
      },
      "properties": {
        "kind": "osm",
        "layer": "buildings",
        "osm_type": "way",
        "osm_id": 876428139,
        "name": "",
        "source": "OpenStreetMap via Overpass API",
        "geometry_type": "Polygon",
        "building": "apartments"
      }
    },
    {
      "type": "Feature",
      "geometry": {
        "type": "Polygon",
        "coordinates": [
          [
            [
              116.3112118,
              39.9958522
            ],
            [
              116.3112237,
              39.9957286
            ],
            [
              116.3119255,
              39.9957684
            ],
            [
              116.3119135,
              39.9958921
            ],
            [
              116.3112118,
              39.9958522
            ]
          ]
        ]
      },
      "properties": {
        "kind": "osm",
        "layer": "buildings",
        "osm_type": "way",
        "osm_id": 876428140,
        "name": "",
        "source": "OpenStreetMap via Overpass API",
        "geometry_type": "Polygon",
        "building": "apartments"
      }
    },
    {
      "type": "Feature",
      "geometry": {
        "type": "Polygon",
        "coordinates": [
          [
            [
              116.3103673,
              39.9958108
            ],
            [
              116.3103793,
              39.9956872
            ],
            [
              116.311081,
              39.995727
            ],
            [
              116.3110691,
              39.9958506
            ],
            [
              116.3103673,
              39.9958108
            ]
          ]
        ]
      },
      "properties": {
        "kind": "osm",
        "layer": "buildings",
        "osm_type": "way",
        "osm_id": 876428141,
        "name": "",
        "source": "OpenStreetMap via Overpass API",
        "geometry_type": "Polygon",
        "building": "apartments"
      }
    },
    {
      "type": "Feature",
      "geometry": {
        "type": "Polygon",
        "coordinates": [
          [
            [
              116.3103908,
              39.9954818
            ],
            [
              116.3104028,
              39.9953582
            ],
            [
              116.3111045,
              39.995398
            ],
            [
              116.3110925,
              39.9955217
            ],
            [
              116.3103908,
              39.9954818
            ]
          ]
        ]
      },
      "properties": {
        "kind": "osm",
        "layer": "buildings",
        "osm_type": "way",
        "osm_id": 876428142,
        "name": "",
        "source": "OpenStreetMap via Overpass API",
        "geometry_type": "Polygon",
        "building": "apartments"
      }
    },
    {
      "type": "Feature",
      "geometry": {
        "type": "Polygon",
        "coordinates": [
          [
            [
              116.3070515,
              39.9969855
            ],
            [
              116.3072987,
              39.9970036
            ],
            [
              116.3073131,
              39.9969185
            ],
            [
              116.3073635,
              39.9969226
            ],
            [
              116.3073517,
              39.9970072
            ],
            [
              116.3081007,
              39.9970754
            ],
            [
              116.3081027,
              39.9970644
            ],
            [
              116.3081855,
              39.9970715
            ],
            [
              116.3082197,
              39.9970995
            ],
            [
              116.3082878,
              39.9971242
            ],
            [
              116.3083738,
              39.9971242
            ],
            [
              116.3084554,
              39.9970967
            ],
            [
              116.3085064,
              39.99705
            ],
            [
              116.3085222,
              39.9970057
            ],
            [
              116.3085344,
              39.9969676
            ],
            [
              116.3085585,
              39.9969685
            ],
            [
              116.3085674,
              39.9968587
            ],
            [
              116.3084553,
              39.9968551
            ],
            [
              116.3084538,
              39.9968714
            ],
            [
              116.3084143,
              39.9968499
            ],
            [
              116.3084271,
              39.9966665
            ],
            [
              116.3084314,
              39.9966671
            ],
            [
              116.3085219,
              39.9966715
            ],
            [
              116.3085787,
              39.9959853
            ],
            [
              116.3084906,
              39.995981
            ],
            [
              116.3084894,
              39.9959766
            ],
            [
              116.30849,
              39.995952
            ],
            [
              116.3083709,
              39.9959502
            ],
            [
              116.3083699,
              39.9959751
            ],
            [
              116.3082602,
              39.9959698
            ],
            [
              116.3082036,
              39.9966561
            ],
            [
              116.3082934,
              39.9966604
            ],
            [
              116.308284,
              39.9968394
            ],
            [
              116.3082304,
              39.9968551
            ],
            [
              116.308191,
              39.996877
            ],
            [
              116.3081577,
              39.9969106
            ],
            [
              116.3081263,
              39.9969063
            ],
            [
              116.3081345,
              39.9968659
            ],
            [
              116.3077142,
              39.9968229
            ],
            [
              116.3076342,
              39.9967873
            ],
            [
              116.3075696,
              39.9967441
            ],
            [
              116.3075244,
              39.9966896
            ],
            [
              116.3075009,
              39.9966463
            ],
            [
              116.3074879,
              39.9966014
            ],
            [
              116.3075602,
              39.9965668
            ],
            [
              116.307596,
              39.9965311
            ],
            [
              116.3076283,
              39.9964844
            ],
            [
              116.3076247,
              39.9964267
            ],
            [
              116.3075996,
              39.9963911
            ],
            [
              116.3075602,
              39.9963499
            ],
            [
              116.3074921,
              39.9963197
            ],
            [
              116.3074168,
              39.9963004
            ],
            [
              116.3074366,
              39.9961531
            ],
            [
              116.3073684,
              39.9961491
            ],
            [
              116.3073706,
              39.9961238
            ],
            [
              116.3078182,
              39.9961439
            ],
            [
              116.307822,
              39.9960491
            ],
            [
              116.3078541,
              39.9960506
            ],
            [
              116.3078612,
              39.9959682
            ],
            [
              116.3078249,
              39.9959692
            ],
            [
              116.3078282,
              39.9959353
            ],
            [
              116.3071874,
              39.9958996
            ],
            [
              116.3071697,
              39.9960864
            ],
            [
              116.3072627,
              39.9960931
            ],
            [
              116.3072573,
              39.9961457
            ],
            [
              116.3071695,
              39.9961412
            ],
            [
              116.3070479,
              39.9968708
            ],
            [
              116.3070719,
              39.9968729
            ],
            [
              116.3070515,
              39.9969855
            ]
          ]
        ]
      },
      "properties": {
        "kind": "osm",
        "layer": "buildings",
        "osm_type": "way",
        "osm_id": 880624074,
        "name": "",
        "source": "OpenStreetMap via Overpass API",
        "geometry_type": "Polygon",
        "building": "hotel"
      }
    },
    {
      "type": "Feature",
      "geometry": {
        "type": "Polygon",
        "coordinates": [
          [
            [
              116.308322,
              39.9879347
            ],
            [
              116.3083269,
              39.9878366
            ],
            [
              116.3085492,
              39.9878446
            ],
            [
              116.3085424,
              39.9879419
            ],
            [
              116.308322,
              39.9879347
            ]
          ]
        ]
      },
      "properties": {
        "kind": "osm",
        "layer": "buildings",
        "osm_type": "way",
        "osm_id": 880624095,
        "name": "",
        "source": "OpenStreetMap via Overpass API",
        "geometry_type": "Polygon",
        "building": "yes"
      }
    },
    {
      "type": "Feature",
      "geometry": {
        "type": "Polygon",
        "coordinates": [
          [
            [
              116.3083269,
              39.9878366
            ],
            [
              116.3083308,
              39.9877738
            ],
            [
              116.3085531,
              39.9877818
            ],
            [
              116.3085492,
              39.9878446
            ],
            [
              116.3083269,
              39.9878366
            ]
          ]
        ]
      },
      "properties": {
        "kind": "osm",
        "layer": "buildings",
        "osm_type": "way",
        "osm_id": 880624096,
        "name": "",
        "source": "OpenStreetMap via Overpass API",
        "geometry_type": "Polygon",
        "building": "yes"
      }
    },
    {
      "type": "Feature",
      "geometry": {
        "type": "Polygon",
        "coordinates": [
          [
            [
              116.308345,
              39.987636
            ],
            [
              116.3083487,
              39.9875652
            ],
            [
              116.308573,
              39.987572
            ],
            [
              116.3085693,
              39.9876428
            ],
            [
              116.308345,
              39.987636
            ]
          ]
        ]
      },
      "properties": {
        "kind": "osm",
        "layer": "buildings",
        "osm_type": "way",
        "osm_id": 880624097,
        "name": "",
        "source": "OpenStreetMap via Overpass API",
        "geometry_type": "Polygon",
        "building": "yes"
      }
    },
    {
      "type": "Feature",
      "geometry": {
        "type": "Polygon",
        "coordinates": [
          [
            [
              116.3132972,
              39.9972343
            ],
            [
              116.3136471,
              39.9972576
            ],
            [
              116.3136798,
              39.996968
            ],
            [
              116.3135194,
              39.9969574
            ],
            [
              116.3135053,
              39.9970819
            ],
            [
              116.3133158,
              39.9970693
            ],
            [
              116.3132972,
              39.9972343
            ]
          ]
        ]
      },
      "properties": {
        "kind": "osm",
        "layer": "buildings",
        "osm_type": "way",
        "osm_id": 915703019,
        "name": "面包坊",
        "source": "OpenStreetMap via Overpass API",
        "geometry_type": "Polygon",
        "building": "yes"
      }
    },
    {
      "type": "Feature",
      "geometry": {
        "type": "Polygon",
        "coordinates": [
          [
            [
              116.3158117,
              39.9934321
            ],
            [
              116.3161911,
              39.9934596
            ],
            [
              116.316205,
              39.9934075
            ],
            [
              116.3166813,
              39.9934259
            ],
            [
              116.3166964,
              39.9933419
            ],
            [
              116.315829,
              39.9932939
            ],
            [
              116.3158117,
              39.9934321
            ]
          ]
        ]
      },
      "properties": {
        "kind": "osm",
        "layer": "buildings",
        "osm_type": "way",
        "osm_id": 916062407,
        "name": "家园",
        "source": "OpenStreetMap via Overpass API",
        "geometry_type": "Polygon",
        "building": "yes",
        "amenity": "restaurant"
      }
    },
    {
      "type": "Feature",
      "geometry": {
        "type": "Polygon",
        "coordinates": [
          [
            [
              116.3155877,
              39.9900751
            ],
            [
              116.3156433,
              39.9895401
            ],
            [
              116.3161571,
              39.9895714
            ],
            [
              116.3161434,
              39.9897028
            ],
            [
              116.3157754,
              39.9896803
            ],
            [
              116.3157535,
              39.9898908
            ],
            [
              116.3161072,
              39.9899125
            ],
            [
              116.3160871,
              39.9901056
            ],
            [
              116.3155877,
              39.9900751
            ]
          ]
        ]
      },
      "properties": {
        "kind": "osm",
        "layer": "buildings",
        "osm_type": "way",
        "osm_id": 917242756,
        "name": "",
        "source": "OpenStreetMap via Overpass API",
        "geometry_type": "Polygon",
        "building": "yes"
      }
    },
    {
      "type": "Feature",
      "geometry": {
        "type": "Polygon",
        "coordinates": [
          [
            [
              116.3156218,
              39.9887817
            ],
            [
              116.3156421,
              39.9886091
            ],
            [
              116.3162574,
              39.9886517
            ],
            [
              116.3162371,
              39.9888242
            ],
            [
              116.3156218,
              39.9887817
            ]
          ]
        ]
      },
      "properties": {
        "kind": "osm",
        "layer": "buildings",
        "osm_type": "way",
        "osm_id": 917242757,
        "name": "",
        "source": "OpenStreetMap via Overpass API",
        "geometry_type": "Polygon",
        "building": "yes"
      }
    },
    {
      "type": "Feature",
      "geometry": {
        "type": "Polygon",
        "coordinates": [
          [
            [
              116.3058587,
              39.9958223
            ],
            [
              116.3059039,
              39.9955213
            ],
            [
              116.3061632,
              39.9955441
            ],
            [
              116.3061181,
              39.9958451
            ],
            [
              116.3058587,
              39.9958223
            ]
          ]
        ]
      },
      "properties": {
        "kind": "osm",
        "layer": "buildings",
        "osm_type": "way",
        "osm_id": 939378516,
        "name": "",
        "source": "OpenStreetMap via Overpass API",
        "geometry_type": "Polygon",
        "building": "yes"
      }
    },
    {
      "type": "Feature",
      "geometry": {
        "type": "Polygon",
        "coordinates": [
          [
            [
              116.3059755,
              39.9953383
            ],
            [
              116.3059936,
              39.9952523
            ],
            [
              116.3060197,
              39.9950798
            ],
            [
              116.3062671,
              39.9951046
            ],
            [
              116.3062229,
              39.9953631
            ],
            [
              116.3059755,
              39.9953383
            ]
          ]
        ]
      },
      "properties": {
        "kind": "osm",
        "layer": "buildings",
        "osm_type": "way",
        "osm_id": 939378517,
        "name": "哲学系（宗教学系）",
        "source": "OpenStreetMap via Overpass API",
        "geometry_type": "Polygon",
        "building": "yes"
      }
    },
    {
      "type": "Feature",
      "geometry": {
        "type": "Polygon",
        "coordinates": [
          [
            [
              116.3058877,
              39.9950647
            ],
            [
              116.3059103,
              39.9949411
            ],
            [
              116.3063233,
              39.9949854
            ],
            [
              116.3063019,
              39.9951024
            ],
            [
              116.3062671,
              39.9951046
            ],
            [
              116.3060197,
              39.9950798
            ],
            [
              116.3058877,
              39.9950647
            ]
          ]
        ]
      },
      "properties": {
        "kind": "osm",
        "layer": "buildings",
        "osm_type": "way",
        "osm_id": 939378518,
        "name": "",
        "source": "OpenStreetMap via Overpass API",
        "geometry_type": "Polygon",
        "building": "yes"
      }
    },
    {
      "type": "Feature",
      "geometry": {
        "type": "Polygon",
        "coordinates": [
          [
            [
              116.3058053,
              39.9962719
            ],
            [
              116.3058188,
              39.9961794
            ],
            [
              116.3058427,
              39.9960152
            ],
            [
              116.3060791,
              39.9960354
            ],
            [
              116.3060417,
              39.9962921
            ],
            [
              116.3058053,
              39.9962719
            ]
          ]
        ]
      },
      "properties": {
        "kind": "osm",
        "layer": "buildings",
        "osm_type": "way",
        "osm_id": 939378519,
        "name": "中国语言文学系",
        "source": "OpenStreetMap via Overpass API",
        "geometry_type": "Polygon",
        "building": "yes"
      }
    },
    {
      "type": "Feature",
      "geometry": {
        "type": "Polygon",
        "coordinates": [
          [
            [
              116.3159499,
              39.9871347
            ],
            [
              116.3159637,
              39.9869909
            ],
            [
              116.3170909,
              39.9870542
            ],
            [
              116.3170771,
              39.9871982
            ],
            [
              116.3159499,
              39.9871347
            ]
          ]
        ]
      },
      "properties": {
        "kind": "osm",
        "layer": "buildings",
        "osm_type": "way",
        "osm_id": 945068560,
        "name": "中国科学院科技政策与管理科学研究所",
        "source": "OpenStreetMap via Overpass API",
        "geometry_type": "Polygon",
        "building": "yes"
      }
    },
    {
      "type": "Feature",
      "geometry": {
        "type": "Polygon",
        "coordinates": [
          [
            [
              116.315578,
              39.9907668
            ],
            [
              116.3155879,
              39.9906271
            ],
            [
              116.3164414,
              39.9906626
            ],
            [
              116.3164315,
              39.9908022
            ],
            [
              116.315578,
              39.9907668
            ]
          ]
        ]
      },
      "properties": {
        "kind": "osm",
        "layer": "buildings",
        "osm_type": "way",
        "osm_id": 945068565,
        "name": "",
        "source": "OpenStreetMap via Overpass API",
        "geometry_type": "Polygon",
        "building": "yes"
      }
    },
    {
      "type": "Feature",
      "geometry": {
        "type": "Polygon",
        "coordinates": [
          [
            [
              116.3159598,
              39.9924734
            ],
            [
              116.3159671,
              39.9923763
            ],
            [
              116.3169248,
              39.9924187
            ],
            [
              116.3169175,
              39.9925159
            ],
            [
              116.3159598,
              39.9924734
            ]
          ]
        ]
      },
      "properties": {
        "kind": "osm",
        "layer": "buildings",
        "osm_type": "way",
        "osm_id": 945068569,
        "name": "西南12",
        "source": "OpenStreetMap via Overpass API",
        "geometry_type": "Polygon",
        "building": "residential"
      }
    },
    {
      "type": "Feature",
      "geometry": {
        "type": "Polygon",
        "coordinates": [
          [
            [
              116.3056131,
              39.9966232
            ],
            [
              116.3059727,
              39.9966659
            ],
            [
              116.305996,
              39.9965512
            ],
            [
              116.3057385,
              39.9965206
            ],
            [
              116.305762,
              39.9964047
            ],
            [
              116.3058303,
              39.9964128
            ],
            [
              116.3058542,
              39.9962949
            ],
            [
              116.3055558,
              39.9962595
            ],
            [
              116.3055319,
              39.9963774
            ],
            [
              116.3056435,
              39.9963906
            ],
            [
              116.30562,
              39.9965068
            ],
            [
              116.3056363,
              39.9965087
            ],
            [
              116.3056131,
              39.9966232
            ]
          ]
        ]
      },
      "properties": {
        "kind": "osm",
        "layer": "buildings",
        "osm_type": "way",
        "osm_id": 986745060,
        "name": "",
        "source": "OpenStreetMap via Overpass API",
        "geometry_type": "Polygon",
        "building": "house"
      }
    },
    {
      "type": "Feature",
      "geometry": {
        "type": "Polygon",
        "coordinates": [
          [
            [
              116.3055511,
              39.9965505
            ],
            [
              116.3055649,
              39.9964743
            ],
            [
              116.3051708,
              39.9964326
            ],
            [
              116.305157,
              39.9965087
            ],
            [
              116.3055511,
              39.9965505
            ]
          ]
        ]
      },
      "properties": {
        "kind": "osm",
        "layer": "buildings",
        "osm_type": "way",
        "osm_id": 986745061,
        "name": "",
        "source": "OpenStreetMap via Overpass API",
        "geometry_type": "Polygon",
        "building": "house"
      }
    },
    {
      "type": "Feature",
      "geometry": {
        "type": "Polygon",
        "coordinates": [
          [
            [
              116.3050513,
              39.9963688
            ],
            [
              116.3053461,
              39.9964011
            ],
            [
              116.3053692,
              39.9962778
            ],
            [
              116.3051993,
              39.9962591
            ],
            [
              116.3052035,
              39.9962368
            ],
            [
              116.3052373,
              39.9962405
            ],
            [
              116.3052529,
              39.9961571
            ],
            [
              116.3052849,
              39.9959853
            ],
            [
              116.305368,
              39.9959944
            ],
            [
              116.3053909,
              39.9958719
            ],
            [
              116.3050163,
              39.9958309
            ],
            [
              116.3049929,
              39.9959563
            ],
            [
              116.3050439,
              39.9959618
            ],
            [
              116.3049929,
              39.9962351
            ],
            [
              116.3050746,
              39.9962441
            ],
            [
              116.3050513,
              39.9963688
            ]
          ]
        ]
      },
      "properties": {
        "kind": "osm",
        "layer": "buildings",
        "osm_type": "way",
        "osm_id": 986745062,
        "name": "历史学系",
        "source": "OpenStreetMap via Overpass API",
        "geometry_type": "Polygon",
        "building": "house"
      }
    },
    {
      "type": "Feature",
      "geometry": {
        "type": "Polygon",
        "coordinates": [
          [
            [
              116.3056484,
              39.9960306
            ],
            [
              116.3057996,
              39.9960472
            ],
            [
              116.3058087,
              39.9959986
            ],
            [
              116.3061107,
              39.9960317
            ],
            [
              116.3061318,
              39.9959184
            ],
            [
              116.3058147,
              39.9958837
            ],
            [
              116.3058078,
              39.9959205
            ],
            [
              116.3056718,
              39.9959056
            ],
            [
              116.3056484,
              39.9960306
            ]
          ]
        ]
      },
      "properties": {
        "kind": "osm",
        "layer": "buildings",
        "osm_type": "way",
        "osm_id": 986745063,
        "name": "",
        "source": "OpenStreetMap via Overpass API",
        "geometry_type": "Polygon",
        "building": "house"
      }
    },
    {
      "type": "Feature",
      "geometry": {
        "type": "Polygon",
        "coordinates": [
          [
            [
              116.3052087,
              39.9957849
            ],
            [
              116.3053492,
              39.9958008
            ],
            [
              116.3053527,
              39.9957825
            ],
            [
              116.3054233,
              39.9957905
            ],
            [
              116.305421,
              39.9958026
            ],
            [
              116.3056685,
              39.9958306
            ],
            [
              116.3056724,
              39.9958105
            ],
            [
              116.3057611,
              39.9958206
            ],
            [
              116.3057731,
              39.9957583
            ],
            [
              116.3056699,
              39.9957466
            ],
            [
              116.3056778,
              39.9957059
            ],
            [
              116.3054555,
              39.9956807
            ],
            [
              116.3054479,
              39.9957204
            ],
            [
              116.3052259,
              39.9956953
            ],
            [
              116.3052087,
              39.9957849
            ]
          ]
        ]
      },
      "properties": {
        "kind": "osm",
        "layer": "buildings",
        "osm_type": "way",
        "osm_id": 986745064,
        "name": "李兆基人文学苑",
        "source": "OpenStreetMap via Overpass API",
        "geometry_type": "Polygon",
        "building": "house"
      }
    },
    {
      "type": "Feature",
      "geometry": {
        "type": "Polygon",
        "coordinates": [
          [
            [
              116.3051612,
              39.9956578
            ],
            [
              116.305266,
              39.995669
            ],
            [
              116.3052861,
              39.9955591
            ],
            [
              116.3053488,
              39.9955658
            ],
            [
              116.3053305,
              39.995666
            ],
            [
              116.305448,
              39.9956785
            ],
            [
              116.3054653,
              39.9955841
            ],
            [
              116.3056851,
              39.9956076
            ],
            [
              116.305669,
              39.995696
            ],
            [
              116.3057883,
              39.9957088
            ],
            [
              116.3058207,
              39.9955311
            ],
            [
              116.3056979,
              39.995518
            ],
            [
              116.3057064,
              39.9954716
            ],
            [
              116.3054818,
              39.9954475
            ],
            [
              116.3054731,
              39.9954955
            ],
            [
              116.305278,
              39.9954746
            ],
            [
              116.3052645,
              39.9955485
            ],
            [
              116.3051828,
              39.9955397
            ],
            [
              116.3051612,
              39.9956578
            ]
          ]
        ]
      },
      "properties": {
        "kind": "osm",
        "layer": "buildings",
        "osm_type": "way",
        "osm_id": 986745065,
        "name": "李兆基人文学苑",
        "source": "OpenStreetMap via Overpass API",
        "geometry_type": "Polygon",
        "building": "house"
      }
    },
    {
      "type": "Feature",
      "geometry": {
        "type": "Polygon",
        "coordinates": [
          [
            [
              116.3053737,
              39.9954611
            ],
            [
              116.3054357,
              39.9954676
            ],
            [
              116.3054527,
              39.9953725
            ],
            [
              116.3055298,
              39.9953806
            ],
            [
              116.3055265,
              39.995399
            ],
            [
              116.30569,
              39.9954161
            ],
            [
              116.3056934,
              39.9953972
            ],
            [
              116.305769,
              39.9954051
            ],
            [
              116.3057806,
              39.9953396
            ],
            [
              116.3056987,
              39.9953311
            ],
            [
              116.3057021,
              39.995312
            ],
            [
              116.3055896,
              39.9953002
            ],
            [
              116.3055347,
              39.9952945
            ],
            [
              116.3055316,
              39.9953116
            ],
            [
              116.3054503,
              39.9953031
            ],
            [
              116.3054378,
              39.9953733
            ],
            [
              116.3053902,
              39.9953683
            ],
            [
              116.3053737,
              39.9954611
            ]
          ]
        ]
      },
      "properties": {
        "kind": "osm",
        "layer": "buildings",
        "osm_type": "way",
        "osm_id": 986745066,
        "name": "李兆基人文学苑",
        "source": "OpenStreetMap via Overpass API",
        "geometry_type": "Polygon",
        "building": "house"
      }
    },
    {
      "type": "Feature",
      "geometry": {
        "type": "Polygon",
        "coordinates": [
          [
            [
              116.3049332,
              39.9951257
            ],
            [
              116.3051673,
              39.9951515
            ],
            [
              116.3051945,
              39.9950062
            ],
            [
              116.3049604,
              39.9949804
            ],
            [
              116.3049332,
              39.9951257
            ]
          ]
        ]
      },
      "properties": {
        "kind": "osm",
        "layer": "buildings",
        "osm_type": "way",
        "osm_id": 986745067,
        "name": "",
        "source": "OpenStreetMap via Overpass API",
        "geometry_type": "Polygon",
        "building": "house"
      }
    },
    {
      "type": "Feature",
      "geometry": {
        "type": "Polygon",
        "coordinates": [
          [
            [
              116.3050491,
              39.9949532
            ],
            [
              116.3053703,
              39.9949892
            ],
            [
              116.3053917,
              39.994877
            ],
            [
              116.3050705,
              39.994841
            ],
            [
              116.3050491,
              39.9949532
            ]
          ]
        ]
      },
      "properties": {
        "kind": "osm",
        "layer": "buildings",
        "osm_type": "way",
        "osm_id": 986745068,
        "name": "",
        "source": "OpenStreetMap via Overpass API",
        "geometry_type": "Polygon",
        "building": "house"
      }
    },
    {
      "type": "Feature",
      "geometry": {
        "type": "Polygon",
        "coordinates": [
          [
            [
              116.3114592,
              39.9869112
            ],
            [
              116.3114468,
              39.9870197
            ],
            [
              116.3117526,
              39.9870402
            ],
            [
              116.311765,
              39.9869318
            ],
            [
              116.3114592,
              39.9869112
            ]
          ]
        ]
      },
      "properties": {
        "kind": "osm",
        "layer": "buildings",
        "osm_type": "way",
        "osm_id": 1002580365,
        "name": "",
        "source": "OpenStreetMap via Overpass API",
        "geometry_type": "Polygon",
        "building": "yes"
      }
    },
    {
      "type": "Feature",
      "geometry": {
        "type": "Polygon",
        "coordinates": [
          [
            [
              116.3147798,
              39.9878905
            ],
            [
              116.3147915,
              39.9877924
            ],
            [
              116.3140131,
              39.9877406
            ],
            [
              116.314002,
              39.9878391
            ],
            [
              116.3147798,
              39.9878905
            ]
          ]
        ]
      },
      "properties": {
        "kind": "osm",
        "layer": "buildings",
        "osm_type": "way",
        "osm_id": 1002580370,
        "name": "",
        "source": "OpenStreetMap via Overpass API",
        "geometry_type": "Polygon",
        "building": "yes"
      }
    },
    {
      "type": "Feature",
      "geometry": {
        "type": "Polygon",
        "coordinates": [
          [
            [
              116.3147208,
              39.9876521
            ],
            [
              116.3152385,
              39.987686
            ],
            [
              116.3152507,
              39.9875763
            ],
            [
              116.3150844,
              39.9875654
            ],
            [
              116.314733,
              39.9875424
            ],
            [
              116.3147208,
              39.9876521
            ]
          ]
        ]
      },
      "properties": {
        "kind": "osm",
        "layer": "buildings",
        "osm_type": "way",
        "osm_id": 1002580371,
        "name": "",
        "source": "OpenStreetMap via Overpass API",
        "geometry_type": "Polygon",
        "building": "yes"
      }
    },
    {
      "type": "Feature",
      "geometry": {
        "type": "Polygon",
        "coordinates": [
          [
            [
              116.3142286,
              39.9873284
            ],
            [
              116.3147624,
              39.9873623
            ],
            [
              116.3147741,
              39.9872541
            ],
            [
              116.3142403,
              39.9872202
            ],
            [
              116.3142286,
              39.9873284
            ]
          ]
        ]
      },
      "properties": {
        "kind": "osm",
        "layer": "buildings",
        "osm_type": "way",
        "osm_id": 1002580372,
        "name": "",
        "source": "OpenStreetMap via Overpass API",
        "geometry_type": "Polygon",
        "building": "yes"
      }
    },
    {
      "type": "Feature",
      "geometry": {
        "type": "Polygon",
        "coordinates": [
          [
            [
              116.3136613,
              39.9875668
            ],
            [
              116.3142179,
              39.9876007
            ],
            [
              116.3142285,
              39.9874985
            ],
            [
              116.3136719,
              39.9874646
            ],
            [
              116.3136613,
              39.9875668
            ]
          ]
        ]
      },
      "properties": {
        "kind": "osm",
        "layer": "buildings",
        "osm_type": "way",
        "osm_id": 1002580373,
        "name": "",
        "source": "OpenStreetMap via Overpass API",
        "geometry_type": "Polygon",
        "building": "yes"
      }
    },
    {
      "type": "Feature",
      "geometry": {
        "type": "Polygon",
        "coordinates": [
          [
            [
              116.3135878,
              39.9872558
            ],
            [
              116.3139581,
              39.987282
            ],
            [
              116.3139724,
              39.9871633
            ],
            [
              116.3136021,
              39.9871371
            ],
            [
              116.3135878,
              39.9872558
            ]
          ]
        ]
      },
      "properties": {
        "kind": "osm",
        "layer": "buildings",
        "osm_type": "way",
        "osm_id": 1004226673,
        "name": "生物物理小楼",
        "source": "OpenStreetMap via Overpass API",
        "geometry_type": "Polygon",
        "building": "yes"
      }
    },
    {
      "type": "Feature",
      "geometry": {
        "type": "Polygon",
        "coordinates": [
          [
            [
              116.3147798,
              39.9878905
            ],
            [
              116.315197,
              39.9879196
            ],
            [
              116.3151581,
              39.9882469
            ],
            [
              116.3153251,
              39.9882585
            ],
            [
              116.3153758,
              39.9878333
            ],
            [
              116.3147915,
              39.9877924
            ],
            [
              116.3147798,
              39.9878905
            ]
          ]
        ]
      },
      "properties": {
        "kind": "osm",
        "layer": "buildings",
        "osm_type": "way",
        "osm_id": 1004226675,
        "name": "",
        "source": "OpenStreetMap via Overpass API",
        "geometry_type": "Polygon",
        "building": "yes"
      }
    },
    {
      "type": "Feature",
      "geometry": {
        "type": "Polygon",
        "coordinates": [
          [
            [
              116.3001842,
              39.9954642
            ],
            [
              116.3002569,
              39.9954641
            ],
            [
              116.3002573,
              39.9957272
            ],
            [
              116.300486,
              39.995727
            ],
            [
              116.3004855,
              39.995472
            ],
            [
              116.3005549,
              39.9954719
            ],
            [
              116.3005546,
              39.9952939
            ],
            [
              116.3003681,
              39.9952941
            ],
            [
              116.3002915,
              39.9952942
            ],
            [
              116.3001839,
              39.9952943
            ],
            [
              116.3001842,
              39.9954642
            ]
          ]
        ]
      },
      "properties": {
        "kind": "osm",
        "layer": "buildings",
        "osm_type": "way",
        "osm_id": 1009051998,
        "name": "考古文博学院",
        "source": "OpenStreetMap via Overpass API",
        "geometry_type": "Polygon",
        "building": "yes"
      }
    },
    {
      "type": "Feature",
      "geometry": {
        "type": "Polygon",
        "coordinates": [
          [
            [
              116.3005373,
              39.9958412
            ],
            [
              116.3009007,
              39.9958454
            ],
            [
              116.3009035,
              39.995701
            ],
            [
              116.3005401,
              39.9956969
            ],
            [
              116.3005398,
              39.9957101
            ],
            [
              116.3005373,
              39.9958412
            ]
          ]
        ]
      },
      "properties": {
        "kind": "osm",
        "layer": "buildings",
        "osm_type": "way",
        "osm_id": 1009052000,
        "name": "",
        "source": "OpenStreetMap via Overpass API",
        "geometry_type": "Polygon",
        "building": "yes"
      }
    },
    {
      "type": "Feature",
      "geometry": {
        "type": "Polygon",
        "coordinates": [
          [
            [
              116.3006111,
              39.9959295
            ],
            [
              116.3006661,
              39.9959704
            ],
            [
              116.3006679,
              39.9960744
            ],
            [
              116.3004656,
              39.9960827
            ],
            [
              116.3002009,
              39.9960901
            ],
            [
              116.3001956,
              39.995979
            ],
            [
              116.3004277,
              39.995969
            ],
            [
              116.3004289,
              39.9959533
            ],
            [
              116.3004633,
              39.9959295
            ],
            [
              116.3005131,
              39.9959137
            ],
            [
              116.300563,
              39.9959124
            ],
            [
              116.3006111,
              39.9959295
            ]
          ]
        ]
      },
      "properties": {
        "kind": "osm",
        "layer": "buildings",
        "osm_type": "way",
        "osm_id": 1009052001,
        "name": "实验动物中心B座",
        "source": "OpenStreetMap via Overpass API",
        "geometry_type": "Polygon",
        "building": "yes"
      }
    },
    {
      "type": "Feature",
      "geometry": {
        "type": "Polygon",
        "coordinates": [
          [
            [
              116.3016304,
              39.9947819
            ],
            [
              116.3016329,
              39.9946302
            ],
            [
              116.301763,
              39.9946312
            ],
            [
              116.3017628,
              39.9946443
            ],
            [
              116.3017609,
              39.9947831
            ],
            [
              116.3016304,
              39.9947819
            ]
          ]
        ]
      },
      "properties": {
        "kind": "osm",
        "layer": "buildings",
        "osm_type": "way",
        "osm_id": 1009052002,
        "name": "",
        "source": "OpenStreetMap via Overpass API",
        "geometry_type": "Polygon",
        "building": "yes"
      }
    },
    {
      "type": "Feature",
      "geometry": {
        "type": "Polygon",
        "coordinates": [
          [
            [
              116.302041,
              39.9947855
            ],
            [
              116.3020415,
              39.994632
            ],
            [
              116.3021637,
              39.9946322
            ],
            [
              116.3021632,
              39.9947857
            ],
            [
              116.302041,
              39.9947855
            ]
          ]
        ]
      },
      "properties": {
        "kind": "osm",
        "layer": "buildings",
        "osm_type": "way",
        "osm_id": 1009052003,
        "name": "",
        "source": "OpenStreetMap via Overpass API",
        "geometry_type": "Polygon",
        "building": "yes"
      }
    },
    {
      "type": "Feature",
      "geometry": {
        "type": "Polygon",
        "coordinates": [
          [
            [
              116.3017609,
              39.9947831
            ],
            [
              116.302041,
              39.9947855
            ],
            [
              116.3020415,
              39.994632
            ],
            [
              116.301763,
              39.9946312
            ],
            [
              116.3017628,
              39.9946443
            ],
            [
              116.3017609,
              39.9947831
            ]
          ]
        ]
      },
      "properties": {
        "kind": "osm",
        "layer": "buildings",
        "osm_type": "way",
        "osm_id": 1009052004,
        "name": "",
        "source": "OpenStreetMap via Overpass API",
        "geometry_type": "Polygon",
        "building": "yes"
      }
    },
    {
      "type": "Feature",
      "geometry": {
        "type": "Polygon",
        "coordinates": [
          [
            [
              116.3011567,
              39.9944174
            ],
            [
              116.3011542,
              39.9945497
            ],
            [
              116.301651,
              39.9945552
            ],
            [
              116.301654,
              39.9943956
            ],
            [
              116.301519,
              39.9943941
            ],
            [
              116.3015177,
              39.9944671
            ],
            [
              116.3013446,
              39.9944652
            ],
            [
              116.3013454,
              39.9944195
            ],
            [
              116.3011567,
              39.9944174
            ]
          ]
        ]
      },
      "properties": {
        "kind": "osm",
        "layer": "buildings",
        "osm_type": "way",
        "osm_id": 1009052005,
        "name": "",
        "source": "OpenStreetMap via Overpass API",
        "geometry_type": "Polygon",
        "building": "yes"
      }
    },
    {
      "type": "Feature",
      "geometry": {
        "type": "Polygon",
        "coordinates": [
          [
            [
              116.3043211,
              39.9971379
            ],
            [
              116.3043511,
              39.9969446
            ],
            [
              116.3045278,
              39.9969607
            ],
            [
              116.3044978,
              39.997154
            ],
            [
              116.3043211,
              39.9971379
            ]
          ]
        ]
      },
      "properties": {
        "kind": "osm",
        "layer": "buildings",
        "osm_type": "way",
        "osm_id": 1009052006,
        "name": "",
        "source": "OpenStreetMap via Overpass API",
        "geometry_type": "Polygon",
        "building": "yes"
      }
    },
    {
      "type": "Feature",
      "geometry": {
        "type": "Polygon",
        "coordinates": [
          [
            [
              116.3041778,
              39.9968485
            ],
            [
              116.3043559,
              39.9968658
            ],
            [
              116.3043458,
              39.9969268
            ],
            [
              116.3042465,
              39.9969181
            ],
            [
              116.3041677,
              39.9969094
            ],
            [
              116.3041778,
              39.9968485
            ]
          ]
        ]
      },
      "properties": {
        "kind": "osm",
        "layer": "buildings",
        "osm_type": "way",
        "osm_id": 1009052008,
        "name": "",
        "source": "OpenStreetMap via Overpass API",
        "geometry_type": "Polygon",
        "building": "yes"
      }
    },
    {
      "type": "Feature",
      "geometry": {
        "type": "Polygon",
        "coordinates": [
          [
            [
              116.3041446,
              39.9968296
            ],
            [
              116.304274,
              39.9968419
            ],
            [
              116.3042997,
              39.996683
            ],
            [
              116.3042086,
              39.9966749
            ],
            [
              116.3041703,
              39.9966711
            ],
            [
              116.3041446,
              39.9968296
            ]
          ]
        ]
      },
      "properties": {
        "kind": "osm",
        "layer": "buildings",
        "osm_type": "way",
        "osm_id": 1009052010,
        "name": "",
        "source": "OpenStreetMap via Overpass API",
        "geometry_type": "Polygon",
        "building": "yes"
      }
    },
    {
      "type": "Feature",
      "geometry": {
        "type": "Polygon",
        "coordinates": [
          [
            [
              116.3039071,
              39.9969307
            ],
            [
              116.3039293,
              39.9968169
            ],
            [
              116.3041532,
              39.9968426
            ],
            [
              116.304131,
              39.9969564
            ],
            [
              116.3039071,
              39.9969307
            ]
          ]
        ]
      },
      "properties": {
        "kind": "osm",
        "layer": "buildings",
        "osm_type": "way",
        "osm_id": 1009052011,
        "name": "",
        "source": "OpenStreetMap via Overpass API",
        "geometry_type": "Polygon",
        "building": "yes"
      }
    },
    {
      "type": "Feature",
      "geometry": {
        "type": "Polygon",
        "coordinates": [
          [
            [
              116.3039635,
              39.9966505
            ],
            [
              116.3039754,
              39.9965797
            ],
            [
              116.3042206,
              39.996604
            ],
            [
              116.3042086,
              39.9966749
            ],
            [
              116.3041703,
              39.9966711
            ],
            [
              116.3039635,
              39.9966505
            ]
          ]
        ]
      },
      "properties": {
        "kind": "osm",
        "layer": "buildings",
        "osm_type": "way",
        "osm_id": 1009052013,
        "name": "",
        "source": "OpenStreetMap via Overpass API",
        "geometry_type": "Polygon",
        "building": "yes"
      }
    },
    {
      "type": "Feature",
      "geometry": {
        "type": "Polygon",
        "coordinates": [
          [
            [
              116.3040031,
              39.9965416
            ],
            [
              116.3040267,
              39.9964065
            ],
            [
              116.3040865,
              39.9964126
            ],
            [
              116.3040628,
              39.9965477
            ],
            [
              116.3040031,
              39.9965416
            ]
          ]
        ]
      },
      "properties": {
        "kind": "osm",
        "layer": "buildings",
        "osm_type": "way",
        "osm_id": 1009052014,
        "name": "",
        "source": "OpenStreetMap via Overpass API",
        "geometry_type": "Polygon",
        "building": "yes"
      }
    },
    {
      "type": "Feature",
      "geometry": {
        "type": "Polygon",
        "coordinates": [
          [
            [
              116.3037188,
              39.9964198
            ],
            [
              116.3037309,
              39.9963643
            ],
            [
              116.3039038,
              39.9963864
            ],
            [
              116.3038917,
              39.9964419
            ],
            [
              116.3037188,
              39.9964198
            ]
          ]
        ]
      },
      "properties": {
        "kind": "osm",
        "layer": "buildings",
        "osm_type": "way",
        "osm_id": 1009052015,
        "name": "",
        "source": "OpenStreetMap via Overpass API",
        "geometry_type": "Polygon",
        "building": "yes"
      }
    },
    {
      "type": "Feature",
      "geometry": {
        "type": "Polygon",
        "coordinates": [
          [
            [
              116.3036204,
              39.9968974
            ],
            [
              116.3036407,
              39.996785
            ],
            [
              116.3037227,
              39.9967937
            ],
            [
              116.3037333,
              39.9967349
            ],
            [
              116.3038368,
              39.9967458
            ],
            [
              116.303826,
              39.996806
            ],
            [
              116.303904,
              39.9968143
            ],
            [
              116.3038839,
              39.9969254
            ],
            [
              116.3036204,
              39.9968974
            ]
          ]
        ]
      },
      "properties": {
        "kind": "osm",
        "layer": "buildings",
        "osm_type": "way",
        "osm_id": 1009052017,
        "name": "",
        "source": "OpenStreetMap via Overpass API",
        "geometry_type": "Polygon",
        "building": "yes"
      }
    },
    {
      "type": "Feature",
      "geometry": {
        "type": "Polygon",
        "coordinates": [
          [
            [
              116.3036922,
              39.9966076
            ],
            [
              116.3037075,
              39.9965264
            ],
            [
              116.3039454,
              39.9965528
            ],
            [
              116.3039301,
              39.996634
            ],
            [
              116.3036922,
              39.9966076
            ]
          ]
        ]
      },
      "properties": {
        "kind": "osm",
        "layer": "buildings",
        "osm_type": "way",
        "osm_id": 1009052018,
        "name": "",
        "source": "OpenStreetMap via Overpass API",
        "geometry_type": "Polygon",
        "building": "yes"
      }
    },
    {
      "type": "Feature",
      "geometry": {
        "type": "Polygon",
        "coordinates": [
          [
            [
              116.3031874,
              39.9970538
            ],
            [
              116.3034248,
              39.9970793
            ],
            [
              116.303438,
              39.997012
            ],
            [
              116.3031997,
              39.9969855
            ],
            [
              116.3031874,
              39.9970538
            ]
          ]
        ]
      },
      "properties": {
        "kind": "osm",
        "layer": "buildings",
        "osm_type": "way",
        "osm_id": 1009052021,
        "name": "",
        "source": "OpenStreetMap via Overpass API",
        "geometry_type": "Polygon",
        "building": "yes"
      }
    },
    {
      "type": "Feature",
      "geometry": {
        "type": "Polygon",
        "coordinates": [
          [
            [
              116.3031874,
              39.9970538
            ],
            [
              116.3031045,
              39.997045
            ],
            [
              116.3031169,
              39.9969767
            ],
            [
              116.3031997,
              39.9969855
            ],
            [
              116.3031874,
              39.9970538
            ]
          ]
        ]
      },
      "properties": {
        "kind": "osm",
        "layer": "buildings",
        "osm_type": "way",
        "osm_id": 1009052023,
        "name": "",
        "source": "OpenStreetMap via Overpass API",
        "geometry_type": "Polygon",
        "building": "yes"
      }
    },
    {
      "type": "Feature",
      "geometry": {
        "type": "Polygon",
        "coordinates": [
          [
            [
              116.3031018,
              39.9969511
            ],
            [
              116.30312,
              39.9968451
            ],
            [
              116.3032055,
              39.9968537
            ],
            [
              116.3031859,
              39.9969602
            ],
            [
              116.3031018,
              39.9969511
            ]
          ]
        ]
      },
      "properties": {
        "kind": "osm",
        "layer": "buildings",
        "osm_type": "way",
        "osm_id": 1009052024,
        "name": "",
        "source": "OpenStreetMap via Overpass API",
        "geometry_type": "Polygon",
        "building": "yes"
      }
    },
    {
      "type": "Feature",
      "geometry": {
        "type": "Polygon",
        "coordinates": [
          [
            [
              116.3034341,
              39.996986
            ],
            [
              116.3034536,
              39.9968799
            ],
            [
              116.303539,
              39.9968894
            ],
            [
              116.3035181,
              39.9969951
            ],
            [
              116.3034341,
              39.996986
            ]
          ]
        ]
      },
      "properties": {
        "kind": "osm",
        "layer": "buildings",
        "osm_type": "way",
        "osm_id": 1009052025,
        "name": "",
        "source": "OpenStreetMap via Overpass API",
        "geometry_type": "Polygon",
        "building": "yes"
      }
    },
    {
      "type": "Feature",
      "geometry": {
        "type": "Polygon",
        "coordinates": [
          [
            [
              116.30312,
              39.9968451
            ],
            [
              116.3031317,
              39.9967771
            ],
            [
              116.3032603,
              39.9967901
            ],
            [
              116.3032498,
              39.9968584
            ],
            [
              116.3032055,
              39.9968537
            ],
            [
              116.30312,
              39.9968451
            ]
          ]
        ]
      },
      "properties": {
        "kind": "osm",
        "layer": "buildings",
        "osm_type": "way",
        "osm_id": 1009052026,
        "name": "",
        "source": "OpenStreetMap via Overpass API",
        "geometry_type": "Polygon",
        "building": "yes"
      }
    },
    {
      "type": "Feature",
      "geometry": {
        "type": "Polygon",
        "coordinates": [
          [
            [
              116.3034095,
              39.9968729
            ],
            [
              116.3034204,
              39.9968018
            ],
            [
              116.3035527,
              39.9968164
            ],
            [
              116.303539,
              39.9968894
            ],
            [
              116.3034536,
              39.9968799
            ],
            [
              116.3034095,
              39.9968729
            ]
          ]
        ]
      },
      "properties": {
        "kind": "osm",
        "layer": "buildings",
        "osm_type": "way",
        "osm_id": 1009052027,
        "name": "",
        "source": "OpenStreetMap via Overpass API",
        "geometry_type": "Polygon",
        "building": "yes"
      }
    },
    {
      "type": "Feature",
      "geometry": {
        "type": "Polygon",
        "coordinates": [
          [
            [
              116.3032498,
              39.9968584
            ],
            [
              116.3034095,
              39.9968729
            ],
            [
              116.3034204,
              39.9968018
            ],
            [
              116.3034278,
              39.9967541
            ],
            [
              116.3032681,
              39.9967396
            ],
            [
              116.3032603,
              39.9967901
            ],
            [
              116.3032498,
              39.9968584
            ]
          ]
        ]
      },
      "properties": {
        "kind": "osm",
        "layer": "buildings",
        "osm_type": "way",
        "osm_id": 1009052028,
        "name": "",
        "source": "OpenStreetMap via Overpass API",
        "geometry_type": "Polygon",
        "building": "yes"
      }
    },
    {
      "type": "Feature",
      "geometry": {
        "type": "Polygon",
        "coordinates": [
          [
            [
              116.3031415,
              39.9967247
            ],
            [
              116.3031698,
              39.9965622
            ],
            [
              116.3032745,
              39.9965729
            ],
            [
              116.3032462,
              39.9967354
            ],
            [
              116.3031415,
              39.9967247
            ]
          ]
        ]
      },
      "properties": {
        "kind": "osm",
        "layer": "buildings",
        "osm_type": "way",
        "osm_id": 1009052029,
        "name": "",
        "source": "OpenStreetMap via Overpass API",
        "geometry_type": "Polygon",
        "building": "yes"
      }
    },
    {
      "type": "Feature",
      "geometry": {
        "type": "Polygon",
        "coordinates": [
          [
            [
              116.3034462,
              39.9967597
            ],
            [
              116.3034745,
              39.9965972
            ],
            [
              116.3035792,
              39.9966079
            ],
            [
              116.3035508,
              39.9967704
            ],
            [
              116.3034462,
              39.9967597
            ]
          ]
        ]
      },
      "properties": {
        "kind": "osm",
        "layer": "buildings",
        "osm_type": "way",
        "osm_id": 1009052030,
        "name": "",
        "source": "OpenStreetMap via Overpass API",
        "geometry_type": "Polygon",
        "building": "yes"
      }
    },
    {
      "type": "Feature",
      "geometry": {
        "type": "Polygon",
        "coordinates": [
          [
            [
              116.30325,
              39.9965575
            ],
            [
              116.3031672,
              39.9965487
            ],
            [
              116.3031795,
              39.9964804
            ],
            [
              116.3032623,
              39.9964892
            ],
            [
              116.30325,
              39.9965575
            ]
          ]
        ]
      },
      "properties": {
        "kind": "osm",
        "layer": "buildings",
        "osm_type": "way",
        "osm_id": 1009052031,
        "name": "",
        "source": "OpenStreetMap via Overpass API",
        "geometry_type": "Polygon",
        "building": "yes"
      }
    },
    {
      "type": "Feature",
      "geometry": {
        "type": "Polygon",
        "coordinates": [
          [
            [
              116.30325,
              39.9965575
            ],
            [
              116.3034875,
              39.9965831
            ],
            [
              116.3035007,
              39.9965158
            ],
            [
              116.3032623,
              39.9964892
            ],
            [
              116.30325,
              39.9965575
            ]
          ]
        ]
      },
      "properties": {
        "kind": "osm",
        "layer": "buildings",
        "osm_type": "way",
        "osm_id": 1009052032,
        "name": "",
        "source": "OpenStreetMap via Overpass API",
        "geometry_type": "Polygon",
        "building": "yes"
      }
    },
    {
      "type": "Feature",
      "geometry": {
        "type": "Polygon",
        "coordinates": [
          [
            [
              116.3034875,
              39.9965831
            ],
            [
              116.3035727,
              39.9965929
            ],
            [
              116.3035859,
              39.9965256
            ],
            [
              116.3035007,
              39.9965158
            ],
            [
              116.3034875,
              39.9965831
            ]
          ]
        ]
      },
      "properties": {
        "kind": "osm",
        "layer": "buildings",
        "osm_type": "way",
        "osm_id": 1009052033,
        "name": "",
        "source": "OpenStreetMap via Overpass API",
        "geometry_type": "Polygon",
        "building": "yes"
      }
    },
    {
      "type": "Feature",
      "geometry": {
        "type": "Polygon",
        "coordinates": [
          [
            [
              116.3031873,
              39.9964577
            ],
            [
              116.303211,
              39.9963073
            ],
            [
              116.3032966,
              39.9963152
            ],
            [
              116.3032729,
              39.9964657
            ],
            [
              116.3031873,
              39.9964577
            ]
          ]
        ]
      },
      "properties": {
        "kind": "osm",
        "layer": "buildings",
        "osm_type": "way",
        "osm_id": 1009052034,
        "name": "",
        "source": "OpenStreetMap via Overpass API",
        "geometry_type": "Polygon",
        "building": "yes"
      }
    },
    {
      "type": "Feature",
      "geometry": {
        "type": "Polygon",
        "coordinates": [
          [
            [
              116.3035091,
              39.9964906
            ],
            [
              116.3035328,
              39.9963401
            ],
            [
              116.3036184,
              39.9963481
            ],
            [
              116.3035947,
              39.9964985
            ],
            [
              116.3035091,
              39.9964906
            ]
          ]
        ]
      },
      "properties": {
        "kind": "osm",
        "layer": "buildings",
        "osm_type": "way",
        "osm_id": 1009052035,
        "name": "",
        "source": "OpenStreetMap via Overpass API",
        "geometry_type": "Polygon",
        "building": "yes"
      }
    },
    {
      "type": "Feature",
      "geometry": {
        "type": "Polygon",
        "coordinates": [
          [
            [
              116.3032207,
              39.9962851
            ],
            [
              116.3036136,
              39.9963225
            ],
            [
              116.3036268,
              39.9962409
            ],
            [
              116.3032339,
              39.9962036
            ],
            [
              116.3032207,
              39.9962851
            ]
          ]
        ]
      },
      "properties": {
        "kind": "osm",
        "layer": "buildings",
        "osm_type": "way",
        "osm_id": 1009052036,
        "name": "",
        "source": "OpenStreetMap via Overpass API",
        "geometry_type": "Polygon",
        "building": "yes"
      }
    },
    {
      "type": "Feature",
      "geometry": {
        "type": "Polygon",
        "coordinates": [
          [
            [
              116.3029006,
              39.9968479
            ],
            [
              116.3030237,
              39.996858
            ],
            [
              116.303014,
              39.9969273
            ],
            [
              116.3028909,
              39.9969172
            ],
            [
              116.3029006,
              39.9968479
            ]
          ]
        ]
      },
      "properties": {
        "kind": "osm",
        "layer": "buildings",
        "osm_type": "way",
        "osm_id": 1009052038,
        "name": "",
        "source": "OpenStreetMap via Overpass API",
        "geometry_type": "Polygon",
        "building": "yes"
      }
    },
    {
      "type": "Feature",
      "geometry": {
        "type": "Polygon",
        "coordinates": [
          [
            [
              116.303014,
              39.9969273
            ],
            [
              116.3030847,
              39.9969339
            ],
            [
              116.3031142,
              39.9967218
            ],
            [
              116.3030452,
              39.9967151
            ],
            [
              116.3030237,
              39.996858
            ],
            [
              116.303014,
              39.9969273
            ]
          ]
        ]
      },
      "properties": {
        "kind": "osm",
        "layer": "buildings",
        "osm_type": "way",
        "osm_id": 1009052039,
        "name": "",
        "source": "OpenStreetMap via Overpass API",
        "geometry_type": "Polygon",
        "building": "yes"
      }
    },
    {
      "type": "Feature",
      "geometry": {
        "type": "Polygon",
        "coordinates": [
          [
            [
              116.302931,
              39.9967041
            ],
            [
              116.3030452,
              39.9967151
            ],
            [
              116.3031142,
              39.9967218
            ],
            [
              116.3031281,
              39.9966373
            ],
            [
              116.3029448,
              39.9966197
            ],
            [
              116.302931,
              39.9967041
            ]
          ]
        ]
      },
      "properties": {
        "kind": "osm",
        "layer": "buildings",
        "osm_type": "way",
        "osm_id": 1009052040,
        "name": "",
        "source": "OpenStreetMap via Overpass API",
        "geometry_type": "Polygon",
        "building": "yes"
      }
    },
    {
      "type": "Feature",
      "geometry": {
        "type": "Polygon",
        "coordinates": [
          [
            [
              116.3028604,
              39.9964009
            ],
            [
              116.3030638,
              39.9964167
            ],
            [
              116.3030492,
              39.9965263
            ],
            [
              116.3028459,
              39.9965105
            ],
            [
              116.3028604,
              39.9964009
            ]
          ]
        ]
      },
      "properties": {
        "kind": "osm",
        "layer": "buildings",
        "osm_type": "way",
        "osm_id": 1009052041,
        "name": "",
        "source": "OpenStreetMap via Overpass API",
        "geometry_type": "Polygon",
        "building": "yes"
      }
    },
    {
      "type": "Feature",
      "geometry": {
        "type": "Polygon",
        "coordinates": [
          [
            [
              116.3030812,
              39.9963979
            ],
            [
              116.3030977,
              39.996274
            ],
            [
              116.303174,
              39.9962799
            ],
            [
              116.3031575,
              39.9964038
            ],
            [
              116.3030812,
              39.9963979
            ]
          ]
        ]
      },
      "properties": {
        "kind": "osm",
        "layer": "buildings",
        "osm_type": "way",
        "osm_id": 1009052042,
        "name": "",
        "source": "OpenStreetMap via Overpass API",
        "geometry_type": "Polygon",
        "building": "yes"
      }
    },
    {
      "type": "Feature",
      "geometry": {
        "type": "Polygon",
        "coordinates": [
          [
            [
              116.3027732,
              39.9963776
            ],
            [
              116.3027897,
              39.9962537
            ],
            [
              116.302866,
              39.9962596
            ],
            [
              116.3028495,
              39.9963835
            ],
            [
              116.3027732,
              39.9963776
            ]
          ]
        ]
      },
      "properties": {
        "kind": "osm",
        "layer": "buildings",
        "osm_type": "way",
        "osm_id": 1009052043,
        "name": "",
        "source": "OpenStreetMap via Overpass API",
        "geometry_type": "Polygon",
        "building": "yes"
      }
    },
    {
      "type": "Feature",
      "geometry": {
        "type": "Polygon",
        "coordinates": [
          [
            [
              116.3028669,
              39.9962523
            ],
            [
              116.3027837,
              39.9962462
            ],
            [
              116.3027922,
              39.9961776
            ],
            [
              116.3028755,
              39.9961836
            ],
            [
              116.3028669,
              39.9962523
            ]
          ]
        ]
      },
      "properties": {
        "kind": "osm",
        "layer": "buildings",
        "osm_type": "way",
        "osm_id": 1009052044,
        "name": "",
        "source": "OpenStreetMap via Overpass API",
        "geometry_type": "Polygon",
        "building": "yes"
      }
    },
    {
      "type": "Feature",
      "geometry": {
        "type": "Polygon",
        "coordinates": [
          [
            [
              116.3028669,
              39.9962523
            ],
            [
              116.3031056,
              39.9962701
            ],
            [
              116.3031151,
              39.9962024
            ],
            [
              116.3028755,
              39.9961836
            ],
            [
              116.3028669,
              39.9962523
            ]
          ]
        ]
      },
      "properties": {
        "kind": "osm",
        "layer": "buildings",
        "osm_type": "way",
        "osm_id": 1009052045,
        "name": "",
        "source": "OpenStreetMap via Overpass API",
        "geometry_type": "Polygon",
        "building": "yes"
      }
    },
    {
      "type": "Feature",
      "geometry": {
        "type": "Polygon",
        "coordinates": [
          [
            [
              116.3031056,
              39.9962701
            ],
            [
              116.3031913,
              39.9962771
            ],
            [
              116.3032008,
              39.9962094
            ],
            [
              116.3031151,
              39.9962024
            ],
            [
              116.3031056,
              39.9962701
            ]
          ]
        ]
      },
      "properties": {
        "kind": "osm",
        "layer": "buildings",
        "osm_type": "way",
        "osm_id": 1009052046,
        "name": "",
        "source": "OpenStreetMap via Overpass API",
        "geometry_type": "Polygon",
        "building": "yes"
      }
    },
    {
      "type": "Feature",
      "geometry": {
        "type": "Polygon",
        "coordinates": [
          [
            [
              116.3041537,
              39.9960689
            ],
            [
              116.3044052,
              39.996088
            ],
            [
              116.304411,
              39.9960441
            ],
            [
              116.3043634,
              39.9960402
            ],
            [
              116.3042163,
              39.9960292
            ],
            [
              116.3041594,
              39.9960249
            ],
            [
              116.3041537,
              39.9960689
            ]
          ]
        ]
      },
      "properties": {
        "kind": "osm",
        "layer": "buildings",
        "osm_type": "way",
        "osm_id": 1009052049,
        "name": "",
        "source": "OpenStreetMap via Overpass API",
        "geometry_type": "Polygon",
        "building": "yes"
      }
    },
    {
      "type": "Feature",
      "geometry": {
        "type": "Polygon",
        "coordinates": [
          [
            [
              116.3043634,
              39.9960402
            ],
            [
              116.304377,
              39.9959408
            ],
            [
              116.3044245,
              39.9959446
            ],
            [
              116.304411,
              39.9960441
            ],
            [
              116.3043634,
              39.9960402
            ]
          ]
        ]
      },
      "properties": {
        "kind": "osm",
        "layer": "buildings",
        "osm_type": "way",
        "osm_id": 1009052050,
        "name": "",
        "source": "OpenStreetMap via Overpass API",
        "geometry_type": "Polygon",
        "building": "yes"
      }
    },
    {
      "type": "Feature",
      "geometry": {
        "type": "Polygon",
        "coordinates": [
          [
            [
              116.3041594,
              39.9960249
            ],
            [
              116.3041738,
              39.9959395
            ],
            [
              116.3042303,
              39.995945
            ],
            [
              116.3042163,
              39.9960292
            ],
            [
              116.3041594,
              39.9960249
            ]
          ]
        ]
      },
      "properties": {
        "kind": "osm",
        "layer": "buildings",
        "osm_type": "way",
        "osm_id": 1009052051,
        "name": "",
        "source": "OpenStreetMap via Overpass API",
        "geometry_type": "Polygon",
        "building": "yes"
      }
    },
    {
      "type": "Feature",
      "geometry": {
        "type": "Polygon",
        "coordinates": [
          [
            [
              116.3063211,
              39.9969238
            ],
            [
              116.30643,
              39.99624
            ],
            [
              116.3068072,
              39.9962753
            ],
            [
              116.3066972,
              39.996966
            ],
            [
              116.3066423,
              39.9969609
            ],
            [
              116.3066352,
              39.9970054
            ],
            [
              116.3064065,
              39.996984
            ],
            [
              116.3064147,
              39.9969326
            ],
            [
              116.3063211,
              39.9969238
            ]
          ]
        ]
      },
      "properties": {
        "kind": "osm",
        "layer": "buildings",
        "osm_type": "way",
        "osm_id": 1009052052,
        "name": "外国语学院",
        "source": "OpenStreetMap via Overpass API",
        "geometry_type": "Polygon",
        "building": "yes"
      }
    },
    {
      "type": "Feature",
      "geometry": {
        "type": "Polygon",
        "coordinates": [
          [
            [
              116.316365,
              39.9941043
            ],
            [
              116.316308,
              39.9940784
            ],
            [
              116.3163103,
              39.9940637
            ],
            [
              116.3163165,
              39.9940235
            ],
            [
              116.3163797,
              39.9940011
            ],
            [
              116.3164405,
              39.9940329
            ],
            [
              116.3164382,
              39.994053
            ],
            [
              116.3167317,
              39.9940719
            ],
            [
              116.3167409,
              39.9940241
            ],
            [
              116.3167933,
              39.9939993
            ],
            [
              116.3168422,
              39.9940223
            ],
            [
              116.3168791,
              39.9940074
            ],
            [
              116.3169422,
              39.9940297
            ],
            [
              116.3169359,
              39.9940755
            ],
            [
              116.3168712,
              39.9941017
            ],
            [
              116.3168443,
              39.9940935
            ],
            [
              116.3168148,
              39.9941044
            ],
            [
              116.3168139,
              39.9941913
            ],
            [
              116.3167841,
              39.9941836
            ],
            [
              116.3167301,
              39.9942009
            ],
            [
              116.3166808,
              39.9941735
            ],
            [
              116.3166277,
              39.9941974
            ],
            [
              116.3165735,
              39.9941691
            ],
            [
              116.3165221,
              39.9941926
            ],
            [
              116.3164652,
              39.9941628
            ],
            [
              116.3164082,
              39.9941796
            ],
            [
              116.3163583,
              39.9941498
            ],
            [
              116.316365,
              39.9941043
            ]
          ]
        ]
      },
      "properties": {
        "kind": "osm",
        "layer": "buildings",
        "osm_type": "way",
        "osm_id": 1031396019,
        "name": "知行楼",
        "source": "OpenStreetMap via Overpass API",
        "geometry_type": "Polygon",
        "building": "school"
      }
    },
    {
      "type": "Feature",
      "geometry": {
        "type": "Polygon",
        "coordinates": [
          [
            [
              116.3004813,
              39.9950191
            ],
            [
              116.3005812,
              39.9950172
            ],
            [
              116.3005784,
              39.9949331
            ],
            [
              116.3004785,
              39.9949351
            ],
            [
              116.3004813,
              39.9950191
            ]
          ]
        ]
      },
      "properties": {
        "kind": "osm",
        "layer": "buildings",
        "osm_type": "way",
        "osm_id": 1056350630,
        "name": "校景亭",
        "source": "OpenStreetMap via Overpass API",
        "geometry_type": "Polygon",
        "building": "yes",
        "amenity": "shelter"
      }
    },
    {
      "type": "Feature",
      "geometry": {
        "type": "Polygon",
        "coordinates": [
          [
            [
              116.3167311,
              39.9936623
            ],
            [
              116.3167301,
              39.9936792
            ],
            [
              116.3168278,
              39.9936829
            ],
            [
              116.3168343,
              39.9935808
            ],
            [
              116.3167331,
              39.993577
            ],
            [
              116.3167351,
              39.9935461
            ],
            [
              116.3166461,
              39.9935428
            ],
            [
              116.3166477,
              39.9935175
            ],
            [
              116.3165567,
              39.9935141
            ],
            [
              116.3165591,
              39.9934767
            ],
            [
              116.3162735,
              39.9934661
            ],
            [
              116.3162723,
              39.9934855
            ],
            [
              116.3162361,
              39.9934841
            ],
            [
              116.3162279,
              39.9936144
            ],
            [
              116.3162871,
              39.9936165
            ],
            [
              116.3162893,
              39.9935817
            ],
            [
              116.3164406,
              39.9935872
            ],
            [
              116.3164396,
              39.9936028
            ],
            [
              116.3165415,
              39.9936066
            ],
            [
              116.3165398,
              39.9936344
            ],
            [
              116.3166311,
              39.9936378
            ],
            [
              116.3166298,
              39.9936585
            ],
            [
              116.3167311,
              39.9936623
            ]
          ]
        ]
      },
      "properties": {
        "kind": "osm",
        "layer": "buildings",
        "osm_type": "way",
        "osm_id": 1059201723,
        "name": "启程楼",
        "source": "OpenStreetMap via Overpass API",
        "geometry_type": "Polygon",
        "building": "school"
      }
    },
    {
      "type": "Feature",
      "geometry": {
        "type": "Polygon",
        "coordinates": [
          [
            [
              116.3158389,
              39.9938593
            ],
            [
              116.3158695,
              39.9936282
            ],
            [
              116.3162144,
              39.993655
            ],
            [
              116.316209,
              39.9936959
            ],
            [
              116.3163909,
              39.9937101
            ],
            [
              116.3163658,
              39.9939001
            ],
            [
              116.3161968,
              39.993887
            ],
            [
              116.3161528,
              39.9938836
            ],
            [
              116.3158389,
              39.9938593
            ]
          ]
        ]
      },
      "properties": {
        "kind": "osm",
        "layer": "buildings",
        "osm_type": "way",
        "osm_id": 1059201724,
        "name": "修远楼",
        "source": "OpenStreetMap via Overpass API",
        "geometry_type": "Polygon",
        "building": "school"
      }
    },
    {
      "type": "Feature",
      "geometry": {
        "type": "Polygon",
        "coordinates": [
          [
            [
              116.3161926,
              39.9953634
            ],
            [
              116.3162099,
              39.99516
            ],
            [
              116.3162853,
              39.9951638
            ],
            [
              116.3162733,
              39.9953054
            ],
            [
              116.316616,
              39.9953225
            ],
            [
              116.3166286,
              39.9951746
            ],
            [
              116.3166987,
              39.9951781
            ],
            [
              116.3166808,
              39.9953878
            ],
            [
              116.3161926,
              39.9953634
            ]
          ]
        ]
      },
      "properties": {
        "kind": "osm",
        "layer": "buildings",
        "osm_type": "way",
        "osm_id": 1061382587,
        "name": "福寿之园",
        "source": "OpenStreetMap via Overpass API",
        "geometry_type": "Polygon",
        "building": "school"
      }
    },
    {
      "type": "Feature",
      "geometry": {
        "type": "Polygon",
        "coordinates": [
          [
            [
              116.3016463,
              39.9965506
            ],
            [
              116.3018806,
              39.9967775
            ],
            [
              116.3020052,
              39.996702
            ],
            [
              116.301771,
              39.9964751
            ],
            [
              116.3016463,
              39.9965506
            ]
          ]
        ]
      },
      "properties": {
        "kind": "osm",
        "layer": "buildings",
        "osm_type": "way",
        "osm_id": 1075644736,
        "name": "",
        "source": "OpenStreetMap via Overpass API",
        "geometry_type": "Polygon",
        "building": "greenhouse"
      }
    },
    {
      "type": "Feature",
      "geometry": {
        "type": "Polygon",
        "coordinates": [
          [
            [
              116.3053107,
              39.9950495
            ],
            [
              116.3052826,
              39.9952372
            ],
            [
              116.3054394,
              39.9952509
            ],
            [
              116.3054555,
              39.9951432
            ],
            [
              116.3054674,
              39.9950632
            ],
            [
              116.3053107,
              39.9950495
            ]
          ]
        ]
      },
      "properties": {
        "kind": "osm",
        "layer": "buildings",
        "osm_type": "way",
        "osm_id": 1075644751,
        "name": "李兆基人文学苑",
        "source": "OpenStreetMap via Overpass API",
        "geometry_type": "Polygon",
        "building": "bungalow"
      }
    },
    {
      "type": "Feature",
      "geometry": {
        "type": "Polygon",
        "coordinates": [
          [
            [
              116.3059444,
              39.9954087
            ],
            [
              116.3059283,
              39.9955126
            ],
            [
              116.3062022,
              39.9955375
            ],
            [
              116.3062183,
              39.9954336
            ],
            [
              116.3059444,
              39.9954087
            ]
          ]
        ]
      },
      "properties": {
        "kind": "osm",
        "layer": "buildings",
        "osm_type": "way",
        "osm_id": 1075644753,
        "name": "",
        "source": "OpenStreetMap via Overpass API",
        "geometry_type": "Polygon",
        "building": "bungalow"
      }
    },
    {
      "type": "Feature",
      "geometry": {
        "type": "Polygon",
        "coordinates": [
          [
            [
              116.3023432,
              39.9946555
            ],
            [
              116.3023347,
              39.9948251
            ],
            [
              116.3024008,
              39.994827
            ],
            [
              116.3024019,
              39.994804
            ],
            [
              116.3025932,
              39.9948097
            ],
            [
              116.3025964,
              39.9947453
            ],
            [
              116.3024074,
              39.9947398
            ],
            [
              116.3024116,
              39.9946576
            ],
            [
              116.3023432,
              39.9946555
            ]
          ]
        ]
      },
      "properties": {
        "kind": "osm",
        "layer": "buildings",
        "osm_type": "way",
        "osm_id": 1075644754,
        "name": "",
        "source": "OpenStreetMap via Overpass API",
        "geometry_type": "Polygon",
        "building": "bungalow"
      }
    },
    {
      "type": "Feature",
      "geometry": {
        "type": "Polygon",
        "coordinates": [
          [
            [
              116.3026517,
              39.9946485
            ],
            [
              116.3026446,
              39.994845
            ],
            [
              116.3027246,
              39.9948467
            ],
            [
              116.3027257,
              39.9948172
            ],
            [
              116.3029305,
              39.9948215
            ],
            [
              116.3029363,
              39.994661
            ],
            [
              116.3028841,
              39.9946599
            ],
            [
              116.3028803,
              39.9947675
            ],
            [
              116.3027253,
              39.9947642
            ],
            [
              116.3027294,
              39.9946502
            ],
            [
              116.3026517,
              39.9946485
            ]
          ]
        ]
      },
      "properties": {
        "kind": "osm",
        "layer": "buildings",
        "osm_type": "way",
        "osm_id": 1075644756,
        "name": "",
        "source": "OpenStreetMap via Overpass API",
        "geometry_type": "Polygon",
        "building": "bungalow"
      }
    },
    {
      "type": "Feature",
      "geometry": {
        "type": "Polygon",
        "coordinates": [
          [
            [
              116.3027647,
              39.9951066
            ],
            [
              116.3027598,
              39.9953121
            ],
            [
              116.3029725,
              39.995315
            ],
            [
              116.3029716,
              39.9953552
            ],
            [
              116.3033689,
              39.9953608
            ],
            [
              116.3033702,
              39.9953058
            ],
            [
              116.3032947,
              39.9953047
            ],
            [
              116.3032956,
              39.9952664
            ],
            [
              116.3031488,
              39.9952643
            ],
            [
              116.3031481,
              39.9952926
            ],
            [
              116.3029925,
              39.9952904
            ],
            [
              116.3029968,
              39.9951099
            ],
            [
              116.3027647,
              39.9951066
            ]
          ]
        ]
      },
      "properties": {
        "kind": "osm",
        "layer": "buildings",
        "osm_type": "way",
        "osm_id": 1075644757,
        "name": "",
        "source": "OpenStreetMap via Overpass API",
        "geometry_type": "Polygon",
        "building": "bungalow"
      }
    },
    {
      "type": "Feature",
      "geometry": {
        "type": "Polygon",
        "coordinates": [
          [
            [
              116.3032984,
              39.9951266
            ],
            [
              116.3032941,
              39.9952502
            ],
            [
              116.3033729,
              39.9952519
            ],
            [
              116.3033772,
              39.9951282
            ],
            [
              116.3032984,
              39.9951266
            ]
          ]
        ]
      },
      "properties": {
        "kind": "osm",
        "layer": "buildings",
        "osm_type": "way",
        "osm_id": 1075644758,
        "name": "",
        "source": "OpenStreetMap via Overpass API",
        "geometry_type": "Polygon",
        "building": "bungalow"
      }
    },
    {
      "type": "Feature",
      "geometry": {
        "type": "Polygon",
        "coordinates": [
          [
            [
              116.3012778,
              39.996122
            ],
            [
              116.3012622,
              39.9962266
            ],
            [
              116.3015444,
              39.9962513
            ],
            [
              116.3015361,
              39.9963065
            ],
            [
              116.3014336,
              39.9962975
            ],
            [
              116.3014242,
              39.9963604
            ],
            [
              116.3015072,
              39.9963677
            ],
            [
              116.3014959,
              39.9964432
            ],
            [
              116.3016322,
              39.9964552
            ],
            [
              116.3016768,
              39.996157
            ],
            [
              116.3012778,
              39.996122
            ]
          ]
        ]
      },
      "properties": {
        "kind": "osm",
        "layer": "buildings",
        "osm_type": "way",
        "osm_id": 1075644759,
        "name": "北大-港理工中国社会工作研究中心（恩善苑）",
        "source": "OpenStreetMap via Overpass API",
        "geometry_type": "Polygon",
        "building": "bungalow"
      }
    },
    {
      "type": "Feature",
      "geometry": {
        "type": "Polygon",
        "coordinates": [
          [
            [
              116.3063408,
              39.9927752
            ],
            [
              116.3063348,
              39.9930059
            ],
            [
              116.3064091,
              39.9930641
            ],
            [
              116.3066782,
              39.9930683
            ],
            [
              116.3066744,
              39.9932118
            ],
            [
              116.3068884,
              39.9932151
            ],
            [
              116.3068962,
              39.99292
            ],
            [
              116.3070266,
              39.992922
            ],
            [
              116.3070302,
              39.9927858
            ],
            [
              116.3063408,
              39.9927752
            ]
          ]
        ]
      },
      "properties": {
        "kind": "osm",
        "layer": "buildings",
        "osm_type": "way",
        "osm_id": 1075644760,
        "name": "",
        "source": "OpenStreetMap via Overpass API",
        "geometry_type": "Polygon",
        "building": "college"
      }
    },
    {
      "type": "Feature",
      "geometry": {
        "type": "Polygon",
        "coordinates": [
          [
            [
              116.3061561,
              39.9930867
            ],
            [
              116.3061268,
              39.9931796
            ],
            [
              116.3062261,
              39.993198
            ],
            [
              116.3062344,
              39.9931718
            ],
            [
              116.3065261,
              39.9932258
            ],
            [
              116.3065471,
              39.9931591
            ],
            [
              116.3061561,
              39.9930867
            ]
          ]
        ]
      },
      "properties": {
        "kind": "osm",
        "layer": "buildings",
        "osm_type": "way",
        "osm_id": 1075644761,
        "name": "",
        "source": "OpenStreetMap via Overpass API",
        "geometry_type": "Polygon",
        "building": "bungalow"
      }
    },
    {
      "type": "Feature",
      "geometry": {
        "type": "Polygon",
        "coordinates": [
          [
            [
              116.3004444,
              39.9907704
            ],
            [
              116.3004819,
              39.990771
            ],
            [
              116.3005283,
              39.9907724
            ],
            [
              116.3006059,
              39.9907737
            ],
            [
              116.3006169,
              39.9904014
            ],
            [
              116.3005572,
              39.9904004
            ],
            [
              116.3004963,
              39.9903961
            ],
            [
              116.3004556,
              39.9903954
            ],
            [
              116.3004444,
              39.9907704
            ]
          ]
        ]
      },
      "properties": {
        "kind": "osm",
        "layer": "buildings",
        "osm_type": "way",
        "osm_id": 1086578214,
        "name": "",
        "source": "OpenStreetMap via Overpass API",
        "geometry_type": "Polygon",
        "building": "yes"
      }
    },
    {
      "type": "Feature",
      "geometry": {
        "type": "Polygon",
        "coordinates": [
          [
            [
              116.3005329,
              39.9909779
            ],
            [
              116.300534,
              39.990943
            ],
            [
              116.3005376,
              39.9908127
            ],
            [
              116.3009404,
              39.9908198
            ],
            [
              116.3009355,
              39.990985
            ],
            [
              116.3005329,
              39.9909779
            ]
          ]
        ]
      },
      "properties": {
        "kind": "osm",
        "layer": "buildings",
        "osm_type": "way",
        "osm_id": 1086578215,
        "name": "",
        "source": "OpenStreetMap via Overpass API",
        "geometry_type": "Polygon",
        "building": "yes"
      }
    },
    {
      "type": "Feature",
      "geometry": {
        "type": "Polygon",
        "coordinates": [
          [
            [
              116.3005534,
              39.9899124
            ],
            [
              116.3005527,
              39.9899372
            ],
            [
              116.300542,
              39.9903337
            ],
            [
              116.3005591,
              39.9903334
            ],
            [
              116.3009449,
              39.9903401
            ],
            [
              116.3009455,
              39.9903201
            ],
            [
              116.3009803,
              39.9903207
            ],
            [
              116.3009919,
              39.9899199
            ],
            [
              116.3005534,
              39.9899124
            ]
          ]
        ]
      },
      "properties": {
        "kind": "osm",
        "layer": "buildings",
        "osm_type": "way",
        "osm_id": 1086578216,
        "name": "",
        "source": "OpenStreetMap via Overpass API",
        "geometry_type": "Polygon",
        "building": "yes"
      }
    },
    {
      "type": "Feature",
      "geometry": {
        "type": "Polygon",
        "coordinates": [
          [
            [
              116.301063,
              39.9890211
            ],
            [
              116.3010554,
              39.9891221
            ],
            [
              116.3012393,
              39.9891285
            ],
            [
              116.3012682,
              39.9886385
            ],
            [
              116.3005821,
              39.9886148
            ],
            [
              116.3005711,
              39.9888026
            ],
            [
              116.3007101,
              39.9888087
            ],
            [
              116.301073,
              39.9888192
            ],
            [
              116.301063,
              39.9890211
            ]
          ]
        ]
      },
      "properties": {
        "kind": "osm",
        "layer": "buildings",
        "osm_type": "way",
        "osm_id": 1086578217,
        "name": "",
        "source": "OpenStreetMap via Overpass API",
        "geometry_type": "Polygon",
        "building": "yes"
      }
    },
    {
      "type": "Feature",
      "geometry": {
        "type": "Polygon",
        "coordinates": [
          [
            [
              116.3002466,
              39.9934834
            ],
            [
              116.3003001,
              39.9934841
            ],
            [
              116.3005256,
              39.9934866
            ],
            [
              116.3005826,
              39.9934873
            ],
            [
              116.3005896,
              39.9931498
            ],
            [
              116.3005314,
              39.9931491
            ],
            [
              116.3003072,
              39.9931464
            ],
            [
              116.3002537,
              39.9931457
            ],
            [
              116.3002466,
              39.9934834
            ]
          ]
        ]
      },
      "properties": {
        "kind": "osm",
        "layer": "buildings",
        "osm_type": "way",
        "osm_id": 1086578218,
        "name": "",
        "source": "OpenStreetMap via Overpass API",
        "geometry_type": "Polygon",
        "building": "yes"
      }
    },
    {
      "type": "Feature",
      "geometry": {
        "type": "Polygon",
        "coordinates": [
          [
            [
              116.3045555,
              39.9923881
            ],
            [
              116.3045665,
              39.9922041
            ],
            [
              116.3047262,
              39.9922098
            ],
            [
              116.3047152,
              39.9923938
            ],
            [
              116.3045555,
              39.9923881
            ]
          ]
        ]
      },
      "properties": {
        "kind": "osm",
        "layer": "buildings",
        "osm_type": "way",
        "osm_id": 1086578219,
        "name": "章桂堂",
        "source": "OpenStreetMap via Overpass API",
        "geometry_type": "Polygon",
        "building": "yes"
      }
    },
    {
      "type": "Feature",
      "geometry": {
        "type": "Polygon",
        "coordinates": [
          [
            [
              116.3048382,
              39.9922881
            ],
            [
              116.30492,
              39.9922897
            ],
            [
              116.3051263,
              39.9922935
            ],
            [
              116.305223,
              39.9922953
            ],
            [
              116.3052251,
              39.9922311
            ],
            [
              116.3051286,
              39.9922292
            ],
            [
              116.3049223,
              39.9922254
            ],
            [
              116.3048403,
              39.9922238
            ],
            [
              116.3048382,
              39.9922881
            ]
          ]
        ]
      },
      "properties": {
        "kind": "osm",
        "layer": "buildings",
        "osm_type": "way",
        "osm_id": 1086578220,
        "name": "",
        "source": "OpenStreetMap via Overpass API",
        "geometry_type": "Polygon",
        "building": "yes"
      }
    },
    {
      "type": "Feature",
      "geometry": {
        "type": "Polygon",
        "coordinates": [
          [
            [
              116.30492,
              39.9922897
            ],
            [
              116.3049223,
              39.9922254
            ],
            [
              116.3051286,
              39.9922292
            ],
            [
              116.3051263,
              39.9922935
            ],
            [
              116.30492,
              39.9922897
            ]
          ]
        ]
      },
      "properties": {
        "kind": "osm",
        "layer": "buildings",
        "osm_type": "way",
        "osm_id": 1086578221,
        "name": "亨利楼",
        "source": "OpenStreetMap via Overpass API",
        "geometry_type": "Polygon",
        "building": "yes"
      }
    },
    {
      "type": "Feature",
      "geometry": {
        "type": "Polygon",
        "coordinates": [
          [
            [
              116.3052419,
              39.9885799
            ],
            [
              116.3052459,
              39.9885419
            ],
            [
              116.3052955,
              39.988544
            ],
            [
              116.3052915,
              39.988582
            ],
            [
              116.3052419,
              39.9885799
            ]
          ]
        ]
      },
      "properties": {
        "kind": "osm",
        "layer": "buildings",
        "osm_type": "way",
        "osm_id": 1091239428,
        "name": "",
        "source": "OpenStreetMap via Overpass API",
        "geometry_type": "Polygon",
        "building": "yes"
      }
    },
    {
      "type": "Feature",
      "geometry": {
        "type": "Polygon",
        "coordinates": [
          [
            [
              116.3083961,
              39.986916
            ],
            [
              116.3083814,
              39.9872828
            ],
            [
              116.3086624,
              39.987286
            ],
            [
              116.3086847,
              39.9869223
            ],
            [
              116.3083961,
              39.986916
            ]
          ]
        ]
      },
      "properties": {
        "kind": "osm",
        "layer": "buildings",
        "osm_type": "way",
        "osm_id": 1092504034,
        "name": "",
        "source": "OpenStreetMap via Overpass API",
        "geometry_type": "Polygon",
        "building": "yes"
      }
    },
    {
      "type": "Feature",
      "geometry": {
        "type": "Polygon",
        "coordinates": [
          [
            [
              116.3082036,
              39.9966561
            ],
            [
              116.3082934,
              39.9966604
            ],
            [
              116.3084314,
              39.9966671
            ],
            [
              116.3085219,
              39.9966715
            ],
            [
              116.3085787,
              39.9959853
            ],
            [
              116.3084906,
              39.995981
            ],
            [
              116.3083699,
              39.9959751
            ],
            [
              116.3082602,
              39.9959698
            ],
            [
              116.3082036,
              39.9966561
            ]
          ]
        ]
      },
      "properties": {
        "kind": "osm",
        "layer": "buildings",
        "osm_type": "way",
        "osm_id": 1118943554,
        "name": "北大科技园",
        "source": "OpenStreetMap via Overpass API",
        "geometry_type": "Polygon",
        "building": "yes"
      }
    },
    {
      "type": "Feature",
      "geometry": {
        "type": "Polygon",
        "coordinates": [
          [
            [
              116.3136252,
              39.9932522
            ],
            [
              116.314188,
              39.9933076
            ],
            [
              116.3141973,
              39.99322
            ],
            [
              116.3136229,
              39.9931556
            ],
            [
              116.3136229,
              39.9931985
            ],
            [
              116.3136252,
              39.9932522
            ]
          ]
        ]
      },
      "properties": {
        "kind": "osm",
        "layer": "buildings",
        "osm_type": "way",
        "osm_id": 1141829517,
        "name": "",
        "source": "OpenStreetMap via Overpass API",
        "geometry_type": "Polygon",
        "building": "school"
      }
    },
    {
      "type": "Feature",
      "geometry": {
        "type": "Polygon",
        "coordinates": [
          [
            [
              116.3128958,
              39.9939489
            ],
            [
              116.31291,
              39.9937258
            ],
            [
              116.3118127,
              39.993685
            ],
            [
              116.3118059,
              39.9937921
            ],
            [
              116.3123108,
              39.9938108
            ],
            [
              116.3122947,
              39.9940641
            ],
            [
              116.3125527,
              39.9940737
            ],
            [
              116.3125705,
              39.9937929
            ],
            [
              116.3127511,
              39.9937997
            ],
            [
              116.3127419,
              39.9939432
            ],
            [
              116.3128958,
              39.9939489
            ]
          ]
        ]
      },
      "properties": {
        "kind": "osm",
        "layer": "buildings",
        "osm_type": "way",
        "osm_id": 1141829520,
        "name": "",
        "source": "OpenStreetMap via Overpass API",
        "geometry_type": "Polygon",
        "building": "school"
      }
    },
    {
      "type": "Feature",
      "geometry": {
        "type": "Polygon",
        "coordinates": [
          [
            [
              116.3094398,
              39.9897971
            ],
            [
              116.3094429,
              39.9897242
            ],
            [
              116.3095123,
              39.989726
            ],
            [
              116.3095092,
              39.9897988
            ],
            [
              116.3094398,
              39.9897971
            ]
          ]
        ]
      },
      "properties": {
        "kind": "osm",
        "layer": "buildings",
        "osm_type": "way",
        "osm_id": 1175104556,
        "name": "",
        "source": "OpenStreetMap via Overpass API",
        "geometry_type": "Polygon",
        "building": "yes"
      }
    },
    {
      "type": "Feature",
      "geometry": {
        "type": "Polygon",
        "coordinates": [
          [
            [
              116.3094047,
              39.9901127
            ],
            [
              116.3094078,
              39.9900399
            ],
            [
              116.3094773,
              39.9900416
            ],
            [
              116.3094742,
              39.9901145
            ],
            [
              116.3094047,
              39.9901127
            ]
          ]
        ]
      },
      "properties": {
        "kind": "osm",
        "layer": "buildings",
        "osm_type": "way",
        "osm_id": 1175104557,
        "name": "",
        "source": "OpenStreetMap via Overpass API",
        "geometry_type": "Polygon",
        "building": "yes"
      }
    },
    {
      "type": "Feature",
      "geometry": {
        "type": "Polygon",
        "coordinates": [
          [
            [
              116.3135353,
              39.9969434
            ],
            [
              116.3136695,
              39.9969523
            ],
            [
              116.3137177,
              39.9965263
            ],
            [
              116.3135834,
              39.9965174
            ],
            [
              116.3135353,
              39.9969434
            ]
          ]
        ]
      },
      "properties": {
        "kind": "osm",
        "layer": "buildings",
        "osm_type": "way",
        "osm_id": 1178227010,
        "name": "",
        "source": "OpenStreetMap via Overpass API",
        "geometry_type": "Polygon",
        "building": "yes"
      }
    },
    {
      "type": "Feature",
      "geometry": {
        "type": "Polygon",
        "coordinates": [
          [
            [
              116.3133502,
              39.9969003
            ],
            [
              116.3135056,
              39.9969106
            ],
            [
              116.3135272,
              39.9967194
            ],
            [
              116.3133718,
              39.9967091
            ],
            [
              116.3133502,
              39.9969003
            ]
          ]
        ]
      },
      "properties": {
        "kind": "osm",
        "layer": "buildings",
        "osm_type": "way",
        "osm_id": 1178227011,
        "name": "",
        "source": "OpenStreetMap via Overpass API",
        "geometry_type": "Polygon",
        "building": "yes"
      }
    },
    {
      "type": "Feature",
      "geometry": {
        "type": "Polygon",
        "coordinates": [
          [
            [
              116.3136486,
              39.9889755
            ],
            [
              116.3136602,
              39.9887473
            ],
            [
              116.3134976,
              39.9887436
            ],
            [
              116.3134884,
              39.9889727
            ],
            [
              116.3136486,
              39.9889755
            ]
          ]
        ]
      },
      "properties": {
        "kind": "osm",
        "layer": "buildings",
        "osm_type": "way",
        "osm_id": 1206332685,
        "name": "中关新园超市",
        "source": "OpenStreetMap via Overpass API",
        "geometry_type": "Polygon",
        "building": "yes"
      }
    },
    {
      "type": "Feature",
      "geometry": {
        "type": "Polygon",
        "coordinates": [
          [
            [
              116.3159695,
              39.9940746
            ],
            [
              116.3159711,
              39.9940239
            ],
            [
              116.3160355,
              39.994025
            ],
            [
              116.3160339,
              39.9940758
            ],
            [
              116.3159695,
              39.9940746
            ]
          ]
        ]
      },
      "properties": {
        "kind": "osm",
        "layer": "buildings",
        "osm_type": "way",
        "osm_id": 1341538889,
        "name": "鸣鼓亭",
        "source": "OpenStreetMap via Overpass API",
        "geometry_type": "Polygon",
        "building": "yes",
        "amenity": "shelter"
      }
    },
    {
      "type": "Feature",
      "geometry": {
        "type": "Polygon",
        "coordinates": [
          [
            [
              116.3157711,
              39.9941442
            ],
            [
              116.3158914,
              39.9941485
            ],
            [
              116.315902,
              39.9940406
            ],
            [
              116.3157803,
              39.9940346
            ],
            [
              116.3157711,
              39.9941442
            ]
          ]
        ]
      },
      "properties": {
        "kind": "osm",
        "layer": "buildings",
        "osm_type": "way",
        "osm_id": 1344805316,
        "name": "金帆民乐队排练室",
        "source": "OpenStreetMap via Overpass API",
        "geometry_type": "Polygon",
        "building": "yes",
        "amenity": "music_school"
      }
    },
    {
      "type": "Feature",
      "geometry": {
        "type": "Polygon",
        "coordinates": [
          [
            [
              116.3162644,
              39.9943887
            ],
            [
              116.3162685,
              39.9943268
            ],
            [
              116.3164939,
              39.9943355
            ],
            [
              116.3164898,
              39.9943974
            ],
            [
              116.3162644,
              39.9943887
            ]
          ]
        ]
      },
      "properties": {
        "kind": "osm",
        "layer": "buildings",
        "osm_type": "way",
        "osm_id": 1344805317,
        "name": "体育器材室",
        "source": "OpenStreetMap via Overpass API",
        "geometry_type": "Polygon",
        "building": "warehouse"
      }
    },
    {
      "type": "Feature",
      "geometry": {
        "type": "Polygon",
        "coordinates": [
          [
            [
              116.3163103,
              39.9940637
            ],
            [
              116.3162386,
              39.9940578
            ],
            [
              116.3162237,
              39.9940442
            ],
            [
              116.3162386,
              39.9939775
            ],
            [
              116.3161367,
              39.9939683
            ],
            [
              116.3161528,
              39.9938836
            ],
            [
              116.3161968,
              39.993887
            ],
            [
              116.316182,
              39.9939368
            ],
            [
              116.3162747,
              39.9939417
            ],
            [
              116.3162718,
              39.9939976
            ],
            [
              116.3163165,
              39.9940235
            ],
            [
              116.3163103,
              39.9940637
            ]
          ]
        ]
      },
      "properties": {
        "kind": "osm",
        "layer": "buildings",
        "osm_type": "way",
        "osm_id": 1344805319,
        "name": "七叶树大道",
        "source": "OpenStreetMap via Overpass API",
        "geometry_type": "Polygon",
        "building": "yes"
      }
    },
    {
      "type": "Feature",
      "geometry": {
        "type": "Polygon",
        "coordinates": [
          [
            [
              116.3155922,
              39.9894244
            ],
            [
              116.315631,
              39.9890805
            ],
            [
              116.3158845,
              39.9890973
            ],
            [
              116.3158738,
              39.9891924
            ],
            [
              116.3157009,
              39.9891809
            ],
            [
              116.3156834,
              39.989335
            ],
            [
              116.3158561,
              39.9893465
            ],
            [
              116.3158454,
              39.9894412
            ],
            [
              116.3155922,
              39.9894244
            ]
          ]
        ]
      },
      "properties": {
        "kind": "osm",
        "layer": "buildings",
        "osm_type": "way",
        "osm_id": 1348018210,
        "name": "",
        "source": "OpenStreetMap via Overpass API",
        "geometry_type": "Polygon",
        "building": "yes"
      }
    },
    {
      "type": "Feature",
      "geometry": {
        "type": "Polygon",
        "coordinates": [
          [
            [
              116.3163388,
              39.9895591
            ],
            [
              116.3163607,
              39.9893898
            ],
            [
              116.3171134,
              39.9894468
            ],
            [
              116.3170916,
              39.989616
            ],
            [
              116.3163388,
              39.9895591
            ]
          ]
        ]
      },
      "properties": {
        "kind": "osm",
        "layer": "buildings",
        "osm_type": "way",
        "osm_id": 1348018211,
        "name": "",
        "source": "OpenStreetMap via Overpass API",
        "geometry_type": "Polygon",
        "building": "yes"
      }
    },
    {
      "type": "Feature",
      "geometry": {
        "type": "Polygon",
        "coordinates": [
          [
            [
              116.316013,
              39.9882924
            ],
            [
              116.3160239,
              39.9882249
            ],
            [
              116.3157296,
              39.988195
            ],
            [
              116.3157499,
              39.9880349
            ],
            [
              116.3173437,
              39.9881552
            ],
            [
              116.3173105,
              39.9883117
            ],
            [
              116.3169224,
              39.9882847
            ],
            [
              116.3169127,
              39.9883533
            ],
            [
              116.316013,
              39.9882924
            ]
          ]
        ]
      },
      "properties": {
        "kind": "osm",
        "layer": "buildings",
        "osm_type": "way",
        "osm_id": 1348018213,
        "name": "",
        "source": "OpenStreetMap via Overpass API",
        "geometry_type": "Polygon",
        "building": "yes"
      }
    },
    {
      "type": "Feature",
      "geometry": {
        "type": "Polygon",
        "coordinates": [
          [
            [
              116.315031,
              39.9872129
            ],
            [
              116.3151133,
              39.9866247
            ],
            [
              116.3155247,
              39.9866585
            ],
            [
              116.3154426,
              39.9872467
            ],
            [
              116.315031,
              39.9872129
            ]
          ]
        ]
      },
      "properties": {
        "kind": "osm",
        "layer": "buildings",
        "osm_type": "way",
        "osm_id": 1367642483,
        "name": "",
        "source": "OpenStreetMap via Overpass API",
        "geometry_type": "Polygon",
        "building": "office"
      }
    },
    {
      "type": "Feature",
      "geometry": {
        "type": "Polygon",
        "coordinates": [
          [
            [
              116.3160063,
              39.9969056
            ],
            [
              116.3160211,
              39.9968125
            ],
            [
              116.3161648,
              39.996826
            ],
            [
              116.31615,
              39.9969191
            ],
            [
              116.3160063,
              39.9969056
            ]
          ]
        ]
      },
      "properties": {
        "kind": "osm",
        "layer": "buildings",
        "osm_type": "way",
        "osm_id": 1377419079,
        "name": "",
        "source": "OpenStreetMap via Overpass API",
        "geometry_type": "Polygon",
        "building": "residential"
      }
    },
    {
      "type": "Feature",
      "geometry": {
        "type": "Polygon",
        "coordinates": [
          [
            [
              116.3162355,
              39.9969191
            ],
            [
              116.3162503,
              39.996826
            ],
            [
              116.316394,
              39.9968395
            ],
            [
              116.3163792,
              39.9969326
            ],
            [
              116.3162355,
              39.9969191
            ]
          ]
        ]
      },
      "properties": {
        "kind": "osm",
        "layer": "buildings",
        "osm_type": "way",
        "osm_id": 1377419080,
        "name": "",
        "source": "OpenStreetMap via Overpass API",
        "geometry_type": "Polygon",
        "building": "residential"
      }
    },
    {
      "type": "Feature",
      "geometry": {
        "type": "Polygon",
        "coordinates": [
          [
            [
              116.316083,
              39.9963916
            ],
            [
              116.3160979,
              39.9962985
            ],
            [
              116.3162416,
              39.996312
            ],
            [
              116.3162268,
              39.9964051
            ],
            [
              116.316083,
              39.9963916
            ]
          ]
        ]
      },
      "properties": {
        "kind": "osm",
        "layer": "buildings",
        "osm_type": "way",
        "osm_id": 1377419081,
        "name": "",
        "source": "OpenStreetMap via Overpass API",
        "geometry_type": "Polygon",
        "building": "residential"
      }
    },
    {
      "type": "Feature",
      "geometry": {
        "type": "Polygon",
        "coordinates": [
          [
            [
              116.3163529,
              39.9964131
            ],
            [
              116.3163677,
              39.99632
            ],
            [
              116.3165114,
              39.9963335
            ],
            [
              116.3164966,
              39.9964266
            ],
            [
              116.3163529,
              39.9964131
            ]
          ]
        ]
      },
      "properties": {
        "kind": "osm",
        "layer": "buildings",
        "osm_type": "way",
        "osm_id": 1377419082,
        "name": "",
        "source": "OpenStreetMap via Overpass API",
        "geometry_type": "Polygon",
        "building": "residential"
      }
    },
    {
      "type": "Feature",
      "geometry": {
        "type": "Polygon",
        "coordinates": [
          [
            [
              116.316048,
              39.9966346
            ],
            [
              116.3160628,
              39.9965415
            ],
            [
              116.3162066,
              39.9965549
            ],
            [
              116.3161917,
              39.996648
            ],
            [
              116.316048,
              39.9966346
            ]
          ]
        ]
      },
      "properties": {
        "kind": "osm",
        "layer": "buildings",
        "osm_type": "way",
        "osm_id": 1377419085,
        "name": "",
        "source": "OpenStreetMap via Overpass API",
        "geometry_type": "Polygon",
        "building": "residential"
      }
    },
    {
      "type": "Feature",
      "geometry": {
        "type": "Polygon",
        "coordinates": [
          [
            [
              116.3163108,
              39.9966641
            ],
            [
              116.3163257,
              39.996571
            ],
            [
              116.3164694,
              39.9965844
            ],
            [
              116.3164545,
              39.9966776
            ],
            [
              116.3163108,
              39.9966641
            ]
          ]
        ]
      },
      "properties": {
        "kind": "osm",
        "layer": "buildings",
        "osm_type": "way",
        "osm_id": 1377419086,
        "name": "",
        "source": "OpenStreetMap via Overpass API",
        "geometry_type": "Polygon",
        "building": "residential"
      }
    },
    {
      "type": "Feature",
      "geometry": {
        "type": "Polygon",
        "coordinates": [
          [
            [
              116.3160419,
              39.9961318
            ],
            [
              116.3167414,
              39.9961643
            ],
            [
              116.3167936,
              39.9955061
            ],
            [
              116.316094,
              39.9954736
            ],
            [
              116.3160419,
              39.9961318
            ]
          ]
        ]
      },
      "properties": {
        "kind": "osm",
        "layer": "buildings",
        "osm_type": "way",
        "osm_id": 1377428496,
        "name": "",
        "source": "OpenStreetMap via Overpass API",
        "geometry_type": "Polygon",
        "building": "yes",
        "amenity": "shelter"
      }
    },
    {
      "type": "Feature",
      "geometry": {
        "type": "Polygon",
        "coordinates": [
          [
            [
              116.315815,
              39.987448
            ],
            [
              116.3158317,
              39.9873078
            ],
            [
              116.3165808,
              39.98736
            ],
            [
              116.3165641,
              39.9875004
            ],
            [
              116.315815,
              39.987448
            ]
          ]
        ]
      },
      "properties": {
        "kind": "osm",
        "layer": "buildings",
        "osm_type": "way",
        "osm_id": 1424946013,
        "name": "",
        "source": "OpenStreetMap via Overpass API",
        "geometry_type": "Polygon",
        "building": "yes"
      }
    },
    {
      "type": "Feature",
      "geometry": {
        "type": "Polygon",
        "coordinates": [
          [
            [
              116.3163894,
              39.9878651
            ],
            [
              116.3164331,
              39.9875323
            ],
            [
              116.3166701,
              39.9875506
            ],
            [
              116.3166263,
              39.9878834
            ],
            [
              116.3163894,
              39.9878651
            ]
          ]
        ]
      },
      "properties": {
        "kind": "osm",
        "layer": "buildings",
        "osm_type": "way",
        "osm_id": 1424946014,
        "name": "",
        "source": "OpenStreetMap via Overpass API",
        "geometry_type": "Polygon",
        "building": "yes"
      }
    },
    {
      "type": "Feature",
      "geometry": {
        "type": "Polygon",
        "coordinates": [
          [
            [
              116.3159238,
              39.9877514
            ],
            [
              116.3159311,
              39.9876821
            ],
            [
              116.3162718,
              39.9877032
            ],
            [
              116.3162803,
              39.9876222
            ],
            [
              116.3163606,
              39.9876272
            ],
            [
              116.3163369,
              39.9878529
            ],
            [
              116.3160254,
              39.9878337
            ],
            [
              116.3160333,
              39.9877582
            ],
            [
              116.3159238,
              39.9877514
            ]
          ]
        ]
      },
      "properties": {
        "kind": "osm",
        "layer": "buildings",
        "osm_type": "way",
        "osm_id": 1424946015,
        "name": "",
        "source": "OpenStreetMap via Overpass API",
        "geometry_type": "Polygon",
        "building": "yes"
      }
    },
    {
      "type": "Feature",
      "geometry": {
        "type": "Polygon",
        "coordinates": [
          [
            [
              116.3157674,
              39.9878248
            ],
            [
              116.3158751,
              39.9878333
            ],
            [
              116.3159182,
              39.987512
            ],
            [
              116.3158103,
              39.9875035
            ],
            [
              116.3157674,
              39.9878248
            ]
          ]
        ]
      },
      "properties": {
        "kind": "osm",
        "layer": "buildings",
        "osm_type": "way",
        "osm_id": 1424946016,
        "name": "",
        "source": "OpenStreetMap via Overpass API",
        "geometry_type": "Polygon",
        "building": "yes"
      }
    },
    {
      "type": "Feature",
      "geometry": {
        "type": "Polygon",
        "coordinates": [
          [
            [
              116.3155277,
              39.9903825
            ],
            [
              116.3158077,
              39.9903951
            ],
            [
              116.3158228,
              39.9901988
            ],
            [
              116.3155428,
              39.9901862
            ],
            [
              116.3155277,
              39.9903825
            ]
          ]
        ]
      },
      "properties": {
        "kind": "osm",
        "layer": "buildings",
        "osm_type": "way",
        "osm_id": 1433305660,
        "name": "",
        "source": "OpenStreetMap via Overpass API",
        "geometry_type": "Polygon",
        "building": "yes"
      }
    },
    {
      "type": "Feature",
      "geometry": {
        "type": "Polygon",
        "coordinates": [
          [
            [
              116.3158468,
              39.9903822
            ],
            [
              116.315855,
              39.9902553
            ],
            [
              116.3164586,
              39.9902781
            ],
            [
              116.3164504,
              39.9904051
            ],
            [
              116.3158468,
              39.9903822
            ]
          ]
        ]
      },
      "properties": {
        "kind": "osm",
        "layer": "buildings",
        "osm_type": "way",
        "osm_id": 1433305661,
        "name": "",
        "source": "OpenStreetMap via Overpass API",
        "geometry_type": "Polygon",
        "building": "yes"
      }
    },
    {
      "type": "Feature",
      "geometry": {
        "type": "Polygon",
        "coordinates": [
          [
            [
              116.3136227,
              39.9930786
            ],
            [
              116.313639,
              39.9927806
            ],
            [
              116.3142054,
              39.9927987
            ],
            [
              116.3141891,
              39.9930968
            ],
            [
              116.3136227,
              39.9930786
            ]
          ]
        ]
      },
      "properties": {
        "kind": "osm",
        "layer": "buildings",
        "osm_type": "way",
        "osm_id": 1433563361,
        "name": "",
        "source": "OpenStreetMap via Overpass API",
        "geometry_type": "Polygon",
        "building": "school"
      }
    },
    {
      "type": "Feature",
      "geometry": {
        "type": "Polygon",
        "coordinates": [
          [
            [
              116.3139122,
              39.9922622
            ],
            [
              116.3138221,
              39.9922603
            ],
            [
              116.3138144,
              39.9924137
            ],
            [
              116.313957,
              39.9924179
            ],
            [
              116.3139594,
              39.9923699
            ],
            [
              116.3139805,
              39.9923705
            ],
            [
              116.3139782,
              39.9924175
            ],
            [
              116.3142307,
              39.992425
            ],
            [
              116.3142351,
              39.9923375
            ],
            [
              116.3143466,
              39.9923408
            ],
            [
              116.3143555,
              39.9921637
            ],
            [
              116.3139129,
              39.9921506
            ],
            [
              116.3139122,
              39.9922622
            ]
          ]
        ]
      },
      "properties": {
        "kind": "osm",
        "layer": "buildings",
        "osm_type": "way",
        "osm_id": 1433563362,
        "name": "",
        "source": "OpenStreetMap via Overpass API",
        "geometry_type": "Polygon",
        "building": "yes"
      }
    },
    {
      "type": "Feature",
      "geometry": {
        "type": "Polygon",
        "coordinates": [
          [
            [
              116.3137961,
              39.9925229
            ],
            [
              116.3139051,
              39.9925269
            ],
            [
              116.3139017,
              39.9925809
            ],
            [
              116.3138189,
              39.9925779
            ],
            [
              116.3138153,
              39.9926352
            ],
            [
              116.3141273,
              39.9926466
            ],
            [
              116.3141308,
              39.992589
            ],
            [
              116.314086,
              39.9925874
            ],
            [
              116.3140891,
              39.9925381
            ],
            [
              116.3142035,
              39.9925423
            ],
            [
              116.3142078,
              39.9924727
            ],
            [
              116.3138001,
              39.9924578
            ],
            [
              116.3137961,
              39.9925229
            ]
          ]
        ]
      },
      "properties": {
        "kind": "osm",
        "layer": "buildings",
        "osm_type": "way",
        "osm_id": 1433563363,
        "name": "",
        "source": "OpenStreetMap via Overpass API",
        "geometry_type": "Polygon",
        "building": "yes"
      }
    },
    {
      "type": "Feature",
      "geometry": {
        "type": "Polygon",
        "coordinates": [
          [
            [
              116.3138961,
              39.9883071
            ],
            [
              116.313906,
              39.9881845
            ],
            [
              116.3141047,
              39.9881862
            ],
            [
              116.3141047,
              39.9882065
            ],
            [
              116.3145925,
              39.9882276
            ],
            [
              116.314587,
              39.9883477
            ],
            [
              116.3145506,
              39.9883469
            ],
            [
              116.3145704,
              39.9883798
            ],
            [
              116.3145771,
              39.9884094
            ],
            [
              116.3145561,
              39.9884373
            ],
            [
              116.3145186,
              39.9884466
            ],
            [
              116.3144921,
              39.9884466
            ],
            [
              116.3144601,
              39.9884323
            ],
            [
              116.3144402,
              39.9884103
            ],
            [
              116.3144225,
              39.9883874
            ],
            [
              116.3144126,
              39.9883697
            ],
            [
              116.3143938,
              39.9883316
            ],
            [
              116.3138961,
              39.9883071
            ]
          ]
        ]
      },
      "properties": {
        "kind": "osm",
        "layer": "buildings",
        "osm_type": "way",
        "osm_id": 1435202903,
        "name": "",
        "source": "OpenStreetMap via Overpass API",
        "geometry_type": "Polygon",
        "building": "yes"
      }
    },
    {
      "type": "Feature",
      "geometry": {
        "type": "Polygon",
        "coordinates": [
          [
            [
              116.3144302,
              39.9881469
            ],
            [
              116.3144587,
              39.9880393
            ],
            [
              116.3148813,
              39.9881048
            ],
            [
              116.3148529,
              39.9882124
            ],
            [
              116.3144302,
              39.9881469
            ]
          ]
        ]
      },
      "properties": {
        "kind": "osm",
        "layer": "buildings",
        "osm_type": "way",
        "osm_id": 1435202904,
        "name": "",
        "source": "OpenStreetMap via Overpass API",
        "geometry_type": "Polygon",
        "building": "yes"
      }
    },
    {
      "type": "Feature",
      "geometry": {
        "type": "Polygon",
        "coordinates": [
          [
            [
              116.3140006,
              39.9881152
            ],
            [
              116.3140098,
              39.9880257
            ],
            [
              116.3144166,
              39.9880503
            ],
            [
              116.3144073,
              39.9881398
            ],
            [
              116.3140006,
              39.9881152
            ]
          ]
        ]
      },
      "properties": {
        "kind": "osm",
        "layer": "buildings",
        "osm_type": "way",
        "osm_id": 1435202905,
        "name": "",
        "source": "OpenStreetMap via Overpass API",
        "geometry_type": "Polygon",
        "building": "yes"
      }
    }
  ]
}
